coverage_id,source_stage,source_artifact,row_name,field,status,reason,method
50.management.add_replica,P30_MANAGEMENT_MATRIX_50_REAL,artifacts/phases/P30_MANAGEMENT_MATRIX_50_REAL/management_operation_results.jsonl,add_replica,$.bytes_migrated,MISSING,Valkey command path did not expose migrated byte counts for this operation.,copied_from_source_missing_encoding
50.management.add_replica,P30_MANAGEMENT_MATRIX_50_REAL,artifacts/phases/P30_MANAGEMENT_MATRIX_50_REAL/management_operation_results.jsonl,add_replica,$.missing_fields[0],MISSING,add_replica timing is captured in runtime_timing_breakdown and cluster setup operations before matrix row emission.,copied_from_source_missing_encoding
50.management.add_replica,P30_MANAGEMENT_MATRIX_50_REAL,artifacts/phases/P30_MANAGEMENT_MATRIX_50_REAL/management_operation_results.jsonl,add_replica,command_ms,MISSING,add_replica timing is captured in runtime_timing_breakdown and cluster setup operations before matrix row emission.,copied_from_source_missing_encoding
50.management.cleanup_verify,P30_MANAGEMENT_MATRIX_50_REAL,artifacts/phases/P30_MANAGEMENT_MATRIX_50_REAL/cleanup_report.json,cleanup_verify,$.cleanup_actions[0],SKIPPED_WITH_REASON,Valkey process was already stopped before cleanup termination.,copied_from_source_missing_encoding
50.management.cleanup_verify,P30_MANAGEMENT_MATRIX_50_REAL,artifacts/phases/P30_MANAGEMENT_MATRIX_50_REAL/cleanup_report.json,cleanup_verify,$.cleanup_actions[10],SKIPPED_WITH_REASON,Valkey process was already stopped before cleanup termination.,copied_from_source_missing_encoding
50.management.cleanup_verify,P30_MANAGEMENT_MATRIX_50_REAL,artifacts/phases/P30_MANAGEMENT_MATRIX_50_REAL/cleanup_report.json,cleanup_verify,$.cleanup_actions[11],SKIPPED_WITH_REASON,Valkey process was already stopped before cleanup termination.,copied_from_source_missing_encoding
50.management.cleanup_verify,P30_MANAGEMENT_MATRIX_50_REAL,artifacts/phases/P30_MANAGEMENT_MATRIX_50_REAL/cleanup_report.json,cleanup_verify,$.cleanup_actions[12],SKIPPED_WITH_REASON,Valkey process was already stopped before cleanup termination.,copied_from_source_missing_encoding
50.management.cleanup_verify,P30_MANAGEMENT_MATRIX_50_REAL,artifacts/phases/P30_MANAGEMENT_MATRIX_50_REAL/cleanup_report.json,cleanup_verify,$.cleanup_actions[13],SKIPPED_WITH_REASON,Valkey process was already stopped before cleanup termination.,copied_from_source_missing_encoding
50.management.cleanup_verify,P30_MANAGEMENT_MATRIX_50_REAL,artifacts/phases/P30_MANAGEMENT_MATRIX_50_REAL/cleanup_report.json,cleanup_verify,$.cleanup_actions[14],SKIPPED_WITH_REASON,Valkey process was already stopped before cleanup termination.,copied_from_source_missing_encoding
50.management.cleanup_verify,P30_MANAGEMENT_MATRIX_50_REAL,artifacts/phases/P30_MANAGEMENT_MATRIX_50_REAL/cleanup_report.json,cleanup_verify,$.cleanup_actions[15],SKIPPED_WITH_REASON,Valkey process was already stopped before cleanup termination.,copied_from_source_missing_encoding
50.management.cleanup_verify,P30_MANAGEMENT_MATRIX_50_REAL,artifacts/phases/P30_MANAGEMENT_MATRIX_50_REAL/cleanup_report.json,cleanup_verify,$.cleanup_actions[16],SKIPPED_WITH_REASON,Valkey process was already stopped before cleanup termination.,copied_from_source_missing_encoding
50.management.cleanup_verify,P30_MANAGEMENT_MATRIX_50_REAL,artifacts/phases/P30_MANAGEMENT_MATRIX_50_REAL/cleanup_report.json,cleanup_verify,$.cleanup_actions[17],SKIPPED_WITH_REASON,Valkey process was already stopped before cleanup termination.,copied_from_source_missing_encoding
50.management.cleanup_verify,P30_MANAGEMENT_MATRIX_50_REAL,artifacts/phases/P30_MANAGEMENT_MATRIX_50_REAL/cleanup_report.json,cleanup_verify,$.cleanup_actions[18],SKIPPED_WITH_REASON,Valkey process was already stopped before cleanup termination.,copied_from_source_missing_encoding
50.management.cleanup_verify,P30_MANAGEMENT_MATRIX_50_REAL,artifacts/phases/P30_MANAGEMENT_MATRIX_50_REAL/cleanup_report.json,cleanup_verify,$.cleanup_actions[19],SKIPPED_WITH_REASON,Valkey process was already stopped before cleanup termination.,copied_from_source_missing_encoding
50.management.cleanup_verify,P30_MANAGEMENT_MATRIX_50_REAL,artifacts/phases/P30_MANAGEMENT_MATRIX_50_REAL/cleanup_report.json,cleanup_verify,$.cleanup_actions[1],SKIPPED_WITH_REASON,Valkey process was already stopped before cleanup termination.,copied_from_source_missing_encoding
50.management.cleanup_verify,P30_MANAGEMENT_MATRIX_50_REAL,artifacts/phases/P30_MANAGEMENT_MATRIX_50_REAL/cleanup_report.json,cleanup_verify,$.cleanup_actions[20],SKIPPED_WITH_REASON,Valkey process was already stopped before cleanup termination.,copied_from_source_missing_encoding
50.management.cleanup_verify,P30_MANAGEMENT_MATRIX_50_REAL,artifacts/phases/P30_MANAGEMENT_MATRIX_50_REAL/cleanup_report.json,cleanup_verify,$.cleanup_actions[21],SKIPPED_WITH_REASON,Valkey process was already stopped before cleanup termination.,copied_from_source_missing_encoding
50.management.cleanup_verify,P30_MANAGEMENT_MATRIX_50_REAL,artifacts/phases/P30_MANAGEMENT_MATRIX_50_REAL/cleanup_report.json,cleanup_verify,$.cleanup_actions[22],SKIPPED_WITH_REASON,Valkey process was already stopped before cleanup termination.,copied_from_source_missing_encoding
50.management.cleanup_verify,P30_MANAGEMENT_MATRIX_50_REAL,artifacts/phases/P30_MANAGEMENT_MATRIX_50_REAL/cleanup_report.json,cleanup_verify,$.cleanup_actions[23],SKIPPED_WITH_REASON,Valkey process was already stopped before cleanup termination.,copied_from_source_missing_encoding
50.management.cleanup_verify,P30_MANAGEMENT_MATRIX_50_REAL,artifacts/phases/P30_MANAGEMENT_MATRIX_50_REAL/cleanup_report.json,cleanup_verify,$.cleanup_actions[24],SKIPPED_WITH_REASON,Valkey process was already stopped before cleanup termination.,copied_from_source_missing_encoding
50.management.cleanup_verify,P30_MANAGEMENT_MATRIX_50_REAL,artifacts/phases/P30_MANAGEMENT_MATRIX_50_REAL/cleanup_report.json,cleanup_verify,$.cleanup_actions[25],SKIPPED_WITH_REASON,Valkey process was already stopped before cleanup termination.,copied_from_source_missing_encoding
50.management.cleanup_verify,P30_MANAGEMENT_MATRIX_50_REAL,artifacts/phases/P30_MANAGEMENT_MATRIX_50_REAL/cleanup_report.json,cleanup_verify,$.cleanup_actions[26],SKIPPED_WITH_REASON,Valkey process was already stopped before cleanup termination.,copied_from_source_missing_encoding
50.management.cleanup_verify,P30_MANAGEMENT_MATRIX_50_REAL,artifacts/phases/P30_MANAGEMENT_MATRIX_50_REAL/cleanup_report.json,cleanup_verify,$.cleanup_actions[27],SKIPPED_WITH_REASON,Valkey process was already stopped before cleanup termination.,copied_from_source_missing_encoding
50.management.cleanup_verify,P30_MANAGEMENT_MATRIX_50_REAL,artifacts/phases/P30_MANAGEMENT_MATRIX_50_REAL/cleanup_report.json,cleanup_verify,$.cleanup_actions[28],SKIPPED_WITH_REASON,Valkey process was already stopped before cleanup termination.,copied_from_source_missing_encoding
50.management.cleanup_verify,P30_MANAGEMENT_MATRIX_50_REAL,artifacts/phases/P30_MANAGEMENT_MATRIX_50_REAL/cleanup_report.json,cleanup_verify,$.cleanup_actions[29],SKIPPED_WITH_REASON,Valkey process was already stopped before cleanup termination.,copied_from_source_missing_encoding
50.management.cleanup_verify,P30_MANAGEMENT_MATRIX_50_REAL,artifacts/phases/P30_MANAGEMENT_MATRIX_50_REAL/cleanup_report.json,cleanup_verify,$.cleanup_actions[2],SKIPPED_WITH_REASON,Valkey process was already stopped before cleanup termination.,copied_from_source_missing_encoding
50.management.cleanup_verify,P30_MANAGEMENT_MATRIX_50_REAL,artifacts/phases/P30_MANAGEMENT_MATRIX_50_REAL/cleanup_report.json,cleanup_verify,$.cleanup_actions[30],SKIPPED_WITH_REASON,Valkey process was already stopped before cleanup termination.,copied_from_source_missing_encoding
50.management.cleanup_verify,P30_MANAGEMENT_MATRIX_50_REAL,artifacts/phases/P30_MANAGEMENT_MATRIX_50_REAL/cleanup_report.json,cleanup_verify,$.cleanup_actions[31],SKIPPED_WITH_REASON,Valkey process was already stopped before cleanup termination.,copied_from_source_missing_encoding
50.management.cleanup_verify,P30_MANAGEMENT_MATRIX_50_REAL,artifacts/phases/P30_MANAGEMENT_MATRIX_50_REAL/cleanup_report.json,cleanup_verify,$.cleanup_actions[32],SKIPPED_WITH_REASON,Valkey process was already stopped before cleanup termination.,copied_from_source_missing_encoding
50.management.cleanup_verify,P30_MANAGEMENT_MATRIX_50_REAL,artifacts/phases/P30_MANAGEMENT_MATRIX_50_REAL/cleanup_report.json,cleanup_verify,$.cleanup_actions[33],SKIPPED_WITH_REASON,Valkey process was already stopped before cleanup termination.,copied_from_source_missing_encoding
50.management.cleanup_verify,P30_MANAGEMENT_MATRIX_50_REAL,artifacts/phases/P30_MANAGEMENT_MATRIX_50_REAL/cleanup_report.json,cleanup_verify,$.cleanup_actions[34],SKIPPED_WITH_REASON,Valkey process was already stopped before cleanup termination.,copied_from_source_missing_encoding
50.management.cleanup_verify,P30_MANAGEMENT_MATRIX_50_REAL,artifacts/phases/P30_MANAGEMENT_MATRIX_50_REAL/cleanup_report.json,cleanup_verify,$.cleanup_actions[35],SKIPPED_WITH_REASON,Valkey process was already stopped before cleanup termination.,copied_from_source_missing_encoding
50.management.cleanup_verify,P30_MANAGEMENT_MATRIX_50_REAL,artifacts/phases/P30_MANAGEMENT_MATRIX_50_REAL/cleanup_report.json,cleanup_verify,$.cleanup_actions[36],SKIPPED_WITH_REASON,Valkey process was already stopped before cleanup termination.,copied_from_source_missing_encoding
50.management.cleanup_verify,P30_MANAGEMENT_MATRIX_50_REAL,artifacts/phases/P30_MANAGEMENT_MATRIX_50_REAL/cleanup_report.json,cleanup_verify,$.cleanup_actions[37],SKIPPED_WITH_REASON,Valkey process was already stopped before cleanup termination.,copied_from_source_missing_encoding
50.management.cleanup_verify,P30_MANAGEMENT_MATRIX_50_REAL,artifacts/phases/P30_MANAGEMENT_MATRIX_50_REAL/cleanup_report.json,cleanup_verify,$.cleanup_actions[38],SKIPPED_WITH_REASON,Valkey process was already stopped before cleanup termination.,copied_from_source_missing_encoding
50.management.cleanup_verify,P30_MANAGEMENT_MATRIX_50_REAL,artifacts/phases/P30_MANAGEMENT_MATRIX_50_REAL/cleanup_report.json,cleanup_verify,$.cleanup_actions[39],SKIPPED_WITH_REASON,Valkey process was already stopped before cleanup termination.,copied_from_source_missing_encoding
50.management.cleanup_verify,P30_MANAGEMENT_MATRIX_50_REAL,artifacts/phases/P30_MANAGEMENT_MATRIX_50_REAL/cleanup_report.json,cleanup_verify,$.cleanup_actions[3],SKIPPED_WITH_REASON,Valkey process was already stopped before cleanup termination.,copied_from_source_missing_encoding
50.management.cleanup_verify,P30_MANAGEMENT_MATRIX_50_REAL,artifacts/phases/P30_MANAGEMENT_MATRIX_50_REAL/cleanup_report.json,cleanup_verify,$.cleanup_actions[40],SKIPPED_WITH_REASON,Valkey process was already stopped before cleanup termination.,copied_from_source_missing_encoding
50.management.cleanup_verify,P30_MANAGEMENT_MATRIX_50_REAL,artifacts/phases/P30_MANAGEMENT_MATRIX_50_REAL/cleanup_report.json,cleanup_verify,$.cleanup_actions[41],SKIPPED_WITH_REASON,Valkey process was already stopped before cleanup termination.,copied_from_source_missing_encoding
50.management.cleanup_verify,P30_MANAGEMENT_MATRIX_50_REAL,artifacts/phases/P30_MANAGEMENT_MATRIX_50_REAL/cleanup_report.json,cleanup_verify,$.cleanup_actions[42],SKIPPED_WITH_REASON,Valkey process was already stopped before cleanup termination.,copied_from_source_missing_encoding
50.management.cleanup_verify,P30_MANAGEMENT_MATRIX_50_REAL,artifacts/phases/P30_MANAGEMENT_MATRIX_50_REAL/cleanup_report.json,cleanup_verify,$.cleanup_actions[43],SKIPPED_WITH_REASON,Valkey process was already stopped before cleanup termination.,copied_from_source_missing_encoding
50.management.cleanup_verify,P30_MANAGEMENT_MATRIX_50_REAL,artifacts/phases/P30_MANAGEMENT_MATRIX_50_REAL/cleanup_report.json,cleanup_verify,$.cleanup_actions[44],SKIPPED_WITH_REASON,Valkey process was already stopped before cleanup termination.,copied_from_source_missing_encoding
50.management.cleanup_verify,P30_MANAGEMENT_MATRIX_50_REAL,artifacts/phases/P30_MANAGEMENT_MATRIX_50_REAL/cleanup_report.json,cleanup_verify,$.cleanup_actions[45],SKIPPED_WITH_REASON,Valkey process was already stopped before cleanup termination.,copied_from_source_missing_encoding
50.management.cleanup_verify,P30_MANAGEMENT_MATRIX_50_REAL,artifacts/phases/P30_MANAGEMENT_MATRIX_50_REAL/cleanup_report.json,cleanup_verify,$.cleanup_actions[46],SKIPPED_WITH_REASON,Valkey process was already stopped before cleanup termination.,copied_from_source_missing_encoding
50.management.cleanup_verify,P30_MANAGEMENT_MATRIX_50_REAL,artifacts/phases/P30_MANAGEMENT_MATRIX_50_REAL/cleanup_report.json,cleanup_verify,$.cleanup_actions[47],SKIPPED_WITH_REASON,Valkey process was already stopped before cleanup termination.,copied_from_source_missing_encoding
50.management.cleanup_verify,P30_MANAGEMENT_MATRIX_50_REAL,artifacts/phases/P30_MANAGEMENT_MATRIX_50_REAL/cleanup_report.json,cleanup_verify,$.cleanup_actions[48],SKIPPED_WITH_REASON,Valkey process was already stopped before cleanup termination.,copied_from_source_missing_encoding
50.management.cleanup_verify,P30_MANAGEMENT_MATRIX_50_REAL,artifacts/phases/P30_MANAGEMENT_MATRIX_50_REAL/cleanup_report.json,cleanup_verify,$.cleanup_actions[49],SKIPPED_WITH_REASON,Valkey process was already stopped before cleanup termination.,copied_from_source_missing_encoding
50.management.cleanup_verify,P30_MANAGEMENT_MATRIX_50_REAL,artifacts/phases/P30_MANAGEMENT_MATRIX_50_REAL/cleanup_report.json,cleanup_verify,$.cleanup_actions[4],SKIPPED_WITH_REASON,Valkey process was already stopped before cleanup termination.,copied_from_source_missing_encoding
50.management.cleanup_verify,P30_MANAGEMENT_MATRIX_50_REAL,artifacts/phases/P30_MANAGEMENT_MATRIX_50_REAL/cleanup_report.json,cleanup_verify,$.cleanup_actions[5],SKIPPED_WITH_REASON,Valkey process was already stopped before cleanup termination.,copied_from_source_missing_encoding
50.management.cleanup_verify,P30_MANAGEMENT_MATRIX_50_REAL,artifacts/phases/P30_MANAGEMENT_MATRIX_50_REAL/cleanup_report.json,cleanup_verify,$.cleanup_actions[6],SKIPPED_WITH_REASON,Valkey process was already stopped before cleanup termination.,copied_from_source_missing_encoding
50.management.cleanup_verify,P30_MANAGEMENT_MATRIX_50_REAL,artifacts/phases/P30_MANAGEMENT_MATRIX_50_REAL/cleanup_report.json,cleanup_verify,$.cleanup_actions[7],SKIPPED_WITH_REASON,Valkey process was already stopped before cleanup termination.,copied_from_source_missing_encoding
50.management.cleanup_verify,P30_MANAGEMENT_MATRIX_50_REAL,artifacts/phases/P30_MANAGEMENT_MATRIX_50_REAL/cleanup_report.json,cleanup_verify,$.cleanup_actions[8],SKIPPED_WITH_REASON,Valkey process was already stopped before cleanup termination.,copied_from_source_missing_encoding
50.management.cleanup_verify,P30_MANAGEMENT_MATRIX_50_REAL,artifacts/phases/P30_MANAGEMENT_MATRIX_50_REAL/cleanup_report.json,cleanup_verify,$.cleanup_actions[9],SKIPPED_WITH_REASON,Valkey process was already stopped before cleanup termination.,copied_from_source_missing_encoding
50.management.create_cluster,P30_MANAGEMENT_MATRIX_50_REAL,artifacts/phases/P30_MANAGEMENT_MATRIX_50_REAL/management_operation_results.jsonl,create_cluster,$.bytes_migrated,MISSING,Valkey command path did not expose migrated byte counts for this operation.,copied_from_source_missing_encoding
50.management.create_cluster,P30_MANAGEMENT_MATRIX_50_REAL,artifacts/phases/P30_MANAGEMENT_MATRIX_50_REAL/management_operation_results.jsonl,create_cluster,$.missing_fields[0],MISSING,create_cluster timing is captured in runtime_timing_breakdown and cluster setup operations before matrix row emission.,copied_from_source_missing_encoding
50.management.create_cluster,P30_MANAGEMENT_MATRIX_50_REAL,artifacts/phases/P30_MANAGEMENT_MATRIX_50_REAL/management_operation_results.jsonl,create_cluster,command_ms,MISSING,create_cluster timing is captured in runtime_timing_breakdown and cluster setup operations before matrix row emission.,copied_from_source_missing_encoding
50.management.meet_nodes,P30_MANAGEMENT_MATRIX_50_REAL,artifacts/phases/P30_MANAGEMENT_MATRIX_50_REAL/management_operation_results.jsonl,meet_nodes,$.bytes_migrated,MISSING,Valkey command path did not expose migrated byte counts for this operation.,copied_from_source_missing_encoding
50.management.meet_nodes,P30_MANAGEMENT_MATRIX_50_REAL,artifacts/phases/P30_MANAGEMENT_MATRIX_50_REAL/management_operation_results.jsonl,meet_nodes,$.missing_fields[0],MISSING,meet_nodes timing is captured in runtime_timing_breakdown and cluster setup operations before matrix row emission.,copied_from_source_missing_encoding
50.management.meet_nodes,P30_MANAGEMENT_MATRIX_50_REAL,artifacts/phases/P30_MANAGEMENT_MATRIX_50_REAL/management_operation_results.jsonl,meet_nodes,command_ms,MISSING,meet_nodes timing is captured in runtime_timing_breakdown and cluster setup operations before matrix row emission.,copied_from_source_missing_encoding
50.management.rebalance_after_imbalance,P30_MANAGEMENT_MATRIX_50_REAL,artifacts/phases/P30_MANAGEMENT_MATRIX_50_REAL/management_operation_results.jsonl,rebalance_after_imbalance,$.bytes_migrated,MISSING,Valkey command path did not expose migrated byte counts for this operation.,copied_from_source_missing_encoding
50.management.rebalance_after_imbalance,P30_MANAGEMENT_MATRIX_50_REAL,artifacts/phases/P30_MANAGEMENT_MATRIX_50_REAL/management_operation_results.jsonl,rebalance_after_imbalance,$.missing_fields[0],MISSING,Valkey MIGRATE byte count is not exposed by the command path.,copied_from_source_missing_encoding
50.management.rebalance_after_imbalance,P30_MANAGEMENT_MATRIX_50_REAL,artifacts/phases/P30_MANAGEMENT_MATRIX_50_REAL/management_operation_results.jsonl,rebalance_after_imbalance,bytes_migrated,MISSING,Valkey MIGRATE byte count is not exposed by the command path.,copied_from_source_missing_encoding
50.management.remove_failed_node,P30_MANAGEMENT_MATRIX_50_REAL,artifacts/phases/P30_MANAGEMENT_MATRIX_50_REAL/management_operation_results.jsonl,remove_failed_node,$.bytes_migrated,MISSING,Valkey command path did not expose migrated byte counts for this operation.,copied_from_source_missing_encoding
50.management.remove_primary_drained_or_safe_replaced,P30_MANAGEMENT_MATRIX_50_REAL,artifacts/phases/P30_MANAGEMENT_MATRIX_50_REAL/management_operation_results.jsonl,remove_primary_drained_or_safe_replaced,$.bytes_migrated,MISSING,Valkey command path did not expose migrated byte counts for this operation.,copied_from_source_missing_encoding
50.management.remove_replica,P30_MANAGEMENT_MATRIX_50_REAL,artifacts/phases/P30_MANAGEMENT_MATRIX_50_REAL/management_operation_results.jsonl,remove_replica,$.bytes_migrated,MISSING,Valkey command path did not expose migrated byte counts for this operation.,copied_from_source_missing_encoding
50.management.reshard_slot_range,P30_MANAGEMENT_MATRIX_50_REAL,artifacts/phases/P30_MANAGEMENT_MATRIX_50_REAL/management_operation_results.jsonl,reshard_slot_range,$.bytes_migrated,MISSING,Valkey command path did not expose migrated byte counts for this operation.,copied_from_source_missing_encoding
50.management.reshard_slot_range,P30_MANAGEMENT_MATRIX_50_REAL,artifacts/phases/P30_MANAGEMENT_MATRIX_50_REAL/management_operation_results.jsonl,reshard_slot_range,$.missing_fields[0],MISSING,Valkey MIGRATE byte count is not exposed by the command path.,copied_from_source_missing_encoding
50.management.reshard_slot_range,P30_MANAGEMENT_MATRIX_50_REAL,artifacts/phases/P30_MANAGEMENT_MATRIX_50_REAL/management_operation_results.jsonl,reshard_slot_range,bytes_migrated,MISSING,Valkey MIGRATE byte count is not exposed by the command path.,copied_from_source_missing_encoding
50.management.reshard_with_keys,P30_MANAGEMENT_MATRIX_50_REAL,artifacts/phases/P30_MANAGEMENT_MATRIX_50_REAL/management_operation_results.jsonl,reshard_with_keys,$.bytes_migrated,MISSING,Valkey command path did not expose migrated byte counts for this operation.,copied_from_source_missing_encoding
50.management.reshard_with_keys,P30_MANAGEMENT_MATRIX_50_REAL,artifacts/phases/P30_MANAGEMENT_MATRIX_50_REAL/management_operation_results.jsonl,reshard_with_keys,$.missing_fields[0],MISSING,Valkey MIGRATE byte count is not exposed by the command path.,copied_from_source_missing_encoding
50.management.reshard_with_keys,P30_MANAGEMENT_MATRIX_50_REAL,artifacts/phases/P30_MANAGEMENT_MATRIX_50_REAL/management_operation_results.jsonl,reshard_with_keys,bytes_migrated,MISSING,Valkey MIGRATE byte count is not exposed by the command path.,copied_from_source_missing_encoding
50.management.resource_preflight,P30_MANAGEMENT_MATRIX_50_REAL,artifacts/phases/P30_MANAGEMENT_MATRIX_50_REAL/resource_preflight.json,resource_preflight,projected_node_memory_mb,SKIPPED_WITH_REASON,Projection-only memory is not a real-runtime metric for exact-scale source stages.,copied_from_source_missing_encoding
50.management.rolling_restart_primary_safe,P30_MANAGEMENT_MATRIX_50_REAL,artifacts/phases/P30_MANAGEMENT_MATRIX_50_REAL/management_operation_results.jsonl,rolling_restart_primary_safe,$.bytes_migrated,MISSING,Valkey command path did not expose migrated byte counts for this operation.,copied_from_source_missing_encoding
50.management.rolling_restart_primary_safe,P30_MANAGEMENT_MATRIX_50_REAL,artifacts/phases/P30_MANAGEMENT_MATRIX_50_REAL/management_operation_results.jsonl,rolling_restart_primary_safe,$.missing_fields[0],MISSING,No read outage was observed during controlled primary handoff.,copied_from_source_missing_encoding
50.management.rolling_restart_primary_safe,P30_MANAGEMENT_MATRIX_50_REAL,artifacts/phases/P30_MANAGEMENT_MATRIX_50_REAL/management_operation_results.jsonl,rolling_restart_primary_safe,$.missing_fields[10],MISSING,No read outage was observed during controlled primary handoff.,copied_from_source_missing_encoding
50.management.rolling_restart_primary_safe,P30_MANAGEMENT_MATRIX_50_REAL,artifacts/phases/P30_MANAGEMENT_MATRIX_50_REAL/management_operation_results.jsonl,rolling_restart_primary_safe,$.missing_fields[11],MISSING,No write outage was observed during controlled primary handoff.,copied_from_source_missing_encoding
50.management.rolling_restart_primary_safe,P30_MANAGEMENT_MATRIX_50_REAL,artifacts/phases/P30_MANAGEMENT_MATRIX_50_REAL/management_operation_results.jsonl,rolling_restart_primary_safe,$.missing_fields[12],MISSING,No read outage was observed during controlled primary handoff.,copied_from_source_missing_encoding
50.management.rolling_restart_primary_safe,P30_MANAGEMENT_MATRIX_50_REAL,artifacts/phases/P30_MANAGEMENT_MATRIX_50_REAL/management_operation_results.jsonl,rolling_restart_primary_safe,$.missing_fields[13],MISSING,No write outage was observed during controlled primary handoff.,copied_from_source_missing_encoding
50.management.rolling_restart_primary_safe,P30_MANAGEMENT_MATRIX_50_REAL,artifacts/phases/P30_MANAGEMENT_MATRIX_50_REAL/management_operation_results.jsonl,rolling_restart_primary_safe,$.missing_fields[14],MISSING,No read outage was observed during controlled primary handoff.,copied_from_source_missing_encoding
50.management.rolling_restart_primary_safe,P30_MANAGEMENT_MATRIX_50_REAL,artifacts/phases/P30_MANAGEMENT_MATRIX_50_REAL/management_operation_results.jsonl,rolling_restart_primary_safe,$.missing_fields[15],MISSING,No write outage was observed during controlled primary handoff.,copied_from_source_missing_encoding
50.management.rolling_restart_primary_safe,P30_MANAGEMENT_MATRIX_50_REAL,artifacts/phases/P30_MANAGEMENT_MATRIX_50_REAL/management_operation_results.jsonl,rolling_restart_primary_safe,$.missing_fields[16],MISSING,No read outage was observed during controlled primary handoff.,copied_from_source_missing_encoding
50.management.rolling_restart_primary_safe,P30_MANAGEMENT_MATRIX_50_REAL,artifacts/phases/P30_MANAGEMENT_MATRIX_50_REAL/management_operation_results.jsonl,rolling_restart_primary_safe,$.missing_fields[17],MISSING,No write outage was observed during controlled primary handoff.,copied_from_source_missing_encoding
50.management.rolling_restart_primary_safe,P30_MANAGEMENT_MATRIX_50_REAL,artifacts/phases/P30_MANAGEMENT_MATRIX_50_REAL/management_operation_results.jsonl,rolling_restart_primary_safe,$.missing_fields[18],MISSING,No read outage was observed during controlled primary handoff.,copied_from_source_missing_encoding
50.management.rolling_restart_primary_safe,P30_MANAGEMENT_MATRIX_50_REAL,artifacts/phases/P30_MANAGEMENT_MATRIX_50_REAL/management_operation_results.jsonl,rolling_restart_primary_safe,$.missing_fields[19],MISSING,No write outage was observed during controlled primary handoff.,copied_from_source_missing_encoding
50.management.rolling_restart_primary_safe,P30_MANAGEMENT_MATRIX_50_REAL,artifacts/phases/P30_MANAGEMENT_MATRIX_50_REAL/management_operation_results.jsonl,rolling_restart_primary_safe,$.missing_fields[1],MISSING,No write outage was observed during controlled primary handoff.,copied_from_source_missing_encoding
50.management.rolling_restart_primary_safe,P30_MANAGEMENT_MATRIX_50_REAL,artifacts/phases/P30_MANAGEMENT_MATRIX_50_REAL/management_operation_results.jsonl,rolling_restart_primary_safe,$.missing_fields[20],MISSING,No read outage was observed during controlled primary handoff.,copied_from_source_missing_encoding
50.management.rolling_restart_primary_safe,P30_MANAGEMENT_MATRIX_50_REAL,artifacts/phases/P30_MANAGEMENT_MATRIX_50_REAL/management_operation_results.jsonl,rolling_restart_primary_safe,$.missing_fields[21],MISSING,No write outage was observed during controlled primary handoff.,copied_from_source_missing_encoding
50.management.rolling_restart_primary_safe,P30_MANAGEMENT_MATRIX_50_REAL,artifacts/phases/P30_MANAGEMENT_MATRIX_50_REAL/management_operation_results.jsonl,rolling_restart_primary_safe,$.missing_fields[22],MISSING,No read outage was observed during controlled primary handoff.,copied_from_source_missing_encoding
50.management.rolling_restart_primary_safe,P30_MANAGEMENT_MATRIX_50_REAL,artifacts/phases/P30_MANAGEMENT_MATRIX_50_REAL/management_operation_results.jsonl,rolling_restart_primary_safe,$.missing_fields[23],MISSING,No write outage was observed during controlled primary handoff.,copied_from_source_missing_encoding
50.management.rolling_restart_primary_safe,P30_MANAGEMENT_MATRIX_50_REAL,artifacts/phases/P30_MANAGEMENT_MATRIX_50_REAL/management_operation_results.jsonl,rolling_restart_primary_safe,$.missing_fields[24],MISSING,No read outage was observed during controlled primary handoff.,copied_from_source_missing_encoding
50.management.rolling_restart_primary_safe,P30_MANAGEMENT_MATRIX_50_REAL,artifacts/phases/P30_MANAGEMENT_MATRIX_50_REAL/management_operation_results.jsonl,rolling_restart_primary_safe,$.missing_fields[25],MISSING,No write outage was observed during controlled primary handoff.,copied_from_source_missing_encoding
50.management.rolling_restart_primary_safe,P30_MANAGEMENT_MATRIX_50_REAL,artifacts/phases/P30_MANAGEMENT_MATRIX_50_REAL/management_operation_results.jsonl,rolling_restart_primary_safe,$.missing_fields[26],MISSING,No read outage was observed during controlled primary handoff.,copied_from_source_missing_encoding
50.management.rolling_restart_primary_safe,P30_MANAGEMENT_MATRIX_50_REAL,artifacts/phases/P30_MANAGEMENT_MATRIX_50_REAL/management_operation_results.jsonl,rolling_restart_primary_safe,$.missing_fields[27],MISSING,No write outage was observed during controlled primary handoff.,copied_from_source_missing_encoding
50.management.rolling_restart_primary_safe,P30_MANAGEMENT_MATRIX_50_REAL,artifacts/phases/P30_MANAGEMENT_MATRIX_50_REAL/management_operation_results.jsonl,rolling_restart_primary_safe,$.missing_fields[28],MISSING,No read outage was observed during controlled primary handoff.,copied_from_source_missing_encoding
50.management.rolling_restart_primary_safe,P30_MANAGEMENT_MATRIX_50_REAL,artifacts/phases/P30_MANAGEMENT_MATRIX_50_REAL/management_operation_results.jsonl,rolling_restart_primary_safe,$.missing_fields[29],MISSING,No write outage was observed during controlled primary handoff.,copied_from_source_missing_encoding
50.management.rolling_restart_primary_safe,P30_MANAGEMENT_MATRIX_50_REAL,artifacts/phases/P30_MANAGEMENT_MATRIX_50_REAL/management_operation_results.jsonl,rolling_restart_primary_safe,$.missing_fields[2],MISSING,No read outage was observed during controlled primary handoff.,copied_from_source_missing_encoding
50.management.rolling_restart_primary_safe,P30_MANAGEMENT_MATRIX_50_REAL,artifacts/phases/P30_MANAGEMENT_MATRIX_50_REAL/management_operation_results.jsonl,rolling_restart_primary_safe,$.missing_fields[30],MISSING,No read outage was observed during controlled primary handoff.,copied_from_source_missing_encoding
50.management.rolling_restart_primary_safe,P30_MANAGEMENT_MATRIX_50_REAL,artifacts/phases/P30_MANAGEMENT_MATRIX_50_REAL/management_operation_results.jsonl,rolling_restart_primary_safe,$.missing_fields[31],MISSING,No write outage was observed during controlled primary handoff.,copied_from_source_missing_encoding
50.management.rolling_restart_primary_safe,P30_MANAGEMENT_MATRIX_50_REAL,artifacts/phases/P30_MANAGEMENT_MATRIX_50_REAL/management_operation_results.jsonl,rolling_restart_primary_safe,$.missing_fields[32],MISSING,No read outage was observed during controlled primary handoff.,copied_from_source_missing_encoding
50.management.rolling_restart_primary_safe,P30_MANAGEMENT_MATRIX_50_REAL,artifacts/phases/P30_MANAGEMENT_MATRIX_50_REAL/management_operation_results.jsonl,rolling_restart_primary_safe,$.missing_fields[33],MISSING,No write outage was observed during controlled primary handoff.,copied_from_source_missing_encoding
50.management.rolling_restart_primary_safe,P30_MANAGEMENT_MATRIX_50_REAL,artifacts/phases/P30_MANAGEMENT_MATRIX_50_REAL/management_operation_results.jsonl,rolling_restart_primary_safe,$.missing_fields[34],MISSING,No read outage was observed during controlled primary handoff.,copied_from_source_missing_encoding
50.management.rolling_restart_primary_safe,P30_MANAGEMENT_MATRIX_50_REAL,artifacts/phases/P30_MANAGEMENT_MATRIX_50_REAL/management_operation_results.jsonl,rolling_restart_primary_safe,$.missing_fields[35],MISSING,No write outage was observed during controlled primary handoff.,copied_from_source_missing_encoding
50.management.rolling_restart_primary_safe,P30_MANAGEMENT_MATRIX_50_REAL,artifacts/phases/P30_MANAGEMENT_MATRIX_50_REAL/management_operation_results.jsonl,rolling_restart_primary_safe,$.missing_fields[36],MISSING,No read outage was observed during controlled primary handoff.,copied_from_source_missing_encoding
50.management.rolling_restart_primary_safe,P30_MANAGEMENT_MATRIX_50_REAL,artifacts/phases/P30_MANAGEMENT_MATRIX_50_REAL/management_operation_results.jsonl,rolling_restart_primary_safe,$.missing_fields[37],MISSING,No write outage was observed during controlled primary handoff.,copied_from_source_missing_encoding
50.management.rolling_restart_primary_safe,P30_MANAGEMENT_MATRIX_50_REAL,artifacts/phases/P30_MANAGEMENT_MATRIX_50_REAL/management_operation_results.jsonl,rolling_restart_primary_safe,$.missing_fields[38],MISSING,No read outage was observed during controlled primary handoff.,copied_from_source_missing_encoding
50.management.rolling_restart_primary_safe,P30_MANAGEMENT_MATRIX_50_REAL,artifacts/phases/P30_MANAGEMENT_MATRIX_50_REAL/management_operation_results.jsonl,rolling_restart_primary_safe,$.missing_fields[39],MISSING,No write outage was observed during controlled primary handoff.,copied_from_source_missing_encoding
50.management.rolling_restart_primary_safe,P30_MANAGEMENT_MATRIX_50_REAL,artifacts/phases/P30_MANAGEMENT_MATRIX_50_REAL/management_operation_results.jsonl,rolling_restart_primary_safe,$.missing_fields[3],MISSING,No write outage was observed during controlled primary handoff.,copied_from_source_missing_encoding
50.management.rolling_restart_primary_safe,P30_MANAGEMENT_MATRIX_50_REAL,artifacts/phases/P30_MANAGEMENT_MATRIX_50_REAL/management_operation_results.jsonl,rolling_restart_primary_safe,$.missing_fields[40],MISSING,No read outage was observed during controlled primary handoff.,copied_from_source_missing_encoding
50.management.rolling_restart_primary_safe,P30_MANAGEMENT_MATRIX_50_REAL,artifacts/phases/P30_MANAGEMENT_MATRIX_50_REAL/management_operation_results.jsonl,rolling_restart_primary_safe,$.missing_fields[41],MISSING,No write outage was observed during controlled primary handoff.,copied_from_source_missing_encoding
50.management.rolling_restart_primary_safe,P30_MANAGEMENT_MATRIX_50_REAL,artifacts/phases/P30_MANAGEMENT_MATRIX_50_REAL/management_operation_results.jsonl,rolling_restart_primary_safe,$.missing_fields[42],MISSING,No read outage was observed during controlled primary handoff.,copied_from_source_missing_encoding
50.management.rolling_restart_primary_safe,P30_MANAGEMENT_MATRIX_50_REAL,artifacts/phases/P30_MANAGEMENT_MATRIX_50_REAL/management_operation_results.jsonl,rolling_restart_primary_safe,$.missing_fields[43],MISSING,No write outage was observed during controlled primary handoff.,copied_from_source_missing_encoding
50.management.rolling_restart_primary_safe,P30_MANAGEMENT_MATRIX_50_REAL,artifacts/phases/P30_MANAGEMENT_MATRIX_50_REAL/management_operation_results.jsonl,rolling_restart_primary_safe,$.missing_fields[44],MISSING,No read outage was observed during controlled primary handoff.,copied_from_source_missing_encoding
50.management.rolling_restart_primary_safe,P30_MANAGEMENT_MATRIX_50_REAL,artifacts/phases/P30_MANAGEMENT_MATRIX_50_REAL/management_operation_results.jsonl,rolling_restart_primary_safe,$.missing_fields[45],MISSING,No write outage was observed during controlled primary handoff.,copied_from_source_missing_encoding
50.management.rolling_restart_primary_safe,P30_MANAGEMENT_MATRIX_50_REAL,artifacts/phases/P30_MANAGEMENT_MATRIX_50_REAL/management_operation_results.jsonl,rolling_restart_primary_safe,$.missing_fields[46],MISSING,No read outage was observed during controlled primary handoff.,copied_from_source_missing_encoding
50.management.rolling_restart_primary_safe,P30_MANAGEMENT_MATRIX_50_REAL,artifacts/phases/P30_MANAGEMENT_MATRIX_50_REAL/management_operation_results.jsonl,rolling_restart_primary_safe,$.missing_fields[47],MISSING,No write outage was observed during controlled primary handoff.,copied_from_source_missing_encoding
50.management.rolling_restart_primary_safe,P30_MANAGEMENT_MATRIX_50_REAL,artifacts/phases/P30_MANAGEMENT_MATRIX_50_REAL/management_operation_results.jsonl,rolling_restart_primary_safe,$.missing_fields[48],MISSING,No read outage was observed during controlled primary handoff.,copied_from_source_missing_encoding
50.management.rolling_restart_primary_safe,P30_MANAGEMENT_MATRIX_50_REAL,artifacts/phases/P30_MANAGEMENT_MATRIX_50_REAL/management_operation_results.jsonl,rolling_restart_primary_safe,$.missing_fields[49],MISSING,No write outage was observed during controlled primary handoff.,copied_from_source_missing_encoding
50.management.rolling_restart_primary_safe,P30_MANAGEMENT_MATRIX_50_REAL,artifacts/phases/P30_MANAGEMENT_MATRIX_50_REAL/management_operation_results.jsonl,rolling_restart_primary_safe,$.missing_fields[4],MISSING,No read outage was observed during controlled primary handoff.,copied_from_source_missing_encoding
50.management.rolling_restart_primary_safe,P30_MANAGEMENT_MATRIX_50_REAL,artifacts/phases/P30_MANAGEMENT_MATRIX_50_REAL/management_operation_results.jsonl,rolling_restart_primary_safe,$.missing_fields[50],MISSING,No read outage was observed during controlled primary handoff.,copied_from_source_missing_encoding
50.management.rolling_restart_primary_safe,P30_MANAGEMENT_MATRIX_50_REAL,artifacts/phases/P30_MANAGEMENT_MATRIX_50_REAL/management_operation_results.jsonl,rolling_restart_primary_safe,$.missing_fields[51],MISSING,No write outage was observed during controlled primary handoff.,copied_from_source_missing_encoding
50.management.rolling_restart_primary_safe,P30_MANAGEMENT_MATRIX_50_REAL,artifacts/phases/P30_MANAGEMENT_MATRIX_50_REAL/management_operation_results.jsonl,rolling_restart_primary_safe,$.missing_fields[52],MISSING,No read outage was observed during controlled primary handoff.,copied_from_source_missing_encoding
50.management.rolling_restart_primary_safe,P30_MANAGEMENT_MATRIX_50_REAL,artifacts/phases/P30_MANAGEMENT_MATRIX_50_REAL/management_operation_results.jsonl,rolling_restart_primary_safe,$.missing_fields[53],MISSING,No write outage was observed during controlled primary handoff.,copied_from_source_missing_encoding
50.management.rolling_restart_primary_safe,P30_MANAGEMENT_MATRIX_50_REAL,artifacts/phases/P30_MANAGEMENT_MATRIX_50_REAL/management_operation_results.jsonl,rolling_restart_primary_safe,$.missing_fields[54],MISSING,No read outage was observed during controlled primary handoff.,copied_from_source_missing_encoding
50.management.rolling_restart_primary_safe,P30_MANAGEMENT_MATRIX_50_REAL,artifacts/phases/P30_MANAGEMENT_MATRIX_50_REAL/management_operation_results.jsonl,rolling_restart_primary_safe,$.missing_fields[55],MISSING,No write outage was observed during controlled primary handoff.,copied_from_source_missing_encoding
50.management.rolling_restart_primary_safe,P30_MANAGEMENT_MATRIX_50_REAL,artifacts/phases/P30_MANAGEMENT_MATRIX_50_REAL/management_operation_results.jsonl,rolling_restart_primary_safe,$.missing_fields[56],MISSING,No read outage was observed during controlled primary handoff.,copied_from_source_missing_encoding
50.management.rolling_restart_primary_safe,P30_MANAGEMENT_MATRIX_50_REAL,artifacts/phases/P30_MANAGEMENT_MATRIX_50_REAL/management_operation_results.jsonl,rolling_restart_primary_safe,$.missing_fields[57],MISSING,No write outage was observed during controlled primary handoff.,copied_from_source_missing_encoding
50.management.rolling_restart_primary_safe,P30_MANAGEMENT_MATRIX_50_REAL,artifacts/phases/P30_MANAGEMENT_MATRIX_50_REAL/management_operation_results.jsonl,rolling_restart_primary_safe,$.missing_fields[58],MISSING,No read outage was observed during controlled primary handoff.,copied_from_source_missing_encoding
50.management.rolling_restart_primary_safe,P30_MANAGEMENT_MATRIX_50_REAL,artifacts/phases/P30_MANAGEMENT_MATRIX_50_REAL/management_operation_results.jsonl,rolling_restart_primary_safe,$.missing_fields[59],MISSING,No write outage was observed during controlled primary handoff.,copied_from_source_missing_encoding
50.management.rolling_restart_primary_safe,P30_MANAGEMENT_MATRIX_50_REAL,artifacts/phases/P30_MANAGEMENT_MATRIX_50_REAL/management_operation_results.jsonl,rolling_restart_primary_safe,$.missing_fields[5],MISSING,No write outage was observed during controlled primary handoff.,copied_from_source_missing_encoding
50.management.rolling_restart_primary_safe,P30_MANAGEMENT_MATRIX_50_REAL,artifacts/phases/P30_MANAGEMENT_MATRIX_50_REAL/management_operation_results.jsonl,rolling_restart_primary_safe,$.missing_fields[60],MISSING,No read outage was observed during controlled primary handoff.,copied_from_source_missing_encoding
50.management.rolling_restart_primary_safe,P30_MANAGEMENT_MATRIX_50_REAL,artifacts/phases/P30_MANAGEMENT_MATRIX_50_REAL/management_operation_results.jsonl,rolling_restart_primary_safe,$.missing_fields[61],MISSING,No write outage was observed during controlled primary handoff.,copied_from_source_missing_encoding
50.management.rolling_restart_primary_safe,P30_MANAGEMENT_MATRIX_50_REAL,artifacts/phases/P30_MANAGEMENT_MATRIX_50_REAL/management_operation_results.jsonl,rolling_restart_primary_safe,$.missing_fields[62],MISSING,No read outage was observed during controlled primary handoff.,copied_from_source_missing_encoding
50.management.rolling_restart_primary_safe,P30_MANAGEMENT_MATRIX_50_REAL,artifacts/phases/P30_MANAGEMENT_MATRIX_50_REAL/management_operation_results.jsonl,rolling_restart_primary_safe,$.missing_fields[63],MISSING,No write outage was observed during controlled primary handoff.,copied_from_source_missing_encoding
50.management.rolling_restart_primary_safe,P30_MANAGEMENT_MATRIX_50_REAL,artifacts/phases/P30_MANAGEMENT_MATRIX_50_REAL/management_operation_results.jsonl,rolling_restart_primary_safe,$.missing_fields[64],MISSING,No read outage was observed during controlled primary handoff.,copied_from_source_missing_encoding
50.management.rolling_restart_primary_safe,P30_MANAGEMENT_MATRIX_50_REAL,artifacts/phases/P30_MANAGEMENT_MATRIX_50_REAL/management_operation_results.jsonl,rolling_restart_primary_safe,$.missing_fields[65],MISSING,No write outage was observed during controlled primary handoff.,copied_from_source_missing_encoding
50.management.rolling_restart_primary_safe,P30_MANAGEMENT_MATRIX_50_REAL,artifacts/phases/P30_MANAGEMENT_MATRIX_50_REAL/management_operation_results.jsonl,rolling_restart_primary_safe,$.missing_fields[66],MISSING,No read outage was observed during controlled primary handoff.,copied_from_source_missing_encoding
50.management.rolling_restart_primary_safe,P30_MANAGEMENT_MATRIX_50_REAL,artifacts/phases/P30_MANAGEMENT_MATRIX_50_REAL/management_operation_results.jsonl,rolling_restart_primary_safe,$.missing_fields[67],MISSING,No write outage was observed during controlled primary handoff.,copied_from_source_missing_encoding
50.management.rolling_restart_primary_safe,P30_MANAGEMENT_MATRIX_50_REAL,artifacts/phases/P30_MANAGEMENT_MATRIX_50_REAL/management_operation_results.jsonl,rolling_restart_primary_safe,$.missing_fields[68],MISSING,No read outage was observed during controlled primary handoff.,copied_from_source_missing_encoding
50.management.rolling_restart_primary_safe,P30_MANAGEMENT_MATRIX_50_REAL,artifacts/phases/P30_MANAGEMENT_MATRIX_50_REAL/management_operation_results.jsonl,rolling_restart_primary_safe,$.missing_fields[69],MISSING,No write outage was observed during controlled primary handoff.,copied_from_source_missing_encoding
50.management.rolling_restart_primary_safe,P30_MANAGEMENT_MATRIX_50_REAL,artifacts/phases/P30_MANAGEMENT_MATRIX_50_REAL/management_operation_results.jsonl,rolling_restart_primary_safe,$.missing_fields[6],MISSING,No read outage was observed during controlled primary handoff.,copied_from_source_missing_encoding
50.management.rolling_restart_primary_safe,P30_MANAGEMENT_MATRIX_50_REAL,artifacts/phases/P30_MANAGEMENT_MATRIX_50_REAL/management_operation_results.jsonl,rolling_restart_primary_safe,$.missing_fields[70],MISSING,No read outage was observed during controlled primary handoff.,copied_from_source_missing_encoding
50.management.rolling_restart_primary_safe,P30_MANAGEMENT_MATRIX_50_REAL,artifacts/phases/P30_MANAGEMENT_MATRIX_50_REAL/management_operation_results.jsonl,rolling_restart_primary_safe,$.missing_fields[71],MISSING,No write outage was observed during controlled primary handoff.,copied_from_source_missing_encoding
50.management.rolling_restart_primary_safe,P30_MANAGEMENT_MATRIX_50_REAL,artifacts/phases/P30_MANAGEMENT_MATRIX_50_REAL/management_operation_results.jsonl,rolling_restart_primary_safe,$.missing_fields[72],MISSING,No read outage was observed during controlled primary handoff.,copied_from_source_missing_encoding
50.management.rolling_restart_primary_safe,P30_MANAGEMENT_MATRIX_50_REAL,artifacts/phases/P30_MANAGEMENT_MATRIX_50_REAL/management_operation_results.jsonl,rolling_restart_primary_safe,$.missing_fields[73],MISSING,No write outage was observed during controlled primary handoff.,copied_from_source_missing_encoding
50.management.rolling_restart_primary_safe,P30_MANAGEMENT_MATRIX_50_REAL,artifacts/phases/P30_MANAGEMENT_MATRIX_50_REAL/management_operation_results.jsonl,rolling_restart_primary_safe,$.missing_fields[74],MISSING,No read outage was observed during controlled primary handoff.,copied_from_source_missing_encoding
50.management.rolling_restart_primary_safe,P30_MANAGEMENT_MATRIX_50_REAL,artifacts/phases/P30_MANAGEMENT_MATRIX_50_REAL/management_operation_results.jsonl,rolling_restart_primary_safe,$.missing_fields[75],MISSING,No write outage was observed during controlled primary handoff.,copied_from_source_missing_encoding
50.management.rolling_restart_primary_safe,P30_MANAGEMENT_MATRIX_50_REAL,artifacts/phases/P30_MANAGEMENT_MATRIX_50_REAL/management_operation_results.jsonl,rolling_restart_primary_safe,$.missing_fields[76],MISSING,No read outage was observed during controlled primary handoff.,copied_from_source_missing_encoding
50.management.rolling_restart_primary_safe,P30_MANAGEMENT_MATRIX_50_REAL,artifacts/phases/P30_MANAGEMENT_MATRIX_50_REAL/management_operation_results.jsonl,rolling_restart_primary_safe,$.missing_fields[77],MISSING,No write outage was observed during controlled primary handoff.,copied_from_source_missing_encoding
50.management.rolling_restart_primary_safe,P30_MANAGEMENT_MATRIX_50_REAL,artifacts/phases/P30_MANAGEMENT_MATRIX_50_REAL/management_operation_results.jsonl,rolling_restart_primary_safe,$.missing_fields[78],MISSING,No read outage was observed during controlled primary handoff.,copied_from_source_missing_encoding
50.management.rolling_restart_primary_safe,P30_MANAGEMENT_MATRIX_50_REAL,artifacts/phases/P30_MANAGEMENT_MATRIX_50_REAL/management_operation_results.jsonl,rolling_restart_primary_safe,$.missing_fields[79],MISSING,No write outage was observed during controlled primary handoff.,copied_from_source_missing_encoding
50.management.rolling_restart_primary_safe,P30_MANAGEMENT_MATRIX_50_REAL,artifacts/phases/P30_MANAGEMENT_MATRIX_50_REAL/management_operation_results.jsonl,rolling_restart_primary_safe,$.missing_fields[7],MISSING,No write outage was observed during controlled primary handoff.,copied_from_source_missing_encoding
50.management.rolling_restart_primary_safe,P30_MANAGEMENT_MATRIX_50_REAL,artifacts/phases/P30_MANAGEMENT_MATRIX_50_REAL/management_operation_results.jsonl,rolling_restart_primary_safe,$.missing_fields[80],MISSING,No read outage was observed during controlled primary handoff.,copied_from_source_missing_encoding
50.management.rolling_restart_primary_safe,P30_MANAGEMENT_MATRIX_50_REAL,artifacts/phases/P30_MANAGEMENT_MATRIX_50_REAL/management_operation_results.jsonl,rolling_restart_primary_safe,$.missing_fields[81],MISSING,No write outage was observed during controlled primary handoff.,copied_from_source_missing_encoding
50.management.rolling_restart_primary_safe,P30_MANAGEMENT_MATRIX_50_REAL,artifacts/phases/P30_MANAGEMENT_MATRIX_50_REAL/management_operation_results.jsonl,rolling_restart_primary_safe,$.missing_fields[82],MISSING,No read outage was observed during controlled primary handoff.,copied_from_source_missing_encoding
50.management.rolling_restart_primary_safe,P30_MANAGEMENT_MATRIX_50_REAL,artifacts/phases/P30_MANAGEMENT_MATRIX_50_REAL/management_operation_results.jsonl,rolling_restart_primary_safe,$.missing_fields[83],MISSING,No write outage was observed during controlled primary handoff.,copied_from_source_missing_encoding
50.management.rolling_restart_primary_safe,P30_MANAGEMENT_MATRIX_50_REAL,artifacts/phases/P30_MANAGEMENT_MATRIX_50_REAL/management_operation_results.jsonl,rolling_restart_primary_safe,$.missing_fields[84],MISSING,No read outage was observed during controlled primary handoff.,copied_from_source_missing_encoding
50.management.rolling_restart_primary_safe,P30_MANAGEMENT_MATRIX_50_REAL,artifacts/phases/P30_MANAGEMENT_MATRIX_50_REAL/management_operation_results.jsonl,rolling_restart_primary_safe,$.missing_fields[85],MISSING,No write outage was observed during controlled primary handoff.,copied_from_source_missing_encoding
50.management.rolling_restart_primary_safe,P30_MANAGEMENT_MATRIX_50_REAL,artifacts/phases/P30_MANAGEMENT_MATRIX_50_REAL/management_operation_results.jsonl,rolling_restart_primary_safe,$.missing_fields[86],MISSING,No read outage was observed during controlled primary handoff.,copied_from_source_missing_encoding
50.management.rolling_restart_primary_safe,P30_MANAGEMENT_MATRIX_50_REAL,artifacts/phases/P30_MANAGEMENT_MATRIX_50_REAL/management_operation_results.jsonl,rolling_restart_primary_safe,$.missing_fields[87],MISSING,No write outage was observed during controlled primary handoff.,copied_from_source_missing_encoding
50.management.rolling_restart_primary_safe,P30_MANAGEMENT_MATRIX_50_REAL,artifacts/phases/P30_MANAGEMENT_MATRIX_50_REAL/management_operation_results.jsonl,rolling_restart_primary_safe,$.missing_fields[88],MISSING,No read outage was observed during controlled primary handoff.,copied_from_source_missing_encoding
50.management.rolling_restart_primary_safe,P30_MANAGEMENT_MATRIX_50_REAL,artifacts/phases/P30_MANAGEMENT_MATRIX_50_REAL/management_operation_results.jsonl,rolling_restart_primary_safe,$.missing_fields[89],MISSING,No write outage was observed during controlled primary handoff.,copied_from_source_missing_encoding
50.management.rolling_restart_primary_safe,P30_MANAGEMENT_MATRIX_50_REAL,artifacts/phases/P30_MANAGEMENT_MATRIX_50_REAL/management_operation_results.jsonl,rolling_restart_primary_safe,$.missing_fields[8],MISSING,No read outage was observed during controlled primary handoff.,copied_from_source_missing_encoding
50.management.rolling_restart_primary_safe,P30_MANAGEMENT_MATRIX_50_REAL,artifacts/phases/P30_MANAGEMENT_MATRIX_50_REAL/management_operation_results.jsonl,rolling_restart_primary_safe,$.missing_fields[90],MISSING,No read outage was observed during controlled primary handoff.,copied_from_source_missing_encoding
50.management.rolling_restart_primary_safe,P30_MANAGEMENT_MATRIX_50_REAL,artifacts/phases/P30_MANAGEMENT_MATRIX_50_REAL/management_operation_results.jsonl,rolling_restart_primary_safe,$.missing_fields[91],MISSING,No write outage was observed during controlled primary handoff.,copied_from_source_missing_encoding
50.management.rolling_restart_primary_safe,P30_MANAGEMENT_MATRIX_50_REAL,artifacts/phases/P30_MANAGEMENT_MATRIX_50_REAL/management_operation_results.jsonl,rolling_restart_primary_safe,$.missing_fields[92],MISSING,No read outage was observed during controlled primary handoff.,copied_from_source_missing_encoding
50.management.rolling_restart_primary_safe,P30_MANAGEMENT_MATRIX_50_REAL,artifacts/phases/P30_MANAGEMENT_MATRIX_50_REAL/management_operation_results.jsonl,rolling_restart_primary_safe,$.missing_fields[93],MISSING,No write outage was observed during controlled primary handoff.,copied_from_source_missing_encoding
50.management.rolling_restart_primary_safe,P30_MANAGEMENT_MATRIX_50_REAL,artifacts/phases/P30_MANAGEMENT_MATRIX_50_REAL/management_operation_results.jsonl,rolling_restart_primary_safe,$.missing_fields[94],MISSING,No read outage was observed during controlled primary handoff.,copied_from_source_missing_encoding
50.management.rolling_restart_primary_safe,P30_MANAGEMENT_MATRIX_50_REAL,artifacts/phases/P30_MANAGEMENT_MATRIX_50_REAL/management_operation_results.jsonl,rolling_restart_primary_safe,$.missing_fields[95],MISSING,No write outage was observed during controlled primary handoff.,copied_from_source_missing_encoding
50.management.rolling_restart_primary_safe,P30_MANAGEMENT_MATRIX_50_REAL,artifacts/phases/P30_MANAGEMENT_MATRIX_50_REAL/management_operation_results.jsonl,rolling_restart_primary_safe,$.missing_fields[96],MISSING,No read outage was observed during controlled primary handoff.,copied_from_source_missing_encoding
50.management.rolling_restart_primary_safe,P30_MANAGEMENT_MATRIX_50_REAL,artifacts/phases/P30_MANAGEMENT_MATRIX_50_REAL/management_operation_results.jsonl,rolling_restart_primary_safe,$.missing_fields[97],MISSING,No write outage was observed during controlled primary handoff.,copied_from_source_missing_encoding
50.management.rolling_restart_primary_safe,P30_MANAGEMENT_MATRIX_50_REAL,artifacts/phases/P30_MANAGEMENT_MATRIX_50_REAL/management_operation_results.jsonl,rolling_restart_primary_safe,$.missing_fields[98],MISSING,No read outage was observed during controlled primary handoff.,copied_from_source_missing_encoding
50.management.rolling_restart_primary_safe,P30_MANAGEMENT_MATRIX_50_REAL,artifacts/phases/P30_MANAGEMENT_MATRIX_50_REAL/management_operation_results.jsonl,rolling_restart_primary_safe,$.missing_fields[99],MISSING,No write outage was observed during controlled primary handoff.,copied_from_source_missing_encoding
50.management.rolling_restart_primary_safe,P30_MANAGEMENT_MATRIX_50_REAL,artifacts/phases/P30_MANAGEMENT_MATRIX_50_REAL/management_operation_results.jsonl,rolling_restart_primary_safe,$.missing_fields[9],MISSING,No write outage was observed during controlled primary handoff.,copied_from_source_missing_encoding
50.management.rolling_restart_primary_safe,P30_MANAGEMENT_MATRIX_50_REAL,artifacts/phases/P30_MANAGEMENT_MATRIX_50_REAL/management_operation_results.jsonl,rolling_restart_primary_safe,read_unavailability_ms,MISSING,No read outage was observed during controlled primary handoff.,copied_from_source_missing_encoding
50.management.rolling_restart_primary_safe,P30_MANAGEMENT_MATRIX_50_REAL,artifacts/phases/P30_MANAGEMENT_MATRIX_50_REAL/management_operation_results.jsonl,rolling_restart_primary_safe,write_unavailability_ms,MISSING,No write outage was observed during controlled primary handoff.,copied_from_source_missing_encoding
50.management.rolling_restart_replica_first,P30_MANAGEMENT_MATRIX_50_REAL,artifacts/phases/P30_MANAGEMENT_MATRIX_50_REAL/management_operation_results.jsonl,rolling_restart_replica_first,$.bytes_migrated,MISSING,Valkey command path did not expose migrated byte counts for this operation.,copied_from_source_missing_encoding
P30_MANAGEMENT_MATRIX_50_REAL.analysis.phase_summary,P30_MANAGEMENT_MATRIX_50_REAL,artifacts/phases/P30_MANAGEMENT_MATRIX_50_REAL/phase_summary.json,phase_summary,$.missing_metrics[0],MISSING,create_cluster timing is captured in runtime_timing_breakdown and cluster setup operations before matrix row emission.,copied_from_source_missing_encoding
P30_MANAGEMENT_MATRIX_50_REAL.analysis.phase_summary,P30_MANAGEMENT_MATRIX_50_REAL,artifacts/phases/P30_MANAGEMENT_MATRIX_50_REAL/phase_summary.json,phase_summary,$.missing_metrics[100],MISSING,No read outage was observed during controlled primary handoff.,copied_from_source_missing_encoding
P30_MANAGEMENT_MATRIX_50_REAL.analysis.phase_summary,P30_MANAGEMENT_MATRIX_50_REAL,artifacts/phases/P30_MANAGEMENT_MATRIX_50_REAL/phase_summary.json,phase_summary,$.missing_metrics[101],MISSING,No write outage was observed during controlled primary handoff.,copied_from_source_missing_encoding
P30_MANAGEMENT_MATRIX_50_REAL.analysis.phase_summary,P30_MANAGEMENT_MATRIX_50_REAL,artifacts/phases/P30_MANAGEMENT_MATRIX_50_REAL/phase_summary.json,phase_summary,$.missing_metrics[102],MISSING,No read outage was observed during controlled primary handoff.,copied_from_source_missing_encoding
P30_MANAGEMENT_MATRIX_50_REAL.analysis.phase_summary,P30_MANAGEMENT_MATRIX_50_REAL,artifacts/phases/P30_MANAGEMENT_MATRIX_50_REAL/phase_summary.json,phase_summary,$.missing_metrics[103],MISSING,No write outage was observed during controlled primary handoff.,copied_from_source_missing_encoding
P30_MANAGEMENT_MATRIX_50_REAL.analysis.phase_summary,P30_MANAGEMENT_MATRIX_50_REAL,artifacts/phases/P30_MANAGEMENT_MATRIX_50_REAL/phase_summary.json,phase_summary,$.missing_metrics[104],MISSING,No read outage was observed during controlled primary handoff.,copied_from_source_missing_encoding
P30_MANAGEMENT_MATRIX_50_REAL.analysis.phase_summary,P30_MANAGEMENT_MATRIX_50_REAL,artifacts/phases/P30_MANAGEMENT_MATRIX_50_REAL/phase_summary.json,phase_summary,$.missing_metrics[105],MISSING,No write outage was observed during controlled primary handoff.,copied_from_source_missing_encoding
P30_MANAGEMENT_MATRIX_50_REAL.analysis.phase_summary,P30_MANAGEMENT_MATRIX_50_REAL,artifacts/phases/P30_MANAGEMENT_MATRIX_50_REAL/phase_summary.json,phase_summary,$.missing_metrics[10],MISSING,No read outage was observed during controlled primary handoff.,copied_from_source_missing_encoding
P30_MANAGEMENT_MATRIX_50_REAL.analysis.phase_summary,P30_MANAGEMENT_MATRIX_50_REAL,artifacts/phases/P30_MANAGEMENT_MATRIX_50_REAL/phase_summary.json,phase_summary,$.missing_metrics[11],MISSING,No write outage was observed during controlled primary handoff.,copied_from_source_missing_encoding
P30_MANAGEMENT_MATRIX_50_REAL.analysis.phase_summary,P30_MANAGEMENT_MATRIX_50_REAL,artifacts/phases/P30_MANAGEMENT_MATRIX_50_REAL/phase_summary.json,phase_summary,$.missing_metrics[12],MISSING,No read outage was observed during controlled primary handoff.,copied_from_source_missing_encoding
P30_MANAGEMENT_MATRIX_50_REAL.analysis.phase_summary,P30_MANAGEMENT_MATRIX_50_REAL,artifacts/phases/P30_MANAGEMENT_MATRIX_50_REAL/phase_summary.json,phase_summary,$.missing_metrics[13],MISSING,No write outage was observed during controlled primary handoff.,copied_from_source_missing_encoding
P30_MANAGEMENT_MATRIX_50_REAL.analysis.phase_summary,P30_MANAGEMENT_MATRIX_50_REAL,artifacts/phases/P30_MANAGEMENT_MATRIX_50_REAL/phase_summary.json,phase_summary,$.missing_metrics[14],MISSING,No read outage was observed during controlled primary handoff.,copied_from_source_missing_encoding
P30_MANAGEMENT_MATRIX_50_REAL.analysis.phase_summary,P30_MANAGEMENT_MATRIX_50_REAL,artifacts/phases/P30_MANAGEMENT_MATRIX_50_REAL/phase_summary.json,phase_summary,$.missing_metrics[15],MISSING,No write outage was observed during controlled primary handoff.,copied_from_source_missing_encoding
P30_MANAGEMENT_MATRIX_50_REAL.analysis.phase_summary,P30_MANAGEMENT_MATRIX_50_REAL,artifacts/phases/P30_MANAGEMENT_MATRIX_50_REAL/phase_summary.json,phase_summary,$.missing_metrics[16],MISSING,No read outage was observed during controlled primary handoff.,copied_from_source_missing_encoding
P30_MANAGEMENT_MATRIX_50_REAL.analysis.phase_summary,P30_MANAGEMENT_MATRIX_50_REAL,artifacts/phases/P30_MANAGEMENT_MATRIX_50_REAL/phase_summary.json,phase_summary,$.missing_metrics[17],MISSING,No write outage was observed during controlled primary handoff.,copied_from_source_missing_encoding
P30_MANAGEMENT_MATRIX_50_REAL.analysis.phase_summary,P30_MANAGEMENT_MATRIX_50_REAL,artifacts/phases/P30_MANAGEMENT_MATRIX_50_REAL/phase_summary.json,phase_summary,$.missing_metrics[18],MISSING,No read outage was observed during controlled primary handoff.,copied_from_source_missing_encoding
P30_MANAGEMENT_MATRIX_50_REAL.analysis.phase_summary,P30_MANAGEMENT_MATRIX_50_REAL,artifacts/phases/P30_MANAGEMENT_MATRIX_50_REAL/phase_summary.json,phase_summary,$.missing_metrics[19],MISSING,No write outage was observed during controlled primary handoff.,copied_from_source_missing_encoding
P30_MANAGEMENT_MATRIX_50_REAL.analysis.phase_summary,P30_MANAGEMENT_MATRIX_50_REAL,artifacts/phases/P30_MANAGEMENT_MATRIX_50_REAL/phase_summary.json,phase_summary,$.missing_metrics[1],MISSING,meet_nodes timing is captured in runtime_timing_breakdown and cluster setup operations before matrix row emission.,copied_from_source_missing_encoding
P30_MANAGEMENT_MATRIX_50_REAL.analysis.phase_summary,P30_MANAGEMENT_MATRIX_50_REAL,artifacts/phases/P30_MANAGEMENT_MATRIX_50_REAL/phase_summary.json,phase_summary,$.missing_metrics[20],MISSING,No read outage was observed during controlled primary handoff.,copied_from_source_missing_encoding
P30_MANAGEMENT_MATRIX_50_REAL.analysis.phase_summary,P30_MANAGEMENT_MATRIX_50_REAL,artifacts/phases/P30_MANAGEMENT_MATRIX_50_REAL/phase_summary.json,phase_summary,$.missing_metrics[21],MISSING,No write outage was observed during controlled primary handoff.,copied_from_source_missing_encoding
P30_MANAGEMENT_MATRIX_50_REAL.analysis.phase_summary,P30_MANAGEMENT_MATRIX_50_REAL,artifacts/phases/P30_MANAGEMENT_MATRIX_50_REAL/phase_summary.json,phase_summary,$.missing_metrics[22],MISSING,No read outage was observed during controlled primary handoff.,copied_from_source_missing_encoding
P30_MANAGEMENT_MATRIX_50_REAL.analysis.phase_summary,P30_MANAGEMENT_MATRIX_50_REAL,artifacts/phases/P30_MANAGEMENT_MATRIX_50_REAL/phase_summary.json,phase_summary,$.missing_metrics[23],MISSING,No write outage was observed during controlled primary handoff.,copied_from_source_missing_encoding
P30_MANAGEMENT_MATRIX_50_REAL.analysis.phase_summary,P30_MANAGEMENT_MATRIX_50_REAL,artifacts/phases/P30_MANAGEMENT_MATRIX_50_REAL/phase_summary.json,phase_summary,$.missing_metrics[24],MISSING,No read outage was observed during controlled primary handoff.,copied_from_source_missing_encoding
P30_MANAGEMENT_MATRIX_50_REAL.analysis.phase_summary,P30_MANAGEMENT_MATRIX_50_REAL,artifacts/phases/P30_MANAGEMENT_MATRIX_50_REAL/phase_summary.json,phase_summary,$.missing_metrics[25],MISSING,No write outage was observed during controlled primary handoff.,copied_from_source_missing_encoding
P30_MANAGEMENT_MATRIX_50_REAL.analysis.phase_summary,P30_MANAGEMENT_MATRIX_50_REAL,artifacts/phases/P30_MANAGEMENT_MATRIX_50_REAL/phase_summary.json,phase_summary,$.missing_metrics[26],MISSING,No read outage was observed during controlled primary handoff.,copied_from_source_missing_encoding
P30_MANAGEMENT_MATRIX_50_REAL.analysis.phase_summary,P30_MANAGEMENT_MATRIX_50_REAL,artifacts/phases/P30_MANAGEMENT_MATRIX_50_REAL/phase_summary.json,phase_summary,$.missing_metrics[27],MISSING,No write outage was observed during controlled primary handoff.,copied_from_source_missing_encoding
P30_MANAGEMENT_MATRIX_50_REAL.analysis.phase_summary,P30_MANAGEMENT_MATRIX_50_REAL,artifacts/phases/P30_MANAGEMENT_MATRIX_50_REAL/phase_summary.json,phase_summary,$.missing_metrics[28],MISSING,No read outage was observed during controlled primary handoff.,copied_from_source_missing_encoding
P30_MANAGEMENT_MATRIX_50_REAL.analysis.phase_summary,P30_MANAGEMENT_MATRIX_50_REAL,artifacts/phases/P30_MANAGEMENT_MATRIX_50_REAL/phase_summary.json,phase_summary,$.missing_metrics[29],MISSING,No write outage was observed during controlled primary handoff.,copied_from_source_missing_encoding
P30_MANAGEMENT_MATRIX_50_REAL.analysis.phase_summary,P30_MANAGEMENT_MATRIX_50_REAL,artifacts/phases/P30_MANAGEMENT_MATRIX_50_REAL/phase_summary.json,phase_summary,$.missing_metrics[2],MISSING,add_replica timing is captured in runtime_timing_breakdown and cluster setup operations before matrix row emission.,copied_from_source_missing_encoding
P30_MANAGEMENT_MATRIX_50_REAL.analysis.phase_summary,P30_MANAGEMENT_MATRIX_50_REAL,artifacts/phases/P30_MANAGEMENT_MATRIX_50_REAL/phase_summary.json,phase_summary,$.missing_metrics[30],MISSING,No read outage was observed during controlled primary handoff.,copied_from_source_missing_encoding
P30_MANAGEMENT_MATRIX_50_REAL.analysis.phase_summary,P30_MANAGEMENT_MATRIX_50_REAL,artifacts/phases/P30_MANAGEMENT_MATRIX_50_REAL/phase_summary.json,phase_summary,$.missing_metrics[31],MISSING,No write outage was observed during controlled primary handoff.,copied_from_source_missing_encoding
P30_MANAGEMENT_MATRIX_50_REAL.analysis.phase_summary,P30_MANAGEMENT_MATRIX_50_REAL,artifacts/phases/P30_MANAGEMENT_MATRIX_50_REAL/phase_summary.json,phase_summary,$.missing_metrics[32],MISSING,No read outage was observed during controlled primary handoff.,copied_from_source_missing_encoding
P30_MANAGEMENT_MATRIX_50_REAL.analysis.phase_summary,P30_MANAGEMENT_MATRIX_50_REAL,artifacts/phases/P30_MANAGEMENT_MATRIX_50_REAL/phase_summary.json,phase_summary,$.missing_metrics[33],MISSING,No write outage was observed during controlled primary handoff.,copied_from_source_missing_encoding
P30_MANAGEMENT_MATRIX_50_REAL.analysis.phase_summary,P30_MANAGEMENT_MATRIX_50_REAL,artifacts/phases/P30_MANAGEMENT_MATRIX_50_REAL/phase_summary.json,phase_summary,$.missing_metrics[34],MISSING,No read outage was observed during controlled primary handoff.,copied_from_source_missing_encoding
P30_MANAGEMENT_MATRIX_50_REAL.analysis.phase_summary,P30_MANAGEMENT_MATRIX_50_REAL,artifacts/phases/P30_MANAGEMENT_MATRIX_50_REAL/phase_summary.json,phase_summary,$.missing_metrics[35],MISSING,No write outage was observed during controlled primary handoff.,copied_from_source_missing_encoding
P30_MANAGEMENT_MATRIX_50_REAL.analysis.phase_summary,P30_MANAGEMENT_MATRIX_50_REAL,artifacts/phases/P30_MANAGEMENT_MATRIX_50_REAL/phase_summary.json,phase_summary,$.missing_metrics[36],MISSING,No read outage was observed during controlled primary handoff.,copied_from_source_missing_encoding
P30_MANAGEMENT_MATRIX_50_REAL.analysis.phase_summary,P30_MANAGEMENT_MATRIX_50_REAL,artifacts/phases/P30_MANAGEMENT_MATRIX_50_REAL/phase_summary.json,phase_summary,$.missing_metrics[37],MISSING,No write outage was observed during controlled primary handoff.,copied_from_source_missing_encoding
P30_MANAGEMENT_MATRIX_50_REAL.analysis.phase_summary,P30_MANAGEMENT_MATRIX_50_REAL,artifacts/phases/P30_MANAGEMENT_MATRIX_50_REAL/phase_summary.json,phase_summary,$.missing_metrics[38],MISSING,No read outage was observed during controlled primary handoff.,copied_from_source_missing_encoding
P30_MANAGEMENT_MATRIX_50_REAL.analysis.phase_summary,P30_MANAGEMENT_MATRIX_50_REAL,artifacts/phases/P30_MANAGEMENT_MATRIX_50_REAL/phase_summary.json,phase_summary,$.missing_metrics[39],MISSING,No write outage was observed during controlled primary handoff.,copied_from_source_missing_encoding
P30_MANAGEMENT_MATRIX_50_REAL.analysis.phase_summary,P30_MANAGEMENT_MATRIX_50_REAL,artifacts/phases/P30_MANAGEMENT_MATRIX_50_REAL/phase_summary.json,phase_summary,$.missing_metrics[3],MISSING,Valkey MIGRATE byte count is not exposed by the command path.,copied_from_source_missing_encoding
P30_MANAGEMENT_MATRIX_50_REAL.analysis.phase_summary,P30_MANAGEMENT_MATRIX_50_REAL,artifacts/phases/P30_MANAGEMENT_MATRIX_50_REAL/phase_summary.json,phase_summary,$.missing_metrics[40],MISSING,No read outage was observed during controlled primary handoff.,copied_from_source_missing_encoding
P30_MANAGEMENT_MATRIX_50_REAL.analysis.phase_summary,P30_MANAGEMENT_MATRIX_50_REAL,artifacts/phases/P30_MANAGEMENT_MATRIX_50_REAL/phase_summary.json,phase_summary,$.missing_metrics[41],MISSING,No write outage was observed during controlled primary handoff.,copied_from_source_missing_encoding
P30_MANAGEMENT_MATRIX_50_REAL.analysis.phase_summary,P30_MANAGEMENT_MATRIX_50_REAL,artifacts/phases/P30_MANAGEMENT_MATRIX_50_REAL/phase_summary.json,phase_summary,$.missing_metrics[42],MISSING,No read outage was observed during controlled primary handoff.,copied_from_source_missing_encoding
P30_MANAGEMENT_MATRIX_50_REAL.analysis.phase_summary,P30_MANAGEMENT_MATRIX_50_REAL,artifacts/phases/P30_MANAGEMENT_MATRIX_50_REAL/phase_summary.json,phase_summary,$.missing_metrics[43],MISSING,No write outage was observed during controlled primary handoff.,copied_from_source_missing_encoding
P30_MANAGEMENT_MATRIX_50_REAL.analysis.phase_summary,P30_MANAGEMENT_MATRIX_50_REAL,artifacts/phases/P30_MANAGEMENT_MATRIX_50_REAL/phase_summary.json,phase_summary,$.missing_metrics[44],MISSING,No read outage was observed during controlled primary handoff.,copied_from_source_missing_encoding
P30_MANAGEMENT_MATRIX_50_REAL.analysis.phase_summary,P30_MANAGEMENT_MATRIX_50_REAL,artifacts/phases/P30_MANAGEMENT_MATRIX_50_REAL/phase_summary.json,phase_summary,$.missing_metrics[45],MISSING,No write outage was observed during controlled primary handoff.,copied_from_source_missing_encoding
P30_MANAGEMENT_MATRIX_50_REAL.analysis.phase_summary,P30_MANAGEMENT_MATRIX_50_REAL,artifacts/phases/P30_MANAGEMENT_MATRIX_50_REAL/phase_summary.json,phase_summary,$.missing_metrics[46],MISSING,No read outage was observed during controlled primary handoff.,copied_from_source_missing_encoding
P30_MANAGEMENT_MATRIX_50_REAL.analysis.phase_summary,P30_MANAGEMENT_MATRIX_50_REAL,artifacts/phases/P30_MANAGEMENT_MATRIX_50_REAL/phase_summary.json,phase_summary,$.missing_metrics[47],MISSING,No write outage was observed during controlled primary handoff.,copied_from_source_missing_encoding
P30_MANAGEMENT_MATRIX_50_REAL.analysis.phase_summary,P30_MANAGEMENT_MATRIX_50_REAL,artifacts/phases/P30_MANAGEMENT_MATRIX_50_REAL/phase_summary.json,phase_summary,$.missing_metrics[48],MISSING,No read outage was observed during controlled primary handoff.,copied_from_source_missing_encoding
P30_MANAGEMENT_MATRIX_50_REAL.analysis.phase_summary,P30_MANAGEMENT_MATRIX_50_REAL,artifacts/phases/P30_MANAGEMENT_MATRIX_50_REAL/phase_summary.json,phase_summary,$.missing_metrics[49],MISSING,No write outage was observed during controlled primary handoff.,copied_from_source_missing_encoding
P30_MANAGEMENT_MATRIX_50_REAL.analysis.phase_summary,P30_MANAGEMENT_MATRIX_50_REAL,artifacts/phases/P30_MANAGEMENT_MATRIX_50_REAL/phase_summary.json,phase_summary,$.missing_metrics[4],MISSING,Valkey MIGRATE byte count is not exposed by the command path.,copied_from_source_missing_encoding
P30_MANAGEMENT_MATRIX_50_REAL.analysis.phase_summary,P30_MANAGEMENT_MATRIX_50_REAL,artifacts/phases/P30_MANAGEMENT_MATRIX_50_REAL/phase_summary.json,phase_summary,$.missing_metrics[50],MISSING,No read outage was observed during controlled primary handoff.,copied_from_source_missing_encoding
P30_MANAGEMENT_MATRIX_50_REAL.analysis.phase_summary,P30_MANAGEMENT_MATRIX_50_REAL,artifacts/phases/P30_MANAGEMENT_MATRIX_50_REAL/phase_summary.json,phase_summary,$.missing_metrics[51],MISSING,No write outage was observed during controlled primary handoff.,copied_from_source_missing_encoding
P30_MANAGEMENT_MATRIX_50_REAL.analysis.phase_summary,P30_MANAGEMENT_MATRIX_50_REAL,artifacts/phases/P30_MANAGEMENT_MATRIX_50_REAL/phase_summary.json,phase_summary,$.missing_metrics[52],MISSING,No read outage was observed during controlled primary handoff.,copied_from_source_missing_encoding
P30_MANAGEMENT_MATRIX_50_REAL.analysis.phase_summary,P30_MANAGEMENT_MATRIX_50_REAL,artifacts/phases/P30_MANAGEMENT_MATRIX_50_REAL/phase_summary.json,phase_summary,$.missing_metrics[53],MISSING,No write outage was observed during controlled primary handoff.,copied_from_source_missing_encoding
P30_MANAGEMENT_MATRIX_50_REAL.analysis.phase_summary,P30_MANAGEMENT_MATRIX_50_REAL,artifacts/phases/P30_MANAGEMENT_MATRIX_50_REAL/phase_summary.json,phase_summary,$.missing_metrics[54],MISSING,No read outage was observed during controlled primary handoff.,copied_from_source_missing_encoding
P30_MANAGEMENT_MATRIX_50_REAL.analysis.phase_summary,P30_MANAGEMENT_MATRIX_50_REAL,artifacts/phases/P30_MANAGEMENT_MATRIX_50_REAL/phase_summary.json,phase_summary,$.missing_metrics[55],MISSING,No write outage was observed during controlled primary handoff.,copied_from_source_missing_encoding
P30_MANAGEMENT_MATRIX_50_REAL.analysis.phase_summary,P30_MANAGEMENT_MATRIX_50_REAL,artifacts/phases/P30_MANAGEMENT_MATRIX_50_REAL/phase_summary.json,phase_summary,$.missing_metrics[56],MISSING,No read outage was observed during controlled primary handoff.,copied_from_source_missing_encoding
P30_MANAGEMENT_MATRIX_50_REAL.analysis.phase_summary,P30_MANAGEMENT_MATRIX_50_REAL,artifacts/phases/P30_MANAGEMENT_MATRIX_50_REAL/phase_summary.json,phase_summary,$.missing_metrics[57],MISSING,No write outage was observed during controlled primary handoff.,copied_from_source_missing_encoding
P30_MANAGEMENT_MATRIX_50_REAL.analysis.phase_summary,P30_MANAGEMENT_MATRIX_50_REAL,artifacts/phases/P30_MANAGEMENT_MATRIX_50_REAL/phase_summary.json,phase_summary,$.missing_metrics[58],MISSING,No read outage was observed during controlled primary handoff.,copied_from_source_missing_encoding
P30_MANAGEMENT_MATRIX_50_REAL.analysis.phase_summary,P30_MANAGEMENT_MATRIX_50_REAL,artifacts/phases/P30_MANAGEMENT_MATRIX_50_REAL/phase_summary.json,phase_summary,$.missing_metrics[59],MISSING,No write outage was observed during controlled primary handoff.,copied_from_source_missing_encoding
P30_MANAGEMENT_MATRIX_50_REAL.analysis.phase_summary,P30_MANAGEMENT_MATRIX_50_REAL,artifacts/phases/P30_MANAGEMENT_MATRIX_50_REAL/phase_summary.json,phase_summary,$.missing_metrics[5],MISSING,Valkey MIGRATE byte count is not exposed by the command path.,copied_from_source_missing_encoding
P30_MANAGEMENT_MATRIX_50_REAL.analysis.phase_summary,P30_MANAGEMENT_MATRIX_50_REAL,artifacts/phases/P30_MANAGEMENT_MATRIX_50_REAL/phase_summary.json,phase_summary,$.missing_metrics[60],MISSING,No read outage was observed during controlled primary handoff.,copied_from_source_missing_encoding
P30_MANAGEMENT_MATRIX_50_REAL.analysis.phase_summary,P30_MANAGEMENT_MATRIX_50_REAL,artifacts/phases/P30_MANAGEMENT_MATRIX_50_REAL/phase_summary.json,phase_summary,$.missing_metrics[61],MISSING,No write outage was observed during controlled primary handoff.,copied_from_source_missing_encoding
P30_MANAGEMENT_MATRIX_50_REAL.analysis.phase_summary,P30_MANAGEMENT_MATRIX_50_REAL,artifacts/phases/P30_MANAGEMENT_MATRIX_50_REAL/phase_summary.json,phase_summary,$.missing_metrics[62],MISSING,No read outage was observed during controlled primary handoff.,copied_from_source_missing_encoding
P30_MANAGEMENT_MATRIX_50_REAL.analysis.phase_summary,P30_MANAGEMENT_MATRIX_50_REAL,artifacts/phases/P30_MANAGEMENT_MATRIX_50_REAL/phase_summary.json,phase_summary,$.missing_metrics[63],MISSING,No write outage was observed during controlled primary handoff.,copied_from_source_missing_encoding
P30_MANAGEMENT_MATRIX_50_REAL.analysis.phase_summary,P30_MANAGEMENT_MATRIX_50_REAL,artifacts/phases/P30_MANAGEMENT_MATRIX_50_REAL/phase_summary.json,phase_summary,$.missing_metrics[64],MISSING,No read outage was observed during controlled primary handoff.,copied_from_source_missing_encoding
P30_MANAGEMENT_MATRIX_50_REAL.analysis.phase_summary,P30_MANAGEMENT_MATRIX_50_REAL,artifacts/phases/P30_MANAGEMENT_MATRIX_50_REAL/phase_summary.json,phase_summary,$.missing_metrics[65],MISSING,No write outage was observed during controlled primary handoff.,copied_from_source_missing_encoding
P30_MANAGEMENT_MATRIX_50_REAL.analysis.phase_summary,P30_MANAGEMENT_MATRIX_50_REAL,artifacts/phases/P30_MANAGEMENT_MATRIX_50_REAL/phase_summary.json,phase_summary,$.missing_metrics[66],MISSING,No read outage was observed during controlled primary handoff.,copied_from_source_missing_encoding
P30_MANAGEMENT_MATRIX_50_REAL.analysis.phase_summary,P30_MANAGEMENT_MATRIX_50_REAL,artifacts/phases/P30_MANAGEMENT_MATRIX_50_REAL/phase_summary.json,phase_summary,$.missing_metrics[67],MISSING,No write outage was observed during controlled primary handoff.,copied_from_source_missing_encoding
P30_MANAGEMENT_MATRIX_50_REAL.analysis.phase_summary,P30_MANAGEMENT_MATRIX_50_REAL,artifacts/phases/P30_MANAGEMENT_MATRIX_50_REAL/phase_summary.json,phase_summary,$.missing_metrics[68],MISSING,No read outage was observed during controlled primary handoff.,copied_from_source_missing_encoding
P30_MANAGEMENT_MATRIX_50_REAL.analysis.phase_summary,P30_MANAGEMENT_MATRIX_50_REAL,artifacts/phases/P30_MANAGEMENT_MATRIX_50_REAL/phase_summary.json,phase_summary,$.missing_metrics[69],MISSING,No write outage was observed during controlled primary handoff.,copied_from_source_missing_encoding
P30_MANAGEMENT_MATRIX_50_REAL.analysis.phase_summary,P30_MANAGEMENT_MATRIX_50_REAL,artifacts/phases/P30_MANAGEMENT_MATRIX_50_REAL/phase_summary.json,phase_summary,$.missing_metrics[6],MISSING,No read outage was observed during controlled primary handoff.,copied_from_source_missing_encoding
P30_MANAGEMENT_MATRIX_50_REAL.analysis.phase_summary,P30_MANAGEMENT_MATRIX_50_REAL,artifacts/phases/P30_MANAGEMENT_MATRIX_50_REAL/phase_summary.json,phase_summary,$.missing_metrics[70],MISSING,No read outage was observed during controlled primary handoff.,copied_from_source_missing_encoding
P30_MANAGEMENT_MATRIX_50_REAL.analysis.phase_summary,P30_MANAGEMENT_MATRIX_50_REAL,artifacts/phases/P30_MANAGEMENT_MATRIX_50_REAL/phase_summary.json,phase_summary,$.missing_metrics[71],MISSING,No write outage was observed during controlled primary handoff.,copied_from_source_missing_encoding
P30_MANAGEMENT_MATRIX_50_REAL.analysis.phase_summary,P30_MANAGEMENT_MATRIX_50_REAL,artifacts/phases/P30_MANAGEMENT_MATRIX_50_REAL/phase_summary.json,phase_summary,$.missing_metrics[72],MISSING,No read outage was observed during controlled primary handoff.,copied_from_source_missing_encoding
P30_MANAGEMENT_MATRIX_50_REAL.analysis.phase_summary,P30_MANAGEMENT_MATRIX_50_REAL,artifacts/phases/P30_MANAGEMENT_MATRIX_50_REAL/phase_summary.json,phase_summary,$.missing_metrics[73],MISSING,No write outage was observed during controlled primary handoff.,copied_from_source_missing_encoding
P30_MANAGEMENT_MATRIX_50_REAL.analysis.phase_summary,P30_MANAGEMENT_MATRIX_50_REAL,artifacts/phases/P30_MANAGEMENT_MATRIX_50_REAL/phase_summary.json,phase_summary,$.missing_metrics[74],MISSING,No read outage was observed during controlled primary handoff.,copied_from_source_missing_encoding
P30_MANAGEMENT_MATRIX_50_REAL.analysis.phase_summary,P30_MANAGEMENT_MATRIX_50_REAL,artifacts/phases/P30_MANAGEMENT_MATRIX_50_REAL/phase_summary.json,phase_summary,$.missing_metrics[75],MISSING,No write outage was observed during controlled primary handoff.,copied_from_source_missing_encoding
P30_MANAGEMENT_MATRIX_50_REAL.analysis.phase_summary,P30_MANAGEMENT_MATRIX_50_REAL,artifacts/phases/P30_MANAGEMENT_MATRIX_50_REAL/phase_summary.json,phase_summary,$.missing_metrics[76],MISSING,No read outage was observed during controlled primary handoff.,copied_from_source_missing_encoding
P30_MANAGEMENT_MATRIX_50_REAL.analysis.phase_summary,P30_MANAGEMENT_MATRIX_50_REAL,artifacts/phases/P30_MANAGEMENT_MATRIX_50_REAL/phase_summary.json,phase_summary,$.missing_metrics[77],MISSING,No write outage was observed during controlled primary handoff.,copied_from_source_missing_encoding
P30_MANAGEMENT_MATRIX_50_REAL.analysis.phase_summary,P30_MANAGEMENT_MATRIX_50_REAL,artifacts/phases/P30_MANAGEMENT_MATRIX_50_REAL/phase_summary.json,phase_summary,$.missing_metrics[78],MISSING,No read outage was observed during controlled primary handoff.,copied_from_source_missing_encoding
P30_MANAGEMENT_MATRIX_50_REAL.analysis.phase_summary,P30_MANAGEMENT_MATRIX_50_REAL,artifacts/phases/P30_MANAGEMENT_MATRIX_50_REAL/phase_summary.json,phase_summary,$.missing_metrics[79],MISSING,No write outage was observed during controlled primary handoff.,copied_from_source_missing_encoding
P30_MANAGEMENT_MATRIX_50_REAL.analysis.phase_summary,P30_MANAGEMENT_MATRIX_50_REAL,artifacts/phases/P30_MANAGEMENT_MATRIX_50_REAL/phase_summary.json,phase_summary,$.missing_metrics[7],MISSING,No write outage was observed during controlled primary handoff.,copied_from_source_missing_encoding
P30_MANAGEMENT_MATRIX_50_REAL.analysis.phase_summary,P30_MANAGEMENT_MATRIX_50_REAL,artifacts/phases/P30_MANAGEMENT_MATRIX_50_REAL/phase_summary.json,phase_summary,$.missing_metrics[80],MISSING,No read outage was observed during controlled primary handoff.,copied_from_source_missing_encoding
P30_MANAGEMENT_MATRIX_50_REAL.analysis.phase_summary,P30_MANAGEMENT_MATRIX_50_REAL,artifacts/phases/P30_MANAGEMENT_MATRIX_50_REAL/phase_summary.json,phase_summary,$.missing_metrics[81],MISSING,No write outage was observed during controlled primary handoff.,copied_from_source_missing_encoding
P30_MANAGEMENT_MATRIX_50_REAL.analysis.phase_summary,P30_MANAGEMENT_MATRIX_50_REAL,artifacts/phases/P30_MANAGEMENT_MATRIX_50_REAL/phase_summary.json,phase_summary,$.missing_metrics[82],MISSING,No read outage was observed during controlled primary handoff.,copied_from_source_missing_encoding
P30_MANAGEMENT_MATRIX_50_REAL.analysis.phase_summary,P30_MANAGEMENT_MATRIX_50_REAL,artifacts/phases/P30_MANAGEMENT_MATRIX_50_REAL/phase_summary.json,phase_summary,$.missing_metrics[83],MISSING,No write outage was observed during controlled primary handoff.,copied_from_source_missing_encoding
P30_MANAGEMENT_MATRIX_50_REAL.analysis.phase_summary,P30_MANAGEMENT_MATRIX_50_REAL,artifacts/phases/P30_MANAGEMENT_MATRIX_50_REAL/phase_summary.json,phase_summary,$.missing_metrics[84],MISSING,No read outage was observed during controlled primary handoff.,copied_from_source_missing_encoding
P30_MANAGEMENT_MATRIX_50_REAL.analysis.phase_summary,P30_MANAGEMENT_MATRIX_50_REAL,artifacts/phases/P30_MANAGEMENT_MATRIX_50_REAL/phase_summary.json,phase_summary,$.missing_metrics[85],MISSING,No write outage was observed during controlled primary handoff.,copied_from_source_missing_encoding
P30_MANAGEMENT_MATRIX_50_REAL.analysis.phase_summary,P30_MANAGEMENT_MATRIX_50_REAL,artifacts/phases/P30_MANAGEMENT_MATRIX_50_REAL/phase_summary.json,phase_summary,$.missing_metrics[86],MISSING,No read outage was observed during controlled primary handoff.,copied_from_source_missing_encoding
P30_MANAGEMENT_MATRIX_50_REAL.analysis.phase_summary,P30_MANAGEMENT_MATRIX_50_REAL,artifacts/phases/P30_MANAGEMENT_MATRIX_50_REAL/phase_summary.json,phase_summary,$.missing_metrics[87],MISSING,No write outage was observed during controlled primary handoff.,copied_from_source_missing_encoding
P30_MANAGEMENT_MATRIX_50_REAL.analysis.phase_summary,P30_MANAGEMENT_MATRIX_50_REAL,artifacts/phases/P30_MANAGEMENT_MATRIX_50_REAL/phase_summary.json,phase_summary,$.missing_metrics[88],MISSING,No read outage was observed during controlled primary handoff.,copied_from_source_missing_encoding
P30_MANAGEMENT_MATRIX_50_REAL.analysis.phase_summary,P30_MANAGEMENT_MATRIX_50_REAL,artifacts/phases/P30_MANAGEMENT_MATRIX_50_REAL/phase_summary.json,phase_summary,$.missing_metrics[89],MISSING,No write outage was observed during controlled primary handoff.,copied_from_source_missing_encoding
P30_MANAGEMENT_MATRIX_50_REAL.analysis.phase_summary,P30_MANAGEMENT_MATRIX_50_REAL,artifacts/phases/P30_MANAGEMENT_MATRIX_50_REAL/phase_summary.json,phase_summary,$.missing_metrics[8],MISSING,No read outage was observed during controlled primary handoff.,copied_from_source_missing_encoding
P30_MANAGEMENT_MATRIX_50_REAL.analysis.phase_summary,P30_MANAGEMENT_MATRIX_50_REAL,artifacts/phases/P30_MANAGEMENT_MATRIX_50_REAL/phase_summary.json,phase_summary,$.missing_metrics[90],MISSING,No read outage was observed during controlled primary handoff.,copied_from_source_missing_encoding
P30_MANAGEMENT_MATRIX_50_REAL.analysis.phase_summary,P30_MANAGEMENT_MATRIX_50_REAL,artifacts/phases/P30_MANAGEMENT_MATRIX_50_REAL/phase_summary.json,phase_summary,$.missing_metrics[91],MISSING,No write outage was observed during controlled primary handoff.,copied_from_source_missing_encoding
P30_MANAGEMENT_MATRIX_50_REAL.analysis.phase_summary,P30_MANAGEMENT_MATRIX_50_REAL,artifacts/phases/P30_MANAGEMENT_MATRIX_50_REAL/phase_summary.json,phase_summary,$.missing_metrics[92],MISSING,No read outage was observed during controlled primary handoff.,copied_from_source_missing_encoding
P30_MANAGEMENT_MATRIX_50_REAL.analysis.phase_summary,P30_MANAGEMENT_MATRIX_50_REAL,artifacts/phases/P30_MANAGEMENT_MATRIX_50_REAL/phase_summary.json,phase_summary,$.missing_metrics[93],MISSING,No write outage was observed during controlled primary handoff.,copied_from_source_missing_encoding
P30_MANAGEMENT_MATRIX_50_REAL.analysis.phase_summary,P30_MANAGEMENT_MATRIX_50_REAL,artifacts/phases/P30_MANAGEMENT_MATRIX_50_REAL/phase_summary.json,phase_summary,$.missing_metrics[94],MISSING,No read outage was observed during controlled primary handoff.,copied_from_source_missing_encoding
P30_MANAGEMENT_MATRIX_50_REAL.analysis.phase_summary,P30_MANAGEMENT_MATRIX_50_REAL,artifacts/phases/P30_MANAGEMENT_MATRIX_50_REAL/phase_summary.json,phase_summary,$.missing_metrics[95],MISSING,No write outage was observed during controlled primary handoff.,copied_from_source_missing_encoding
P30_MANAGEMENT_MATRIX_50_REAL.analysis.phase_summary,P30_MANAGEMENT_MATRIX_50_REAL,artifacts/phases/P30_MANAGEMENT_MATRIX_50_REAL/phase_summary.json,phase_summary,$.missing_metrics[96],MISSING,No read outage was observed during controlled primary handoff.,copied_from_source_missing_encoding
P30_MANAGEMENT_MATRIX_50_REAL.analysis.phase_summary,P30_MANAGEMENT_MATRIX_50_REAL,artifacts/phases/P30_MANAGEMENT_MATRIX_50_REAL/phase_summary.json,phase_summary,$.missing_metrics[97],MISSING,No write outage was observed during controlled primary handoff.,copied_from_source_missing_encoding
P30_MANAGEMENT_MATRIX_50_REAL.analysis.phase_summary,P30_MANAGEMENT_MATRIX_50_REAL,artifacts/phases/P30_MANAGEMENT_MATRIX_50_REAL/phase_summary.json,phase_summary,$.missing_metrics[98],MISSING,No read outage was observed during controlled primary handoff.,copied_from_source_missing_encoding
P30_MANAGEMENT_MATRIX_50_REAL.analysis.phase_summary,P30_MANAGEMENT_MATRIX_50_REAL,artifacts/phases/P30_MANAGEMENT_MATRIX_50_REAL/phase_summary.json,phase_summary,$.missing_metrics[99],MISSING,No write outage was observed during controlled primary handoff.,copied_from_source_missing_encoding
P30_MANAGEMENT_MATRIX_50_REAL.analysis.phase_summary,P30_MANAGEMENT_MATRIX_50_REAL,artifacts/phases/P30_MANAGEMENT_MATRIX_50_REAL/phase_summary.json,phase_summary,$.missing_metrics[9],MISSING,No write outage was observed during controlled primary handoff.,copied_from_source_missing_encoding
100.management.add_replica,P31_MANAGEMENT_MATRIX_100_REAL,artifacts/phases/P31_MANAGEMENT_MATRIX_100_REAL/management_operation_results.jsonl,add_replica,$.bytes_migrated,MISSING,Valkey command path did not expose migrated byte counts for this operation.,copied_from_source_missing_encoding
100.management.add_replica,P31_MANAGEMENT_MATRIX_100_REAL,artifacts/phases/P31_MANAGEMENT_MATRIX_100_REAL/management_operation_results.jsonl,add_replica,$.missing_fields[0],MISSING,add_replica timing is captured in runtime_timing_breakdown and cluster setup operations before matrix row emission.,copied_from_source_missing_encoding
100.management.add_replica,P31_MANAGEMENT_MATRIX_100_REAL,artifacts/phases/P31_MANAGEMENT_MATRIX_100_REAL/management_operation_results.jsonl,add_replica,command_ms,MISSING,add_replica timing is captured in runtime_timing_breakdown and cluster setup operations before matrix row emission.,copied_from_source_missing_encoding
100.management.cleanup_verify,P31_MANAGEMENT_MATRIX_100_REAL,artifacts/phases/P31_MANAGEMENT_MATRIX_100_REAL/cleanup_report.json,cleanup_verify,$.cleanup_actions[0],SKIPPED_WITH_REASON,Valkey process was already stopped before cleanup termination.,copied_from_source_missing_encoding
100.management.cleanup_verify,P31_MANAGEMENT_MATRIX_100_REAL,artifacts/phases/P31_MANAGEMENT_MATRIX_100_REAL/cleanup_report.json,cleanup_verify,$.cleanup_actions[10],SKIPPED_WITH_REASON,Valkey process was already stopped before cleanup termination.,copied_from_source_missing_encoding
100.management.cleanup_verify,P31_MANAGEMENT_MATRIX_100_REAL,artifacts/phases/P31_MANAGEMENT_MATRIX_100_REAL/cleanup_report.json,cleanup_verify,$.cleanup_actions[11],SKIPPED_WITH_REASON,Valkey process was already stopped before cleanup termination.,copied_from_source_missing_encoding
100.management.cleanup_verify,P31_MANAGEMENT_MATRIX_100_REAL,artifacts/phases/P31_MANAGEMENT_MATRIX_100_REAL/cleanup_report.json,cleanup_verify,$.cleanup_actions[12],SKIPPED_WITH_REASON,Valkey process was already stopped before cleanup termination.,copied_from_source_missing_encoding
100.management.cleanup_verify,P31_MANAGEMENT_MATRIX_100_REAL,artifacts/phases/P31_MANAGEMENT_MATRIX_100_REAL/cleanup_report.json,cleanup_verify,$.cleanup_actions[13],SKIPPED_WITH_REASON,Valkey process was already stopped before cleanup termination.,copied_from_source_missing_encoding
100.management.cleanup_verify,P31_MANAGEMENT_MATRIX_100_REAL,artifacts/phases/P31_MANAGEMENT_MATRIX_100_REAL/cleanup_report.json,cleanup_verify,$.cleanup_actions[14],SKIPPED_WITH_REASON,Valkey process was already stopped before cleanup termination.,copied_from_source_missing_encoding
100.management.cleanup_verify,P31_MANAGEMENT_MATRIX_100_REAL,artifacts/phases/P31_MANAGEMENT_MATRIX_100_REAL/cleanup_report.json,cleanup_verify,$.cleanup_actions[15],SKIPPED_WITH_REASON,Valkey process was already stopped before cleanup termination.,copied_from_source_missing_encoding
100.management.cleanup_verify,P31_MANAGEMENT_MATRIX_100_REAL,artifacts/phases/P31_MANAGEMENT_MATRIX_100_REAL/cleanup_report.json,cleanup_verify,$.cleanup_actions[16],SKIPPED_WITH_REASON,Valkey process was already stopped before cleanup termination.,copied_from_source_missing_encoding
100.management.cleanup_verify,P31_MANAGEMENT_MATRIX_100_REAL,artifacts/phases/P31_MANAGEMENT_MATRIX_100_REAL/cleanup_report.json,cleanup_verify,$.cleanup_actions[17],SKIPPED_WITH_REASON,Valkey process was already stopped before cleanup termination.,copied_from_source_missing_encoding
100.management.cleanup_verify,P31_MANAGEMENT_MATRIX_100_REAL,artifacts/phases/P31_MANAGEMENT_MATRIX_100_REAL/cleanup_report.json,cleanup_verify,$.cleanup_actions[18],SKIPPED_WITH_REASON,Valkey process was already stopped before cleanup termination.,copied_from_source_missing_encoding
100.management.cleanup_verify,P31_MANAGEMENT_MATRIX_100_REAL,artifacts/phases/P31_MANAGEMENT_MATRIX_100_REAL/cleanup_report.json,cleanup_verify,$.cleanup_actions[19],SKIPPED_WITH_REASON,Valkey process was already stopped before cleanup termination.,copied_from_source_missing_encoding
100.management.cleanup_verify,P31_MANAGEMENT_MATRIX_100_REAL,artifacts/phases/P31_MANAGEMENT_MATRIX_100_REAL/cleanup_report.json,cleanup_verify,$.cleanup_actions[1],SKIPPED_WITH_REASON,Valkey process was already stopped before cleanup termination.,copied_from_source_missing_encoding
100.management.cleanup_verify,P31_MANAGEMENT_MATRIX_100_REAL,artifacts/phases/P31_MANAGEMENT_MATRIX_100_REAL/cleanup_report.json,cleanup_verify,$.cleanup_actions[20],SKIPPED_WITH_REASON,Valkey process was already stopped before cleanup termination.,copied_from_source_missing_encoding
100.management.cleanup_verify,P31_MANAGEMENT_MATRIX_100_REAL,artifacts/phases/P31_MANAGEMENT_MATRIX_100_REAL/cleanup_report.json,cleanup_verify,$.cleanup_actions[21],SKIPPED_WITH_REASON,Valkey process was already stopped before cleanup termination.,copied_from_source_missing_encoding
100.management.cleanup_verify,P31_MANAGEMENT_MATRIX_100_REAL,artifacts/phases/P31_MANAGEMENT_MATRIX_100_REAL/cleanup_report.json,cleanup_verify,$.cleanup_actions[22],SKIPPED_WITH_REASON,Valkey process was already stopped before cleanup termination.,copied_from_source_missing_encoding
100.management.cleanup_verify,P31_MANAGEMENT_MATRIX_100_REAL,artifacts/phases/P31_MANAGEMENT_MATRIX_100_REAL/cleanup_report.json,cleanup_verify,$.cleanup_actions[23],SKIPPED_WITH_REASON,Valkey process was already stopped before cleanup termination.,copied_from_source_missing_encoding
100.management.cleanup_verify,P31_MANAGEMENT_MATRIX_100_REAL,artifacts/phases/P31_MANAGEMENT_MATRIX_100_REAL/cleanup_report.json,cleanup_verify,$.cleanup_actions[24],SKIPPED_WITH_REASON,Valkey process was already stopped before cleanup termination.,copied_from_source_missing_encoding
100.management.cleanup_verify,P31_MANAGEMENT_MATRIX_100_REAL,artifacts/phases/P31_MANAGEMENT_MATRIX_100_REAL/cleanup_report.json,cleanup_verify,$.cleanup_actions[25],SKIPPED_WITH_REASON,Valkey process was already stopped before cleanup termination.,copied_from_source_missing_encoding
100.management.cleanup_verify,P31_MANAGEMENT_MATRIX_100_REAL,artifacts/phases/P31_MANAGEMENT_MATRIX_100_REAL/cleanup_report.json,cleanup_verify,$.cleanup_actions[26],SKIPPED_WITH_REASON,Valkey process was already stopped before cleanup termination.,copied_from_source_missing_encoding
100.management.cleanup_verify,P31_MANAGEMENT_MATRIX_100_REAL,artifacts/phases/P31_MANAGEMENT_MATRIX_100_REAL/cleanup_report.json,cleanup_verify,$.cleanup_actions[27],SKIPPED_WITH_REASON,Valkey process was already stopped before cleanup termination.,copied_from_source_missing_encoding
100.management.cleanup_verify,P31_MANAGEMENT_MATRIX_100_REAL,artifacts/phases/P31_MANAGEMENT_MATRIX_100_REAL/cleanup_report.json,cleanup_verify,$.cleanup_actions[28],SKIPPED_WITH_REASON,Valkey process was already stopped before cleanup termination.,copied_from_source_missing_encoding
100.management.cleanup_verify,P31_MANAGEMENT_MATRIX_100_REAL,artifacts/phases/P31_MANAGEMENT_MATRIX_100_REAL/cleanup_report.json,cleanup_verify,$.cleanup_actions[29],SKIPPED_WITH_REASON,Valkey process was already stopped before cleanup termination.,copied_from_source_missing_encoding
100.management.cleanup_verify,P31_MANAGEMENT_MATRIX_100_REAL,artifacts/phases/P31_MANAGEMENT_MATRIX_100_REAL/cleanup_report.json,cleanup_verify,$.cleanup_actions[2],SKIPPED_WITH_REASON,Valkey process was already stopped before cleanup termination.,copied_from_source_missing_encoding
100.management.cleanup_verify,P31_MANAGEMENT_MATRIX_100_REAL,artifacts/phases/P31_MANAGEMENT_MATRIX_100_REAL/cleanup_report.json,cleanup_verify,$.cleanup_actions[30],SKIPPED_WITH_REASON,Valkey process was already stopped before cleanup termination.,copied_from_source_missing_encoding
100.management.cleanup_verify,P31_MANAGEMENT_MATRIX_100_REAL,artifacts/phases/P31_MANAGEMENT_MATRIX_100_REAL/cleanup_report.json,cleanup_verify,$.cleanup_actions[31],SKIPPED_WITH_REASON,Valkey process was already stopped before cleanup termination.,copied_from_source_missing_encoding
100.management.cleanup_verify,P31_MANAGEMENT_MATRIX_100_REAL,artifacts/phases/P31_MANAGEMENT_MATRIX_100_REAL/cleanup_report.json,cleanup_verify,$.cleanup_actions[32],SKIPPED_WITH_REASON,Valkey process was already stopped before cleanup termination.,copied_from_source_missing_encoding
100.management.cleanup_verify,P31_MANAGEMENT_MATRIX_100_REAL,artifacts/phases/P31_MANAGEMENT_MATRIX_100_REAL/cleanup_report.json,cleanup_verify,$.cleanup_actions[33],SKIPPED_WITH_REASON,Valkey process was already stopped before cleanup termination.,copied_from_source_missing_encoding
100.management.cleanup_verify,P31_MANAGEMENT_MATRIX_100_REAL,artifacts/phases/P31_MANAGEMENT_MATRIX_100_REAL/cleanup_report.json,cleanup_verify,$.cleanup_actions[34],SKIPPED_WITH_REASON,Valkey process was already stopped before cleanup termination.,copied_from_source_missing_encoding
100.management.cleanup_verify,P31_MANAGEMENT_MATRIX_100_REAL,artifacts/phases/P31_MANAGEMENT_MATRIX_100_REAL/cleanup_report.json,cleanup_verify,$.cleanup_actions[35],SKIPPED_WITH_REASON,Valkey process was already stopped before cleanup termination.,copied_from_source_missing_encoding
100.management.cleanup_verify,P31_MANAGEMENT_MATRIX_100_REAL,artifacts/phases/P31_MANAGEMENT_MATRIX_100_REAL/cleanup_report.json,cleanup_verify,$.cleanup_actions[36],SKIPPED_WITH_REASON,Valkey process was already stopped before cleanup termination.,copied_from_source_missing_encoding
100.management.cleanup_verify,P31_MANAGEMENT_MATRIX_100_REAL,artifacts/phases/P31_MANAGEMENT_MATRIX_100_REAL/cleanup_report.json,cleanup_verify,$.cleanup_actions[37],SKIPPED_WITH_REASON,Valkey process was already stopped before cleanup termination.,copied_from_source_missing_encoding
100.management.cleanup_verify,P31_MANAGEMENT_MATRIX_100_REAL,artifacts/phases/P31_MANAGEMENT_MATRIX_100_REAL/cleanup_report.json,cleanup_verify,$.cleanup_actions[38],SKIPPED_WITH_REASON,Valkey process was already stopped before cleanup termination.,copied_from_source_missing_encoding
100.management.cleanup_verify,P31_MANAGEMENT_MATRIX_100_REAL,artifacts/phases/P31_MANAGEMENT_MATRIX_100_REAL/cleanup_report.json,cleanup_verify,$.cleanup_actions[39],SKIPPED_WITH_REASON,Valkey process was already stopped before cleanup termination.,copied_from_source_missing_encoding
100.management.cleanup_verify,P31_MANAGEMENT_MATRIX_100_REAL,artifacts/phases/P31_MANAGEMENT_MATRIX_100_REAL/cleanup_report.json,cleanup_verify,$.cleanup_actions[3],SKIPPED_WITH_REASON,Valkey process was already stopped before cleanup termination.,copied_from_source_missing_encoding
100.management.cleanup_verify,P31_MANAGEMENT_MATRIX_100_REAL,artifacts/phases/P31_MANAGEMENT_MATRIX_100_REAL/cleanup_report.json,cleanup_verify,$.cleanup_actions[40],SKIPPED_WITH_REASON,Valkey process was already stopped before cleanup termination.,copied_from_source_missing_encoding
100.management.cleanup_verify,P31_MANAGEMENT_MATRIX_100_REAL,artifacts/phases/P31_MANAGEMENT_MATRIX_100_REAL/cleanup_report.json,cleanup_verify,$.cleanup_actions[41],SKIPPED_WITH_REASON,Valkey process was already stopped before cleanup termination.,copied_from_source_missing_encoding
100.management.cleanup_verify,P31_MANAGEMENT_MATRIX_100_REAL,artifacts/phases/P31_MANAGEMENT_MATRIX_100_REAL/cleanup_report.json,cleanup_verify,$.cleanup_actions[42],SKIPPED_WITH_REASON,Valkey process was already stopped before cleanup termination.,copied_from_source_missing_encoding
100.management.cleanup_verify,P31_MANAGEMENT_MATRIX_100_REAL,artifacts/phases/P31_MANAGEMENT_MATRIX_100_REAL/cleanup_report.json,cleanup_verify,$.cleanup_actions[43],SKIPPED_WITH_REASON,Valkey process was already stopped before cleanup termination.,copied_from_source_missing_encoding
100.management.cleanup_verify,P31_MANAGEMENT_MATRIX_100_REAL,artifacts/phases/P31_MANAGEMENT_MATRIX_100_REAL/cleanup_report.json,cleanup_verify,$.cleanup_actions[44],SKIPPED_WITH_REASON,Valkey process was already stopped before cleanup termination.,copied_from_source_missing_encoding
100.management.cleanup_verify,P31_MANAGEMENT_MATRIX_100_REAL,artifacts/phases/P31_MANAGEMENT_MATRIX_100_REAL/cleanup_report.json,cleanup_verify,$.cleanup_actions[45],SKIPPED_WITH_REASON,Valkey process was already stopped before cleanup termination.,copied_from_source_missing_encoding
100.management.cleanup_verify,P31_MANAGEMENT_MATRIX_100_REAL,artifacts/phases/P31_MANAGEMENT_MATRIX_100_REAL/cleanup_report.json,cleanup_verify,$.cleanup_actions[46],SKIPPED_WITH_REASON,Valkey process was already stopped before cleanup termination.,copied_from_source_missing_encoding
100.management.cleanup_verify,P31_MANAGEMENT_MATRIX_100_REAL,artifacts/phases/P31_MANAGEMENT_MATRIX_100_REAL/cleanup_report.json,cleanup_verify,$.cleanup_actions[47],SKIPPED_WITH_REASON,Valkey process was already stopped before cleanup termination.,copied_from_source_missing_encoding
100.management.cleanup_verify,P31_MANAGEMENT_MATRIX_100_REAL,artifacts/phases/P31_MANAGEMENT_MATRIX_100_REAL/cleanup_report.json,cleanup_verify,$.cleanup_actions[48],SKIPPED_WITH_REASON,Valkey process was already stopped before cleanup termination.,copied_from_source_missing_encoding
100.management.cleanup_verify,P31_MANAGEMENT_MATRIX_100_REAL,artifacts/phases/P31_MANAGEMENT_MATRIX_100_REAL/cleanup_report.json,cleanup_verify,$.cleanup_actions[49],SKIPPED_WITH_REASON,Valkey process was already stopped before cleanup termination.,copied_from_source_missing_encoding
100.management.cleanup_verify,P31_MANAGEMENT_MATRIX_100_REAL,artifacts/phases/P31_MANAGEMENT_MATRIX_100_REAL/cleanup_report.json,cleanup_verify,$.cleanup_actions[4],SKIPPED_WITH_REASON,Valkey process was already stopped before cleanup termination.,copied_from_source_missing_encoding
100.management.cleanup_verify,P31_MANAGEMENT_MATRIX_100_REAL,artifacts/phases/P31_MANAGEMENT_MATRIX_100_REAL/cleanup_report.json,cleanup_verify,$.cleanup_actions[50],SKIPPED_WITH_REASON,Valkey process was already stopped before cleanup termination.,copied_from_source_missing_encoding
100.management.cleanup_verify,P31_MANAGEMENT_MATRIX_100_REAL,artifacts/phases/P31_MANAGEMENT_MATRIX_100_REAL/cleanup_report.json,cleanup_verify,$.cleanup_actions[51],SKIPPED_WITH_REASON,Valkey process was already stopped before cleanup termination.,copied_from_source_missing_encoding
100.management.cleanup_verify,P31_MANAGEMENT_MATRIX_100_REAL,artifacts/phases/P31_MANAGEMENT_MATRIX_100_REAL/cleanup_report.json,cleanup_verify,$.cleanup_actions[52],SKIPPED_WITH_REASON,Valkey process was already stopped before cleanup termination.,copied_from_source_missing_encoding
100.management.cleanup_verify,P31_MANAGEMENT_MATRIX_100_REAL,artifacts/phases/P31_MANAGEMENT_MATRIX_100_REAL/cleanup_report.json,cleanup_verify,$.cleanup_actions[53],SKIPPED_WITH_REASON,Valkey process was already stopped before cleanup termination.,copied_from_source_missing_encoding
100.management.cleanup_verify,P31_MANAGEMENT_MATRIX_100_REAL,artifacts/phases/P31_MANAGEMENT_MATRIX_100_REAL/cleanup_report.json,cleanup_verify,$.cleanup_actions[54],SKIPPED_WITH_REASON,Valkey process was already stopped before cleanup termination.,copied_from_source_missing_encoding
100.management.cleanup_verify,P31_MANAGEMENT_MATRIX_100_REAL,artifacts/phases/P31_MANAGEMENT_MATRIX_100_REAL/cleanup_report.json,cleanup_verify,$.cleanup_actions[55],SKIPPED_WITH_REASON,Valkey process was already stopped before cleanup termination.,copied_from_source_missing_encoding
100.management.cleanup_verify,P31_MANAGEMENT_MATRIX_100_REAL,artifacts/phases/P31_MANAGEMENT_MATRIX_100_REAL/cleanup_report.json,cleanup_verify,$.cleanup_actions[56],SKIPPED_WITH_REASON,Valkey process was already stopped before cleanup termination.,copied_from_source_missing_encoding
100.management.cleanup_verify,P31_MANAGEMENT_MATRIX_100_REAL,artifacts/phases/P31_MANAGEMENT_MATRIX_100_REAL/cleanup_report.json,cleanup_verify,$.cleanup_actions[57],SKIPPED_WITH_REASON,Valkey process was already stopped before cleanup termination.,copied_from_source_missing_encoding
100.management.cleanup_verify,P31_MANAGEMENT_MATRIX_100_REAL,artifacts/phases/P31_MANAGEMENT_MATRIX_100_REAL/cleanup_report.json,cleanup_verify,$.cleanup_actions[58],SKIPPED_WITH_REASON,Valkey process was already stopped before cleanup termination.,copied_from_source_missing_encoding
100.management.cleanup_verify,P31_MANAGEMENT_MATRIX_100_REAL,artifacts/phases/P31_MANAGEMENT_MATRIX_100_REAL/cleanup_report.json,cleanup_verify,$.cleanup_actions[59],SKIPPED_WITH_REASON,Valkey process was already stopped before cleanup termination.,copied_from_source_missing_encoding
100.management.cleanup_verify,P31_MANAGEMENT_MATRIX_100_REAL,artifacts/phases/P31_MANAGEMENT_MATRIX_100_REAL/cleanup_report.json,cleanup_verify,$.cleanup_actions[5],SKIPPED_WITH_REASON,Valkey process was already stopped before cleanup termination.,copied_from_source_missing_encoding
100.management.cleanup_verify,P31_MANAGEMENT_MATRIX_100_REAL,artifacts/phases/P31_MANAGEMENT_MATRIX_100_REAL/cleanup_report.json,cleanup_verify,$.cleanup_actions[60],SKIPPED_WITH_REASON,Valkey process was already stopped before cleanup termination.,copied_from_source_missing_encoding
100.management.cleanup_verify,P31_MANAGEMENT_MATRIX_100_REAL,artifacts/phases/P31_MANAGEMENT_MATRIX_100_REAL/cleanup_report.json,cleanup_verify,$.cleanup_actions[61],SKIPPED_WITH_REASON,Valkey process was already stopped before cleanup termination.,copied_from_source_missing_encoding
100.management.cleanup_verify,P31_MANAGEMENT_MATRIX_100_REAL,artifacts/phases/P31_MANAGEMENT_MATRIX_100_REAL/cleanup_report.json,cleanup_verify,$.cleanup_actions[62],SKIPPED_WITH_REASON,Valkey process was already stopped before cleanup termination.,copied_from_source_missing_encoding
100.management.cleanup_verify,P31_MANAGEMENT_MATRIX_100_REAL,artifacts/phases/P31_MANAGEMENT_MATRIX_100_REAL/cleanup_report.json,cleanup_verify,$.cleanup_actions[63],SKIPPED_WITH_REASON,Valkey process was already stopped before cleanup termination.,copied_from_source_missing_encoding
100.management.cleanup_verify,P31_MANAGEMENT_MATRIX_100_REAL,artifacts/phases/P31_MANAGEMENT_MATRIX_100_REAL/cleanup_report.json,cleanup_verify,$.cleanup_actions[64],SKIPPED_WITH_REASON,Valkey process was already stopped before cleanup termination.,copied_from_source_missing_encoding
100.management.cleanup_verify,P31_MANAGEMENT_MATRIX_100_REAL,artifacts/phases/P31_MANAGEMENT_MATRIX_100_REAL/cleanup_report.json,cleanup_verify,$.cleanup_actions[65],SKIPPED_WITH_REASON,Valkey process was already stopped before cleanup termination.,copied_from_source_missing_encoding
100.management.cleanup_verify,P31_MANAGEMENT_MATRIX_100_REAL,artifacts/phases/P31_MANAGEMENT_MATRIX_100_REAL/cleanup_report.json,cleanup_verify,$.cleanup_actions[66],SKIPPED_WITH_REASON,Valkey process was already stopped before cleanup termination.,copied_from_source_missing_encoding
100.management.cleanup_verify,P31_MANAGEMENT_MATRIX_100_REAL,artifacts/phases/P31_MANAGEMENT_MATRIX_100_REAL/cleanup_report.json,cleanup_verify,$.cleanup_actions[67],SKIPPED_WITH_REASON,Valkey process was already stopped before cleanup termination.,copied_from_source_missing_encoding
100.management.cleanup_verify,P31_MANAGEMENT_MATRIX_100_REAL,artifacts/phases/P31_MANAGEMENT_MATRIX_100_REAL/cleanup_report.json,cleanup_verify,$.cleanup_actions[68],SKIPPED_WITH_REASON,Valkey process was already stopped before cleanup termination.,copied_from_source_missing_encoding
100.management.cleanup_verify,P31_MANAGEMENT_MATRIX_100_REAL,artifacts/phases/P31_MANAGEMENT_MATRIX_100_REAL/cleanup_report.json,cleanup_verify,$.cleanup_actions[69],SKIPPED_WITH_REASON,Valkey process was already stopped before cleanup termination.,copied_from_source_missing_encoding
100.management.cleanup_verify,P31_MANAGEMENT_MATRIX_100_REAL,artifacts/phases/P31_MANAGEMENT_MATRIX_100_REAL/cleanup_report.json,cleanup_verify,$.cleanup_actions[6],SKIPPED_WITH_REASON,Valkey process was already stopped before cleanup termination.,copied_from_source_missing_encoding
100.management.cleanup_verify,P31_MANAGEMENT_MATRIX_100_REAL,artifacts/phases/P31_MANAGEMENT_MATRIX_100_REAL/cleanup_report.json,cleanup_verify,$.cleanup_actions[70],SKIPPED_WITH_REASON,Valkey process was already stopped before cleanup termination.,copied_from_source_missing_encoding
100.management.cleanup_verify,P31_MANAGEMENT_MATRIX_100_REAL,artifacts/phases/P31_MANAGEMENT_MATRIX_100_REAL/cleanup_report.json,cleanup_verify,$.cleanup_actions[71],SKIPPED_WITH_REASON,Valkey process was already stopped before cleanup termination.,copied_from_source_missing_encoding
100.management.cleanup_verify,P31_MANAGEMENT_MATRIX_100_REAL,artifacts/phases/P31_MANAGEMENT_MATRIX_100_REAL/cleanup_report.json,cleanup_verify,$.cleanup_actions[72],SKIPPED_WITH_REASON,Valkey process was already stopped before cleanup termination.,copied_from_source_missing_encoding
100.management.cleanup_verify,P31_MANAGEMENT_MATRIX_100_REAL,artifacts/phases/P31_MANAGEMENT_MATRIX_100_REAL/cleanup_report.json,cleanup_verify,$.cleanup_actions[73],SKIPPED_WITH_REASON,Valkey process was already stopped before cleanup termination.,copied_from_source_missing_encoding
100.management.cleanup_verify,P31_MANAGEMENT_MATRIX_100_REAL,artifacts/phases/P31_MANAGEMENT_MATRIX_100_REAL/cleanup_report.json,cleanup_verify,$.cleanup_actions[74],SKIPPED_WITH_REASON,Valkey process was already stopped before cleanup termination.,copied_from_source_missing_encoding
100.management.cleanup_verify,P31_MANAGEMENT_MATRIX_100_REAL,artifacts/phases/P31_MANAGEMENT_MATRIX_100_REAL/cleanup_report.json,cleanup_verify,$.cleanup_actions[75],SKIPPED_WITH_REASON,Valkey process was already stopped before cleanup termination.,copied_from_source_missing_encoding
100.management.cleanup_verify,P31_MANAGEMENT_MATRIX_100_REAL,artifacts/phases/P31_MANAGEMENT_MATRIX_100_REAL/cleanup_report.json,cleanup_verify,$.cleanup_actions[76],SKIPPED_WITH_REASON,Valkey process was already stopped before cleanup termination.,copied_from_source_missing_encoding
100.management.cleanup_verify,P31_MANAGEMENT_MATRIX_100_REAL,artifacts/phases/P31_MANAGEMENT_MATRIX_100_REAL/cleanup_report.json,cleanup_verify,$.cleanup_actions[77],SKIPPED_WITH_REASON,Valkey process was already stopped before cleanup termination.,copied_from_source_missing_encoding
100.management.cleanup_verify,P31_MANAGEMENT_MATRIX_100_REAL,artifacts/phases/P31_MANAGEMENT_MATRIX_100_REAL/cleanup_report.json,cleanup_verify,$.cleanup_actions[78],SKIPPED_WITH_REASON,Valkey process was already stopped before cleanup termination.,copied_from_source_missing_encoding
100.management.cleanup_verify,P31_MANAGEMENT_MATRIX_100_REAL,artifacts/phases/P31_MANAGEMENT_MATRIX_100_REAL/cleanup_report.json,cleanup_verify,$.cleanup_actions[79],SKIPPED_WITH_REASON,Valkey process was already stopped before cleanup termination.,copied_from_source_missing_encoding
100.management.cleanup_verify,P31_MANAGEMENT_MATRIX_100_REAL,artifacts/phases/P31_MANAGEMENT_MATRIX_100_REAL/cleanup_report.json,cleanup_verify,$.cleanup_actions[7],SKIPPED_WITH_REASON,Valkey process was already stopped before cleanup termination.,copied_from_source_missing_encoding
100.management.cleanup_verify,P31_MANAGEMENT_MATRIX_100_REAL,artifacts/phases/P31_MANAGEMENT_MATRIX_100_REAL/cleanup_report.json,cleanup_verify,$.cleanup_actions[80],SKIPPED_WITH_REASON,Valkey process was already stopped before cleanup termination.,copied_from_source_missing_encoding
100.management.cleanup_verify,P31_MANAGEMENT_MATRIX_100_REAL,artifacts/phases/P31_MANAGEMENT_MATRIX_100_REAL/cleanup_report.json,cleanup_verify,$.cleanup_actions[81],SKIPPED_WITH_REASON,Valkey process was already stopped before cleanup termination.,copied_from_source_missing_encoding
100.management.cleanup_verify,P31_MANAGEMENT_MATRIX_100_REAL,artifacts/phases/P31_MANAGEMENT_MATRIX_100_REAL/cleanup_report.json,cleanup_verify,$.cleanup_actions[82],SKIPPED_WITH_REASON,Valkey process was already stopped before cleanup termination.,copied_from_source_missing_encoding
100.management.cleanup_verify,P31_MANAGEMENT_MATRIX_100_REAL,artifacts/phases/P31_MANAGEMENT_MATRIX_100_REAL/cleanup_report.json,cleanup_verify,$.cleanup_actions[83],SKIPPED_WITH_REASON,Valkey process was already stopped before cleanup termination.,copied_from_source_missing_encoding
100.management.cleanup_verify,P31_MANAGEMENT_MATRIX_100_REAL,artifacts/phases/P31_MANAGEMENT_MATRIX_100_REAL/cleanup_report.json,cleanup_verify,$.cleanup_actions[84],SKIPPED_WITH_REASON,Valkey process was already stopped before cleanup termination.,copied_from_source_missing_encoding
100.management.cleanup_verify,P31_MANAGEMENT_MATRIX_100_REAL,artifacts/phases/P31_MANAGEMENT_MATRIX_100_REAL/cleanup_report.json,cleanup_verify,$.cleanup_actions[85],SKIPPED_WITH_REASON,Valkey process was already stopped before cleanup termination.,copied_from_source_missing_encoding
100.management.cleanup_verify,P31_MANAGEMENT_MATRIX_100_REAL,artifacts/phases/P31_MANAGEMENT_MATRIX_100_REAL/cleanup_report.json,cleanup_verify,$.cleanup_actions[86],SKIPPED_WITH_REASON,Valkey process was already stopped before cleanup termination.,copied_from_source_missing_encoding
100.management.cleanup_verify,P31_MANAGEMENT_MATRIX_100_REAL,artifacts/phases/P31_MANAGEMENT_MATRIX_100_REAL/cleanup_report.json,cleanup_verify,$.cleanup_actions[87],SKIPPED_WITH_REASON,Valkey process was already stopped before cleanup termination.,copied_from_source_missing_encoding
100.management.cleanup_verify,P31_MANAGEMENT_MATRIX_100_REAL,artifacts/phases/P31_MANAGEMENT_MATRIX_100_REAL/cleanup_report.json,cleanup_verify,$.cleanup_actions[88],SKIPPED_WITH_REASON,Valkey process was already stopped before cleanup termination.,copied_from_source_missing_encoding
100.management.cleanup_verify,P31_MANAGEMENT_MATRIX_100_REAL,artifacts/phases/P31_MANAGEMENT_MATRIX_100_REAL/cleanup_report.json,cleanup_verify,$.cleanup_actions[89],SKIPPED_WITH_REASON,Valkey process was already stopped before cleanup termination.,copied_from_source_missing_encoding
100.management.cleanup_verify,P31_MANAGEMENT_MATRIX_100_REAL,artifacts/phases/P31_MANAGEMENT_MATRIX_100_REAL/cleanup_report.json,cleanup_verify,$.cleanup_actions[8],SKIPPED_WITH_REASON,Valkey process was already stopped before cleanup termination.,copied_from_source_missing_encoding
100.management.cleanup_verify,P31_MANAGEMENT_MATRIX_100_REAL,artifacts/phases/P31_MANAGEMENT_MATRIX_100_REAL/cleanup_report.json,cleanup_verify,$.cleanup_actions[90],SKIPPED_WITH_REASON,Valkey process was already stopped before cleanup termination.,copied_from_source_missing_encoding
100.management.cleanup_verify,P31_MANAGEMENT_MATRIX_100_REAL,artifacts/phases/P31_MANAGEMENT_MATRIX_100_REAL/cleanup_report.json,cleanup_verify,$.cleanup_actions[91],SKIPPED_WITH_REASON,Valkey process was already stopped before cleanup termination.,copied_from_source_missing_encoding
100.management.cleanup_verify,P31_MANAGEMENT_MATRIX_100_REAL,artifacts/phases/P31_MANAGEMENT_MATRIX_100_REAL/cleanup_report.json,cleanup_verify,$.cleanup_actions[92],SKIPPED_WITH_REASON,Valkey process was already stopped before cleanup termination.,copied_from_source_missing_encoding
100.management.cleanup_verify,P31_MANAGEMENT_MATRIX_100_REAL,artifacts/phases/P31_MANAGEMENT_MATRIX_100_REAL/cleanup_report.json,cleanup_verify,$.cleanup_actions[93],SKIPPED_WITH_REASON,Valkey process was already stopped before cleanup termination.,copied_from_source_missing_encoding
100.management.cleanup_verify,P31_MANAGEMENT_MATRIX_100_REAL,artifacts/phases/P31_MANAGEMENT_MATRIX_100_REAL/cleanup_report.json,cleanup_verify,$.cleanup_actions[94],SKIPPED_WITH_REASON,Valkey process was already stopped before cleanup termination.,copied_from_source_missing_encoding
100.management.cleanup_verify,P31_MANAGEMENT_MATRIX_100_REAL,artifacts/phases/P31_MANAGEMENT_MATRIX_100_REAL/cleanup_report.json,cleanup_verify,$.cleanup_actions[95],SKIPPED_WITH_REASON,Valkey process was already stopped before cleanup termination.,copied_from_source_missing_encoding
100.management.cleanup_verify,P31_MANAGEMENT_MATRIX_100_REAL,artifacts/phases/P31_MANAGEMENT_MATRIX_100_REAL/cleanup_report.json,cleanup_verify,$.cleanup_actions[96],SKIPPED_WITH_REASON,Valkey process was already stopped before cleanup termination.,copied_from_source_missing_encoding
100.management.cleanup_verify,P31_MANAGEMENT_MATRIX_100_REAL,artifacts/phases/P31_MANAGEMENT_MATRIX_100_REAL/cleanup_report.json,cleanup_verify,$.cleanup_actions[97],SKIPPED_WITH_REASON,Valkey process was already stopped before cleanup termination.,copied_from_source_missing_encoding
100.management.cleanup_verify,P31_MANAGEMENT_MATRIX_100_REAL,artifacts/phases/P31_MANAGEMENT_MATRIX_100_REAL/cleanup_report.json,cleanup_verify,$.cleanup_actions[98],SKIPPED_WITH_REASON,Valkey process was already stopped before cleanup termination.,copied_from_source_missing_encoding
100.management.cleanup_verify,P31_MANAGEMENT_MATRIX_100_REAL,artifacts/phases/P31_MANAGEMENT_MATRIX_100_REAL/cleanup_report.json,cleanup_verify,$.cleanup_actions[99],SKIPPED_WITH_REASON,Valkey process was already stopped before cleanup termination.,copied_from_source_missing_encoding
100.management.cleanup_verify,P31_MANAGEMENT_MATRIX_100_REAL,artifacts/phases/P31_MANAGEMENT_MATRIX_100_REAL/cleanup_report.json,cleanup_verify,$.cleanup_actions[9],SKIPPED_WITH_REASON,Valkey process was already stopped before cleanup termination.,copied_from_source_missing_encoding
100.management.create_cluster,P31_MANAGEMENT_MATRIX_100_REAL,artifacts/phases/P31_MANAGEMENT_MATRIX_100_REAL/management_operation_results.jsonl,create_cluster,$.bytes_migrated,MISSING,Valkey command path did not expose migrated byte counts for this operation.,copied_from_source_missing_encoding
100.management.create_cluster,P31_MANAGEMENT_MATRIX_100_REAL,artifacts/phases/P31_MANAGEMENT_MATRIX_100_REAL/management_operation_results.jsonl,create_cluster,$.missing_fields[0],MISSING,create_cluster timing is captured in runtime_timing_breakdown and cluster setup operations before matrix row emission.,copied_from_source_missing_encoding
100.management.create_cluster,P31_MANAGEMENT_MATRIX_100_REAL,artifacts/phases/P31_MANAGEMENT_MATRIX_100_REAL/management_operation_results.jsonl,create_cluster,command_ms,MISSING,create_cluster timing is captured in runtime_timing_breakdown and cluster setup operations before matrix row emission.,copied_from_source_missing_encoding
100.management.meet_nodes,P31_MANAGEMENT_MATRIX_100_REAL,artifacts/phases/P31_MANAGEMENT_MATRIX_100_REAL/management_operation_results.jsonl,meet_nodes,$.bytes_migrated,MISSING,Valkey command path did not expose migrated byte counts for this operation.,copied_from_source_missing_encoding
100.management.meet_nodes,P31_MANAGEMENT_MATRIX_100_REAL,artifacts/phases/P31_MANAGEMENT_MATRIX_100_REAL/management_operation_results.jsonl,meet_nodes,$.missing_fields[0],MISSING,meet_nodes timing is captured in runtime_timing_breakdown and cluster setup operations before matrix row emission.,copied_from_source_missing_encoding
100.management.meet_nodes,P31_MANAGEMENT_MATRIX_100_REAL,artifacts/phases/P31_MANAGEMENT_MATRIX_100_REAL/management_operation_results.jsonl,meet_nodes,command_ms,MISSING,meet_nodes timing is captured in runtime_timing_breakdown and cluster setup operations before matrix row emission.,copied_from_source_missing_encoding
100.management.rebalance_after_imbalance,P31_MANAGEMENT_MATRIX_100_REAL,artifacts/phases/P31_MANAGEMENT_MATRIX_100_REAL/management_operation_results.jsonl,rebalance_after_imbalance,$.bytes_migrated,MISSING,Valkey command path did not expose migrated byte counts for this operation.,copied_from_source_missing_encoding
100.management.rebalance_after_imbalance,P31_MANAGEMENT_MATRIX_100_REAL,artifacts/phases/P31_MANAGEMENT_MATRIX_100_REAL/management_operation_results.jsonl,rebalance_after_imbalance,$.missing_fields[0],MISSING,Valkey MIGRATE byte count is not exposed by the command path.,copied_from_source_missing_encoding
100.management.rebalance_after_imbalance,P31_MANAGEMENT_MATRIX_100_REAL,artifacts/phases/P31_MANAGEMENT_MATRIX_100_REAL/management_operation_results.jsonl,rebalance_after_imbalance,bytes_migrated,MISSING,Valkey MIGRATE byte count is not exposed by the command path.,copied_from_source_missing_encoding
100.management.remove_failed_node,P31_MANAGEMENT_MATRIX_100_REAL,artifacts/phases/P31_MANAGEMENT_MATRIX_100_REAL/management_operation_results.jsonl,remove_failed_node,$.bytes_migrated,MISSING,Valkey command path did not expose migrated byte counts for this operation.,copied_from_source_missing_encoding
100.management.remove_primary_drained_or_safe_replaced,P31_MANAGEMENT_MATRIX_100_REAL,artifacts/phases/P31_MANAGEMENT_MATRIX_100_REAL/management_operation_results.jsonl,remove_primary_drained_or_safe_replaced,$.bytes_migrated,MISSING,Valkey command path did not expose migrated byte counts for this operation.,copied_from_source_missing_encoding
100.management.remove_replica,P31_MANAGEMENT_MATRIX_100_REAL,artifacts/phases/P31_MANAGEMENT_MATRIX_100_REAL/management_operation_results.jsonl,remove_replica,$.bytes_migrated,MISSING,Valkey command path did not expose migrated byte counts for this operation.,copied_from_source_missing_encoding
100.management.reshard_slot_range,P31_MANAGEMENT_MATRIX_100_REAL,artifacts/phases/P31_MANAGEMENT_MATRIX_100_REAL/management_operation_results.jsonl,reshard_slot_range,$.bytes_migrated,MISSING,Valkey command path did not expose migrated byte counts for this operation.,copied_from_source_missing_encoding
100.management.reshard_slot_range,P31_MANAGEMENT_MATRIX_100_REAL,artifacts/phases/P31_MANAGEMENT_MATRIX_100_REAL/management_operation_results.jsonl,reshard_slot_range,$.missing_fields[0],MISSING,Valkey MIGRATE byte count is not exposed by the command path.,copied_from_source_missing_encoding
100.management.reshard_slot_range,P31_MANAGEMENT_MATRIX_100_REAL,artifacts/phases/P31_MANAGEMENT_MATRIX_100_REAL/management_operation_results.jsonl,reshard_slot_range,bytes_migrated,MISSING,Valkey MIGRATE byte count is not exposed by the command path.,copied_from_source_missing_encoding
100.management.reshard_with_keys,P31_MANAGEMENT_MATRIX_100_REAL,artifacts/phases/P31_MANAGEMENT_MATRIX_100_REAL/management_operation_results.jsonl,reshard_with_keys,$.bytes_migrated,MISSING,Valkey command path did not expose migrated byte counts for this operation.,copied_from_source_missing_encoding
100.management.reshard_with_keys,P31_MANAGEMENT_MATRIX_100_REAL,artifacts/phases/P31_MANAGEMENT_MATRIX_100_REAL/management_operation_results.jsonl,reshard_with_keys,$.missing_fields[0],MISSING,Valkey MIGRATE byte count is not exposed by the command path.,copied_from_source_missing_encoding
100.management.reshard_with_keys,P31_MANAGEMENT_MATRIX_100_REAL,artifacts/phases/P31_MANAGEMENT_MATRIX_100_REAL/management_operation_results.jsonl,reshard_with_keys,bytes_migrated,MISSING,Valkey MIGRATE byte count is not exposed by the command path.,copied_from_source_missing_encoding
100.management.resource_preflight,P31_MANAGEMENT_MATRIX_100_REAL,artifacts/phases/P31_MANAGEMENT_MATRIX_100_REAL/resource_preflight.json,resource_preflight,projected_node_memory_mb,SKIPPED_WITH_REASON,Projection-only memory is not a real-runtime metric for exact-scale source stages.,copied_from_source_missing_encoding
100.management.rolling_restart_primary_safe,P31_MANAGEMENT_MATRIX_100_REAL,artifacts/phases/P31_MANAGEMENT_MATRIX_100_REAL/management_operation_results.jsonl,rolling_restart_primary_safe,$.bytes_migrated,MISSING,Valkey command path did not expose migrated byte counts for this operation.,copied_from_source_missing_encoding
100.management.rolling_restart_primary_safe,P31_MANAGEMENT_MATRIX_100_REAL,artifacts/phases/P31_MANAGEMENT_MATRIX_100_REAL/management_operation_results.jsonl,rolling_restart_primary_safe,$.missing_fields[0],MISSING,No read outage was observed during controlled primary handoff.,copied_from_source_missing_encoding
100.management.rolling_restart_primary_safe,P31_MANAGEMENT_MATRIX_100_REAL,artifacts/phases/P31_MANAGEMENT_MATRIX_100_REAL/management_operation_results.jsonl,rolling_restart_primary_safe,$.missing_fields[100],MISSING,No read outage was observed during controlled primary handoff.,copied_from_source_missing_encoding
100.management.rolling_restart_primary_safe,P31_MANAGEMENT_MATRIX_100_REAL,artifacts/phases/P31_MANAGEMENT_MATRIX_100_REAL/management_operation_results.jsonl,rolling_restart_primary_safe,$.missing_fields[101],MISSING,No write outage was observed during controlled primary handoff.,copied_from_source_missing_encoding
100.management.rolling_restart_primary_safe,P31_MANAGEMENT_MATRIX_100_REAL,artifacts/phases/P31_MANAGEMENT_MATRIX_100_REAL/management_operation_results.jsonl,rolling_restart_primary_safe,$.missing_fields[102],MISSING,No read outage was observed during controlled primary handoff.,copied_from_source_missing_encoding
100.management.rolling_restart_primary_safe,P31_MANAGEMENT_MATRIX_100_REAL,artifacts/phases/P31_MANAGEMENT_MATRIX_100_REAL/management_operation_results.jsonl,rolling_restart_primary_safe,$.missing_fields[103],MISSING,No write outage was observed during controlled primary handoff.,copied_from_source_missing_encoding
100.management.rolling_restart_primary_safe,P31_MANAGEMENT_MATRIX_100_REAL,artifacts/phases/P31_MANAGEMENT_MATRIX_100_REAL/management_operation_results.jsonl,rolling_restart_primary_safe,$.missing_fields[104],MISSING,No read outage was observed during controlled primary handoff.,copied_from_source_missing_encoding
100.management.rolling_restart_primary_safe,P31_MANAGEMENT_MATRIX_100_REAL,artifacts/phases/P31_MANAGEMENT_MATRIX_100_REAL/management_operation_results.jsonl,rolling_restart_primary_safe,$.missing_fields[105],MISSING,No write outage was observed during controlled primary handoff.,copied_from_source_missing_encoding
100.management.rolling_restart_primary_safe,P31_MANAGEMENT_MATRIX_100_REAL,artifacts/phases/P31_MANAGEMENT_MATRIX_100_REAL/management_operation_results.jsonl,rolling_restart_primary_safe,$.missing_fields[106],MISSING,No read outage was observed during controlled primary handoff.,copied_from_source_missing_encoding
100.management.rolling_restart_primary_safe,P31_MANAGEMENT_MATRIX_100_REAL,artifacts/phases/P31_MANAGEMENT_MATRIX_100_REAL/management_operation_results.jsonl,rolling_restart_primary_safe,$.missing_fields[107],MISSING,No write outage was observed during controlled primary handoff.,copied_from_source_missing_encoding
100.management.rolling_restart_primary_safe,P31_MANAGEMENT_MATRIX_100_REAL,artifacts/phases/P31_MANAGEMENT_MATRIX_100_REAL/management_operation_results.jsonl,rolling_restart_primary_safe,$.missing_fields[108],MISSING,No read outage was observed during controlled primary handoff.,copied_from_source_missing_encoding
100.management.rolling_restart_primary_safe,P31_MANAGEMENT_MATRIX_100_REAL,artifacts/phases/P31_MANAGEMENT_MATRIX_100_REAL/management_operation_results.jsonl,rolling_restart_primary_safe,$.missing_fields[109],MISSING,No write outage was observed during controlled primary handoff.,copied_from_source_missing_encoding
100.management.rolling_restart_primary_safe,P31_MANAGEMENT_MATRIX_100_REAL,artifacts/phases/P31_MANAGEMENT_MATRIX_100_REAL/management_operation_results.jsonl,rolling_restart_primary_safe,$.missing_fields[10],MISSING,No read outage was observed during controlled primary handoff.,copied_from_source_missing_encoding
100.management.rolling_restart_primary_safe,P31_MANAGEMENT_MATRIX_100_REAL,artifacts/phases/P31_MANAGEMENT_MATRIX_100_REAL/management_operation_results.jsonl,rolling_restart_primary_safe,$.missing_fields[110],MISSING,No read outage was observed during controlled primary handoff.,copied_from_source_missing_encoding
100.management.rolling_restart_primary_safe,P31_MANAGEMENT_MATRIX_100_REAL,artifacts/phases/P31_MANAGEMENT_MATRIX_100_REAL/management_operation_results.jsonl,rolling_restart_primary_safe,$.missing_fields[111],MISSING,No write outage was observed during controlled primary handoff.,copied_from_source_missing_encoding
100.management.rolling_restart_primary_safe,P31_MANAGEMENT_MATRIX_100_REAL,artifacts/phases/P31_MANAGEMENT_MATRIX_100_REAL/management_operation_results.jsonl,rolling_restart_primary_safe,$.missing_fields[112],MISSING,No read outage was observed during controlled primary handoff.,copied_from_source_missing_encoding
100.management.rolling_restart_primary_safe,P31_MANAGEMENT_MATRIX_100_REAL,artifacts/phases/P31_MANAGEMENT_MATRIX_100_REAL/management_operation_results.jsonl,rolling_restart_primary_safe,$.missing_fields[113],MISSING,No write outage was observed during controlled primary handoff.,copied_from_source_missing_encoding
100.management.rolling_restart_primary_safe,P31_MANAGEMENT_MATRIX_100_REAL,artifacts/phases/P31_MANAGEMENT_MATRIX_100_REAL/management_operation_results.jsonl,rolling_restart_primary_safe,$.missing_fields[114],MISSING,No read outage was observed during controlled primary handoff.,copied_from_source_missing_encoding
100.management.rolling_restart_primary_safe,P31_MANAGEMENT_MATRIX_100_REAL,artifacts/phases/P31_MANAGEMENT_MATRIX_100_REAL/management_operation_results.jsonl,rolling_restart_primary_safe,$.missing_fields[115],MISSING,No write outage was observed during controlled primary handoff.,copied_from_source_missing_encoding
100.management.rolling_restart_primary_safe,P31_MANAGEMENT_MATRIX_100_REAL,artifacts/phases/P31_MANAGEMENT_MATRIX_100_REAL/management_operation_results.jsonl,rolling_restart_primary_safe,$.missing_fields[116],MISSING,No read outage was observed during controlled primary handoff.,copied_from_source_missing_encoding
100.management.rolling_restart_primary_safe,P31_MANAGEMENT_MATRIX_100_REAL,artifacts/phases/P31_MANAGEMENT_MATRIX_100_REAL/management_operation_results.jsonl,rolling_restart_primary_safe,$.missing_fields[117],MISSING,No write outage was observed during controlled primary handoff.,copied_from_source_missing_encoding
100.management.rolling_restart_primary_safe,P31_MANAGEMENT_MATRIX_100_REAL,artifacts/phases/P31_MANAGEMENT_MATRIX_100_REAL/management_operation_results.jsonl,rolling_restart_primary_safe,$.missing_fields[118],MISSING,No read outage was observed during controlled primary handoff.,copied_from_source_missing_encoding
100.management.rolling_restart_primary_safe,P31_MANAGEMENT_MATRIX_100_REAL,artifacts/phases/P31_MANAGEMENT_MATRIX_100_REAL/management_operation_results.jsonl,rolling_restart_primary_safe,$.missing_fields[119],MISSING,No write outage was observed during controlled primary handoff.,copied_from_source_missing_encoding
100.management.rolling_restart_primary_safe,P31_MANAGEMENT_MATRIX_100_REAL,artifacts/phases/P31_MANAGEMENT_MATRIX_100_REAL/management_operation_results.jsonl,rolling_restart_primary_safe,$.missing_fields[11],MISSING,No write outage was observed during controlled primary handoff.,copied_from_source_missing_encoding
100.management.rolling_restart_primary_safe,P31_MANAGEMENT_MATRIX_100_REAL,artifacts/phases/P31_MANAGEMENT_MATRIX_100_REAL/management_operation_results.jsonl,rolling_restart_primary_safe,$.missing_fields[120],MISSING,No read outage was observed during controlled primary handoff.,copied_from_source_missing_encoding
100.management.rolling_restart_primary_safe,P31_MANAGEMENT_MATRIX_100_REAL,artifacts/phases/P31_MANAGEMENT_MATRIX_100_REAL/management_operation_results.jsonl,rolling_restart_primary_safe,$.missing_fields[121],MISSING,No write outage was observed during controlled primary handoff.,copied_from_source_missing_encoding
100.management.rolling_restart_primary_safe,P31_MANAGEMENT_MATRIX_100_REAL,artifacts/phases/P31_MANAGEMENT_MATRIX_100_REAL/management_operation_results.jsonl,rolling_restart_primary_safe,$.missing_fields[122],MISSING,No read outage was observed during controlled primary handoff.,copied_from_source_missing_encoding
100.management.rolling_restart_primary_safe,P31_MANAGEMENT_MATRIX_100_REAL,artifacts/phases/P31_MANAGEMENT_MATRIX_100_REAL/management_operation_results.jsonl,rolling_restart_primary_safe,$.missing_fields[123],MISSING,No write outage was observed during controlled primary handoff.,copied_from_source_missing_encoding
100.management.rolling_restart_primary_safe,P31_MANAGEMENT_MATRIX_100_REAL,artifacts/phases/P31_MANAGEMENT_MATRIX_100_REAL/management_operation_results.jsonl,rolling_restart_primary_safe,$.missing_fields[124],MISSING,No read outage was observed during controlled primary handoff.,copied_from_source_missing_encoding
100.management.rolling_restart_primary_safe,P31_MANAGEMENT_MATRIX_100_REAL,artifacts/phases/P31_MANAGEMENT_MATRIX_100_REAL/management_operation_results.jsonl,rolling_restart_primary_safe,$.missing_fields[125],MISSING,No write outage was observed during controlled primary handoff.,copied_from_source_missing_encoding
100.management.rolling_restart_primary_safe,P31_MANAGEMENT_MATRIX_100_REAL,artifacts/phases/P31_MANAGEMENT_MATRIX_100_REAL/management_operation_results.jsonl,rolling_restart_primary_safe,$.missing_fields[126],MISSING,No read outage was observed during controlled primary handoff.,copied_from_source_missing_encoding
100.management.rolling_restart_primary_safe,P31_MANAGEMENT_MATRIX_100_REAL,artifacts/phases/P31_MANAGEMENT_MATRIX_100_REAL/management_operation_results.jsonl,rolling_restart_primary_safe,$.missing_fields[127],MISSING,No write outage was observed during controlled primary handoff.,copied_from_source_missing_encoding
100.management.rolling_restart_primary_safe,P31_MANAGEMENT_MATRIX_100_REAL,artifacts/phases/P31_MANAGEMENT_MATRIX_100_REAL/management_operation_results.jsonl,rolling_restart_primary_safe,$.missing_fields[128],MISSING,No read outage was observed during controlled primary handoff.,copied_from_source_missing_encoding
100.management.rolling_restart_primary_safe,P31_MANAGEMENT_MATRIX_100_REAL,artifacts/phases/P31_MANAGEMENT_MATRIX_100_REAL/management_operation_results.jsonl,rolling_restart_primary_safe,$.missing_fields[129],MISSING,No write outage was observed during controlled primary handoff.,copied_from_source_missing_encoding
100.management.rolling_restart_primary_safe,P31_MANAGEMENT_MATRIX_100_REAL,artifacts/phases/P31_MANAGEMENT_MATRIX_100_REAL/management_operation_results.jsonl,rolling_restart_primary_safe,$.missing_fields[12],MISSING,No read outage was observed during controlled primary handoff.,copied_from_source_missing_encoding
100.management.rolling_restart_primary_safe,P31_MANAGEMENT_MATRIX_100_REAL,artifacts/phases/P31_MANAGEMENT_MATRIX_100_REAL/management_operation_results.jsonl,rolling_restart_primary_safe,$.missing_fields[130],MISSING,No read outage was observed during controlled primary handoff.,copied_from_source_missing_encoding
100.management.rolling_restart_primary_safe,P31_MANAGEMENT_MATRIX_100_REAL,artifacts/phases/P31_MANAGEMENT_MATRIX_100_REAL/management_operation_results.jsonl,rolling_restart_primary_safe,$.missing_fields[131],MISSING,No write outage was observed during controlled primary handoff.,copied_from_source_missing_encoding
100.management.rolling_restart_primary_safe,P31_MANAGEMENT_MATRIX_100_REAL,artifacts/phases/P31_MANAGEMENT_MATRIX_100_REAL/management_operation_results.jsonl,rolling_restart_primary_safe,$.missing_fields[132],MISSING,No read outage was observed during controlled primary handoff.,copied_from_source_missing_encoding
100.management.rolling_restart_primary_safe,P31_MANAGEMENT_MATRIX_100_REAL,artifacts/phases/P31_MANAGEMENT_MATRIX_100_REAL/management_operation_results.jsonl,rolling_restart_primary_safe,$.missing_fields[133],MISSING,No write outage was observed during controlled primary handoff.,copied_from_source_missing_encoding
100.management.rolling_restart_primary_safe,P31_MANAGEMENT_MATRIX_100_REAL,artifacts/phases/P31_MANAGEMENT_MATRIX_100_REAL/management_operation_results.jsonl,rolling_restart_primary_safe,$.missing_fields[134],MISSING,No read outage was observed during controlled primary handoff.,copied_from_source_missing_encoding
100.management.rolling_restart_primary_safe,P31_MANAGEMENT_MATRIX_100_REAL,artifacts/phases/P31_MANAGEMENT_MATRIX_100_REAL/management_operation_results.jsonl,rolling_restart_primary_safe,$.missing_fields[135],MISSING,No write outage was observed during controlled primary handoff.,copied_from_source_missing_encoding
100.management.rolling_restart_primary_safe,P31_MANAGEMENT_MATRIX_100_REAL,artifacts/phases/P31_MANAGEMENT_MATRIX_100_REAL/management_operation_results.jsonl,rolling_restart_primary_safe,$.missing_fields[136],MISSING,No read outage was observed during controlled primary handoff.,copied_from_source_missing_encoding
100.management.rolling_restart_primary_safe,P31_MANAGEMENT_MATRIX_100_REAL,artifacts/phases/P31_MANAGEMENT_MATRIX_100_REAL/management_operation_results.jsonl,rolling_restart_primary_safe,$.missing_fields[137],MISSING,No write outage was observed during controlled primary handoff.,copied_from_source_missing_encoding
100.management.rolling_restart_primary_safe,P31_MANAGEMENT_MATRIX_100_REAL,artifacts/phases/P31_MANAGEMENT_MATRIX_100_REAL/management_operation_results.jsonl,rolling_restart_primary_safe,$.missing_fields[138],MISSING,No read outage was observed during controlled primary handoff.,copied_from_source_missing_encoding
100.management.rolling_restart_primary_safe,P31_MANAGEMENT_MATRIX_100_REAL,artifacts/phases/P31_MANAGEMENT_MATRIX_100_REAL/management_operation_results.jsonl,rolling_restart_primary_safe,$.missing_fields[139],MISSING,No write outage was observed during controlled primary handoff.,copied_from_source_missing_encoding
100.management.rolling_restart_primary_safe,P31_MANAGEMENT_MATRIX_100_REAL,artifacts/phases/P31_MANAGEMENT_MATRIX_100_REAL/management_operation_results.jsonl,rolling_restart_primary_safe,$.missing_fields[13],MISSING,No write outage was observed during controlled primary handoff.,copied_from_source_missing_encoding
100.management.rolling_restart_primary_safe,P31_MANAGEMENT_MATRIX_100_REAL,artifacts/phases/P31_MANAGEMENT_MATRIX_100_REAL/management_operation_results.jsonl,rolling_restart_primary_safe,$.missing_fields[140],MISSING,No read outage was observed during controlled primary handoff.,copied_from_source_missing_encoding
100.management.rolling_restart_primary_safe,P31_MANAGEMENT_MATRIX_100_REAL,artifacts/phases/P31_MANAGEMENT_MATRIX_100_REAL/management_operation_results.jsonl,rolling_restart_primary_safe,$.missing_fields[141],MISSING,No write outage was observed during controlled primary handoff.,copied_from_source_missing_encoding
100.management.rolling_restart_primary_safe,P31_MANAGEMENT_MATRIX_100_REAL,artifacts/phases/P31_MANAGEMENT_MATRIX_100_REAL/management_operation_results.jsonl,rolling_restart_primary_safe,$.missing_fields[142],MISSING,No read outage was observed during controlled primary handoff.,copied_from_source_missing_encoding
100.management.rolling_restart_primary_safe,P31_MANAGEMENT_MATRIX_100_REAL,artifacts/phases/P31_MANAGEMENT_MATRIX_100_REAL/management_operation_results.jsonl,rolling_restart_primary_safe,$.missing_fields[143],MISSING,No write outage was observed during controlled primary handoff.,copied_from_source_missing_encoding
100.management.rolling_restart_primary_safe,P31_MANAGEMENT_MATRIX_100_REAL,artifacts/phases/P31_MANAGEMENT_MATRIX_100_REAL/management_operation_results.jsonl,rolling_restart_primary_safe,$.missing_fields[144],MISSING,No read outage was observed during controlled primary handoff.,copied_from_source_missing_encoding
100.management.rolling_restart_primary_safe,P31_MANAGEMENT_MATRIX_100_REAL,artifacts/phases/P31_MANAGEMENT_MATRIX_100_REAL/management_operation_results.jsonl,rolling_restart_primary_safe,$.missing_fields[145],MISSING,No write outage was observed during controlled primary handoff.,copied_from_source_missing_encoding
100.management.rolling_restart_primary_safe,P31_MANAGEMENT_MATRIX_100_REAL,artifacts/phases/P31_MANAGEMENT_MATRIX_100_REAL/management_operation_results.jsonl,rolling_restart_primary_safe,$.missing_fields[146],MISSING,No read outage was observed during controlled primary handoff.,copied_from_source_missing_encoding
100.management.rolling_restart_primary_safe,P31_MANAGEMENT_MATRIX_100_REAL,artifacts/phases/P31_MANAGEMENT_MATRIX_100_REAL/management_operation_results.jsonl,rolling_restart_primary_safe,$.missing_fields[147],MISSING,No write outage was observed during controlled primary handoff.,copied_from_source_missing_encoding
100.management.rolling_restart_primary_safe,P31_MANAGEMENT_MATRIX_100_REAL,artifacts/phases/P31_MANAGEMENT_MATRIX_100_REAL/management_operation_results.jsonl,rolling_restart_primary_safe,$.missing_fields[148],MISSING,No read outage was observed during controlled primary handoff.,copied_from_source_missing_encoding
100.management.rolling_restart_primary_safe,P31_MANAGEMENT_MATRIX_100_REAL,artifacts/phases/P31_MANAGEMENT_MATRIX_100_REAL/management_operation_results.jsonl,rolling_restart_primary_safe,$.missing_fields[149],MISSING,No write outage was observed during controlled primary handoff.,copied_from_source_missing_encoding
100.management.rolling_restart_primary_safe,P31_MANAGEMENT_MATRIX_100_REAL,artifacts/phases/P31_MANAGEMENT_MATRIX_100_REAL/management_operation_results.jsonl,rolling_restart_primary_safe,$.missing_fields[14],MISSING,No read outage was observed during controlled primary handoff.,copied_from_source_missing_encoding
100.management.rolling_restart_primary_safe,P31_MANAGEMENT_MATRIX_100_REAL,artifacts/phases/P31_MANAGEMENT_MATRIX_100_REAL/management_operation_results.jsonl,rolling_restart_primary_safe,$.missing_fields[150],MISSING,No read outage was observed during controlled primary handoff.,copied_from_source_missing_encoding
100.management.rolling_restart_primary_safe,P31_MANAGEMENT_MATRIX_100_REAL,artifacts/phases/P31_MANAGEMENT_MATRIX_100_REAL/management_operation_results.jsonl,rolling_restart_primary_safe,$.missing_fields[151],MISSING,No write outage was observed during controlled primary handoff.,copied_from_source_missing_encoding
100.management.rolling_restart_primary_safe,P31_MANAGEMENT_MATRIX_100_REAL,artifacts/phases/P31_MANAGEMENT_MATRIX_100_REAL/management_operation_results.jsonl,rolling_restart_primary_safe,$.missing_fields[152],MISSING,No read outage was observed during controlled primary handoff.,copied_from_source_missing_encoding
100.management.rolling_restart_primary_safe,P31_MANAGEMENT_MATRIX_100_REAL,artifacts/phases/P31_MANAGEMENT_MATRIX_100_REAL/management_operation_results.jsonl,rolling_restart_primary_safe,$.missing_fields[153],MISSING,No write outage was observed during controlled primary handoff.,copied_from_source_missing_encoding
100.management.rolling_restart_primary_safe,P31_MANAGEMENT_MATRIX_100_REAL,artifacts/phases/P31_MANAGEMENT_MATRIX_100_REAL/management_operation_results.jsonl,rolling_restart_primary_safe,$.missing_fields[154],MISSING,No read outage was observed during controlled primary handoff.,copied_from_source_missing_encoding
100.management.rolling_restart_primary_safe,P31_MANAGEMENT_MATRIX_100_REAL,artifacts/phases/P31_MANAGEMENT_MATRIX_100_REAL/management_operation_results.jsonl,rolling_restart_primary_safe,$.missing_fields[155],MISSING,No write outage was observed during controlled primary handoff.,copied_from_source_missing_encoding
100.management.rolling_restart_primary_safe,P31_MANAGEMENT_MATRIX_100_REAL,artifacts/phases/P31_MANAGEMENT_MATRIX_100_REAL/management_operation_results.jsonl,rolling_restart_primary_safe,$.missing_fields[156],MISSING,No read outage was observed during controlled primary handoff.,copied_from_source_missing_encoding
100.management.rolling_restart_primary_safe,P31_MANAGEMENT_MATRIX_100_REAL,artifacts/phases/P31_MANAGEMENT_MATRIX_100_REAL/management_operation_results.jsonl,rolling_restart_primary_safe,$.missing_fields[157],MISSING,No write outage was observed during controlled primary handoff.,copied_from_source_missing_encoding
100.management.rolling_restart_primary_safe,P31_MANAGEMENT_MATRIX_100_REAL,artifacts/phases/P31_MANAGEMENT_MATRIX_100_REAL/management_operation_results.jsonl,rolling_restart_primary_safe,$.missing_fields[158],MISSING,No read outage was observed during controlled primary handoff.,copied_from_source_missing_encoding
100.management.rolling_restart_primary_safe,P31_MANAGEMENT_MATRIX_100_REAL,artifacts/phases/P31_MANAGEMENT_MATRIX_100_REAL/management_operation_results.jsonl,rolling_restart_primary_safe,$.missing_fields[159],MISSING,No write outage was observed during controlled primary handoff.,copied_from_source_missing_encoding
100.management.rolling_restart_primary_safe,P31_MANAGEMENT_MATRIX_100_REAL,artifacts/phases/P31_MANAGEMENT_MATRIX_100_REAL/management_operation_results.jsonl,rolling_restart_primary_safe,$.missing_fields[15],MISSING,No write outage was observed during controlled primary handoff.,copied_from_source_missing_encoding
100.management.rolling_restart_primary_safe,P31_MANAGEMENT_MATRIX_100_REAL,artifacts/phases/P31_MANAGEMENT_MATRIX_100_REAL/management_operation_results.jsonl,rolling_restart_primary_safe,$.missing_fields[160],MISSING,No read outage was observed during controlled primary handoff.,copied_from_source_missing_encoding
100.management.rolling_restart_primary_safe,P31_MANAGEMENT_MATRIX_100_REAL,artifacts/phases/P31_MANAGEMENT_MATRIX_100_REAL/management_operation_results.jsonl,rolling_restart_primary_safe,$.missing_fields[161],MISSING,No write outage was observed during controlled primary handoff.,copied_from_source_missing_encoding
100.management.rolling_restart_primary_safe,P31_MANAGEMENT_MATRIX_100_REAL,artifacts/phases/P31_MANAGEMENT_MATRIX_100_REAL/management_operation_results.jsonl,rolling_restart_primary_safe,$.missing_fields[162],MISSING,No read outage was observed during controlled primary handoff.,copied_from_source_missing_encoding
100.management.rolling_restart_primary_safe,P31_MANAGEMENT_MATRIX_100_REAL,artifacts/phases/P31_MANAGEMENT_MATRIX_100_REAL/management_operation_results.jsonl,rolling_restart_primary_safe,$.missing_fields[163],MISSING,No write outage was observed during controlled primary handoff.,copied_from_source_missing_encoding
100.management.rolling_restart_primary_safe,P31_MANAGEMENT_MATRIX_100_REAL,artifacts/phases/P31_MANAGEMENT_MATRIX_100_REAL/management_operation_results.jsonl,rolling_restart_primary_safe,$.missing_fields[164],MISSING,No read outage was observed during controlled primary handoff.,copied_from_source_missing_encoding
100.management.rolling_restart_primary_safe,P31_MANAGEMENT_MATRIX_100_REAL,artifacts/phases/P31_MANAGEMENT_MATRIX_100_REAL/management_operation_results.jsonl,rolling_restart_primary_safe,$.missing_fields[165],MISSING,No write outage was observed during controlled primary handoff.,copied_from_source_missing_encoding
100.management.rolling_restart_primary_safe,P31_MANAGEMENT_MATRIX_100_REAL,artifacts/phases/P31_MANAGEMENT_MATRIX_100_REAL/management_operation_results.jsonl,rolling_restart_primary_safe,$.missing_fields[166],MISSING,No read outage was observed during controlled primary handoff.,copied_from_source_missing_encoding
100.management.rolling_restart_primary_safe,P31_MANAGEMENT_MATRIX_100_REAL,artifacts/phases/P31_MANAGEMENT_MATRIX_100_REAL/management_operation_results.jsonl,rolling_restart_primary_safe,$.missing_fields[167],MISSING,No write outage was observed during controlled primary handoff.,copied_from_source_missing_encoding
100.management.rolling_restart_primary_safe,P31_MANAGEMENT_MATRIX_100_REAL,artifacts/phases/P31_MANAGEMENT_MATRIX_100_REAL/management_operation_results.jsonl,rolling_restart_primary_safe,$.missing_fields[168],MISSING,No read outage was observed during controlled primary handoff.,copied_from_source_missing_encoding
100.management.rolling_restart_primary_safe,P31_MANAGEMENT_MATRIX_100_REAL,artifacts/phases/P31_MANAGEMENT_MATRIX_100_REAL/management_operation_results.jsonl,rolling_restart_primary_safe,$.missing_fields[169],MISSING,No write outage was observed during controlled primary handoff.,copied_from_source_missing_encoding
100.management.rolling_restart_primary_safe,P31_MANAGEMENT_MATRIX_100_REAL,artifacts/phases/P31_MANAGEMENT_MATRIX_100_REAL/management_operation_results.jsonl,rolling_restart_primary_safe,$.missing_fields[16],MISSING,No read outage was observed during controlled primary handoff.,copied_from_source_missing_encoding
100.management.rolling_restart_primary_safe,P31_MANAGEMENT_MATRIX_100_REAL,artifacts/phases/P31_MANAGEMENT_MATRIX_100_REAL/management_operation_results.jsonl,rolling_restart_primary_safe,$.missing_fields[170],MISSING,No read outage was observed during controlled primary handoff.,copied_from_source_missing_encoding
100.management.rolling_restart_primary_safe,P31_MANAGEMENT_MATRIX_100_REAL,artifacts/phases/P31_MANAGEMENT_MATRIX_100_REAL/management_operation_results.jsonl,rolling_restart_primary_safe,$.missing_fields[171],MISSING,No write outage was observed during controlled primary handoff.,copied_from_source_missing_encoding
100.management.rolling_restart_primary_safe,P31_MANAGEMENT_MATRIX_100_REAL,artifacts/phases/P31_MANAGEMENT_MATRIX_100_REAL/management_operation_results.jsonl,rolling_restart_primary_safe,$.missing_fields[172],MISSING,No read outage was observed during controlled primary handoff.,copied_from_source_missing_encoding
100.management.rolling_restart_primary_safe,P31_MANAGEMENT_MATRIX_100_REAL,artifacts/phases/P31_MANAGEMENT_MATRIX_100_REAL/management_operation_results.jsonl,rolling_restart_primary_safe,$.missing_fields[173],MISSING,No write outage was observed during controlled primary handoff.,copied_from_source_missing_encoding
100.management.rolling_restart_primary_safe,P31_MANAGEMENT_MATRIX_100_REAL,artifacts/phases/P31_MANAGEMENT_MATRIX_100_REAL/management_operation_results.jsonl,rolling_restart_primary_safe,$.missing_fields[174],MISSING,No read outage was observed during controlled primary handoff.,copied_from_source_missing_encoding
100.management.rolling_restart_primary_safe,P31_MANAGEMENT_MATRIX_100_REAL,artifacts/phases/P31_MANAGEMENT_MATRIX_100_REAL/management_operation_results.jsonl,rolling_restart_primary_safe,$.missing_fields[175],MISSING,No write outage was observed during controlled primary handoff.,copied_from_source_missing_encoding
100.management.rolling_restart_primary_safe,P31_MANAGEMENT_MATRIX_100_REAL,artifacts/phases/P31_MANAGEMENT_MATRIX_100_REAL/management_operation_results.jsonl,rolling_restart_primary_safe,$.missing_fields[176],MISSING,No read outage was observed during controlled primary handoff.,copied_from_source_missing_encoding
100.management.rolling_restart_primary_safe,P31_MANAGEMENT_MATRIX_100_REAL,artifacts/phases/P31_MANAGEMENT_MATRIX_100_REAL/management_operation_results.jsonl,rolling_restart_primary_safe,$.missing_fields[177],MISSING,No write outage was observed during controlled primary handoff.,copied_from_source_missing_encoding
100.management.rolling_restart_primary_safe,P31_MANAGEMENT_MATRIX_100_REAL,artifacts/phases/P31_MANAGEMENT_MATRIX_100_REAL/management_operation_results.jsonl,rolling_restart_primary_safe,$.missing_fields[178],MISSING,No read outage was observed during controlled primary handoff.,copied_from_source_missing_encoding
100.management.rolling_restart_primary_safe,P31_MANAGEMENT_MATRIX_100_REAL,artifacts/phases/P31_MANAGEMENT_MATRIX_100_REAL/management_operation_results.jsonl,rolling_restart_primary_safe,$.missing_fields[179],MISSING,No write outage was observed during controlled primary handoff.,copied_from_source_missing_encoding
100.management.rolling_restart_primary_safe,P31_MANAGEMENT_MATRIX_100_REAL,artifacts/phases/P31_MANAGEMENT_MATRIX_100_REAL/management_operation_results.jsonl,rolling_restart_primary_safe,$.missing_fields[17],MISSING,No write outage was observed during controlled primary handoff.,copied_from_source_missing_encoding
100.management.rolling_restart_primary_safe,P31_MANAGEMENT_MATRIX_100_REAL,artifacts/phases/P31_MANAGEMENT_MATRIX_100_REAL/management_operation_results.jsonl,rolling_restart_primary_safe,$.missing_fields[180],MISSING,No read outage was observed during controlled primary handoff.,copied_from_source_missing_encoding
100.management.rolling_restart_primary_safe,P31_MANAGEMENT_MATRIX_100_REAL,artifacts/phases/P31_MANAGEMENT_MATRIX_100_REAL/management_operation_results.jsonl,rolling_restart_primary_safe,$.missing_fields[181],MISSING,No write outage was observed during controlled primary handoff.,copied_from_source_missing_encoding
100.management.rolling_restart_primary_safe,P31_MANAGEMENT_MATRIX_100_REAL,artifacts/phases/P31_MANAGEMENT_MATRIX_100_REAL/management_operation_results.jsonl,rolling_restart_primary_safe,$.missing_fields[182],MISSING,No read outage was observed during controlled primary handoff.,copied_from_source_missing_encoding
100.management.rolling_restart_primary_safe,P31_MANAGEMENT_MATRIX_100_REAL,artifacts/phases/P31_MANAGEMENT_MATRIX_100_REAL/management_operation_results.jsonl,rolling_restart_primary_safe,$.missing_fields[183],MISSING,No write outage was observed during controlled primary handoff.,copied_from_source_missing_encoding
100.management.rolling_restart_primary_safe,P31_MANAGEMENT_MATRIX_100_REAL,artifacts/phases/P31_MANAGEMENT_MATRIX_100_REAL/management_operation_results.jsonl,rolling_restart_primary_safe,$.missing_fields[184],MISSING,No read outage was observed during controlled primary handoff.,copied_from_source_missing_encoding
100.management.rolling_restart_primary_safe,P31_MANAGEMENT_MATRIX_100_REAL,artifacts/phases/P31_MANAGEMENT_MATRIX_100_REAL/management_operation_results.jsonl,rolling_restart_primary_safe,$.missing_fields[185],MISSING,No write outage was observed during controlled primary handoff.,copied_from_source_missing_encoding
100.management.rolling_restart_primary_safe,P31_MANAGEMENT_MATRIX_100_REAL,artifacts/phases/P31_MANAGEMENT_MATRIX_100_REAL/management_operation_results.jsonl,rolling_restart_primary_safe,$.missing_fields[186],MISSING,No read outage was observed during controlled primary handoff.,copied_from_source_missing_encoding
100.management.rolling_restart_primary_safe,P31_MANAGEMENT_MATRIX_100_REAL,artifacts/phases/P31_MANAGEMENT_MATRIX_100_REAL/management_operation_results.jsonl,rolling_restart_primary_safe,$.missing_fields[187],MISSING,No write outage was observed during controlled primary handoff.,copied_from_source_missing_encoding
100.management.rolling_restart_primary_safe,P31_MANAGEMENT_MATRIX_100_REAL,artifacts/phases/P31_MANAGEMENT_MATRIX_100_REAL/management_operation_results.jsonl,rolling_restart_primary_safe,$.missing_fields[188],MISSING,No read outage was observed during controlled primary handoff.,copied_from_source_missing_encoding
100.management.rolling_restart_primary_safe,P31_MANAGEMENT_MATRIX_100_REAL,artifacts/phases/P31_MANAGEMENT_MATRIX_100_REAL/management_operation_results.jsonl,rolling_restart_primary_safe,$.missing_fields[189],MISSING,No write outage was observed during controlled primary handoff.,copied_from_source_missing_encoding
100.management.rolling_restart_primary_safe,P31_MANAGEMENT_MATRIX_100_REAL,artifacts/phases/P31_MANAGEMENT_MATRIX_100_REAL/management_operation_results.jsonl,rolling_restart_primary_safe,$.missing_fields[18],MISSING,No read outage was observed during controlled primary handoff.,copied_from_source_missing_encoding
100.management.rolling_restart_primary_safe,P31_MANAGEMENT_MATRIX_100_REAL,artifacts/phases/P31_MANAGEMENT_MATRIX_100_REAL/management_operation_results.jsonl,rolling_restart_primary_safe,$.missing_fields[190],MISSING,No read outage was observed during controlled primary handoff.,copied_from_source_missing_encoding
100.management.rolling_restart_primary_safe,P31_MANAGEMENT_MATRIX_100_REAL,artifacts/phases/P31_MANAGEMENT_MATRIX_100_REAL/management_operation_results.jsonl,rolling_restart_primary_safe,$.missing_fields[191],MISSING,No write outage was observed during controlled primary handoff.,copied_from_source_missing_encoding
100.management.rolling_restart_primary_safe,P31_MANAGEMENT_MATRIX_100_REAL,artifacts/phases/P31_MANAGEMENT_MATRIX_100_REAL/management_operation_results.jsonl,rolling_restart_primary_safe,$.missing_fields[192],MISSING,No read outage was observed during controlled primary handoff.,copied_from_source_missing_encoding
100.management.rolling_restart_primary_safe,P31_MANAGEMENT_MATRIX_100_REAL,artifacts/phases/P31_MANAGEMENT_MATRIX_100_REAL/management_operation_results.jsonl,rolling_restart_primary_safe,$.missing_fields[193],MISSING,No write outage was observed during controlled primary handoff.,copied_from_source_missing_encoding
100.management.rolling_restart_primary_safe,P31_MANAGEMENT_MATRIX_100_REAL,artifacts/phases/P31_MANAGEMENT_MATRIX_100_REAL/management_operation_results.jsonl,rolling_restart_primary_safe,$.missing_fields[194],MISSING,No read outage was observed during controlled primary handoff.,copied_from_source_missing_encoding
100.management.rolling_restart_primary_safe,P31_MANAGEMENT_MATRIX_100_REAL,artifacts/phases/P31_MANAGEMENT_MATRIX_100_REAL/management_operation_results.jsonl,rolling_restart_primary_safe,$.missing_fields[195],MISSING,No write outage was observed during controlled primary handoff.,copied_from_source_missing_encoding
100.management.rolling_restart_primary_safe,P31_MANAGEMENT_MATRIX_100_REAL,artifacts/phases/P31_MANAGEMENT_MATRIX_100_REAL/management_operation_results.jsonl,rolling_restart_primary_safe,$.missing_fields[196],MISSING,No read outage was observed during controlled primary handoff.,copied_from_source_missing_encoding
100.management.rolling_restart_primary_safe,P31_MANAGEMENT_MATRIX_100_REAL,artifacts/phases/P31_MANAGEMENT_MATRIX_100_REAL/management_operation_results.jsonl,rolling_restart_primary_safe,$.missing_fields[197],MISSING,No write outage was observed during controlled primary handoff.,copied_from_source_missing_encoding
100.management.rolling_restart_primary_safe,P31_MANAGEMENT_MATRIX_100_REAL,artifacts/phases/P31_MANAGEMENT_MATRIX_100_REAL/management_operation_results.jsonl,rolling_restart_primary_safe,$.missing_fields[198],MISSING,No read outage was observed during controlled primary handoff.,copied_from_source_missing_encoding
100.management.rolling_restart_primary_safe,P31_MANAGEMENT_MATRIX_100_REAL,artifacts/phases/P31_MANAGEMENT_MATRIX_100_REAL/management_operation_results.jsonl,rolling_restart_primary_safe,$.missing_fields[199],MISSING,No write outage was observed during controlled primary handoff.,copied_from_source_missing_encoding
100.management.rolling_restart_primary_safe,P31_MANAGEMENT_MATRIX_100_REAL,artifacts/phases/P31_MANAGEMENT_MATRIX_100_REAL/management_operation_results.jsonl,rolling_restart_primary_safe,$.missing_fields[19],MISSING,No write outage was observed during controlled primary handoff.,copied_from_source_missing_encoding
100.management.rolling_restart_primary_safe,P31_MANAGEMENT_MATRIX_100_REAL,artifacts/phases/P31_MANAGEMENT_MATRIX_100_REAL/management_operation_results.jsonl,rolling_restart_primary_safe,$.missing_fields[1],MISSING,No write outage was observed during controlled primary handoff.,copied_from_source_missing_encoding
100.management.rolling_restart_primary_safe,P31_MANAGEMENT_MATRIX_100_REAL,artifacts/phases/P31_MANAGEMENT_MATRIX_100_REAL/management_operation_results.jsonl,rolling_restart_primary_safe,$.missing_fields[20],MISSING,No read outage was observed during controlled primary handoff.,copied_from_source_missing_encoding
100.management.rolling_restart_primary_safe,P31_MANAGEMENT_MATRIX_100_REAL,artifacts/phases/P31_MANAGEMENT_MATRIX_100_REAL/management_operation_results.jsonl,rolling_restart_primary_safe,$.missing_fields[21],MISSING,No write outage was observed during controlled primary handoff.,copied_from_source_missing_encoding
100.management.rolling_restart_primary_safe,P31_MANAGEMENT_MATRIX_100_REAL,artifacts/phases/P31_MANAGEMENT_MATRIX_100_REAL/management_operation_results.jsonl,rolling_restart_primary_safe,$.missing_fields[22],MISSING,No read outage was observed during controlled primary handoff.,copied_from_source_missing_encoding
100.management.rolling_restart_primary_safe,P31_MANAGEMENT_MATRIX_100_REAL,artifacts/phases/P31_MANAGEMENT_MATRIX_100_REAL/management_operation_results.jsonl,rolling_restart_primary_safe,$.missing_fields[23],MISSING,No write outage was observed during controlled primary handoff.,copied_from_source_missing_encoding
100.management.rolling_restart_primary_safe,P31_MANAGEMENT_MATRIX_100_REAL,artifacts/phases/P31_MANAGEMENT_MATRIX_100_REAL/management_operation_results.jsonl,rolling_restart_primary_safe,$.missing_fields[24],MISSING,No read outage was observed during controlled primary handoff.,copied_from_source_missing_encoding
100.management.rolling_restart_primary_safe,P31_MANAGEMENT_MATRIX_100_REAL,artifacts/phases/P31_MANAGEMENT_MATRIX_100_REAL/management_operation_results.jsonl,rolling_restart_primary_safe,$.missing_fields[25],MISSING,No write outage was observed during controlled primary handoff.,copied_from_source_missing_encoding
100.management.rolling_restart_primary_safe,P31_MANAGEMENT_MATRIX_100_REAL,artifacts/phases/P31_MANAGEMENT_MATRIX_100_REAL/management_operation_results.jsonl,rolling_restart_primary_safe,$.missing_fields[26],MISSING,No read outage was observed during controlled primary handoff.,copied_from_source_missing_encoding
100.management.rolling_restart_primary_safe,P31_MANAGEMENT_MATRIX_100_REAL,artifacts/phases/P31_MANAGEMENT_MATRIX_100_REAL/management_operation_results.jsonl,rolling_restart_primary_safe,$.missing_fields[27],MISSING,No write outage was observed during controlled primary handoff.,copied_from_source_missing_encoding
100.management.rolling_restart_primary_safe,P31_MANAGEMENT_MATRIX_100_REAL,artifacts/phases/P31_MANAGEMENT_MATRIX_100_REAL/management_operation_results.jsonl,rolling_restart_primary_safe,$.missing_fields[28],MISSING,No read outage was observed during controlled primary handoff.,copied_from_source_missing_encoding
100.management.rolling_restart_primary_safe,P31_MANAGEMENT_MATRIX_100_REAL,artifacts/phases/P31_MANAGEMENT_MATRIX_100_REAL/management_operation_results.jsonl,rolling_restart_primary_safe,$.missing_fields[29],MISSING,No write outage was observed during controlled primary handoff.,copied_from_source_missing_encoding
100.management.rolling_restart_primary_safe,P31_MANAGEMENT_MATRIX_100_REAL,artifacts/phases/P31_MANAGEMENT_MATRIX_100_REAL/management_operation_results.jsonl,rolling_restart_primary_safe,$.missing_fields[2],MISSING,No read outage was observed during controlled primary handoff.,copied_from_source_missing_encoding
100.management.rolling_restart_primary_safe,P31_MANAGEMENT_MATRIX_100_REAL,artifacts/phases/P31_MANAGEMENT_MATRIX_100_REAL/management_operation_results.jsonl,rolling_restart_primary_safe,$.missing_fields[30],MISSING,No read outage was observed during controlled primary handoff.,copied_from_source_missing_encoding
100.management.rolling_restart_primary_safe,P31_MANAGEMENT_MATRIX_100_REAL,artifacts/phases/P31_MANAGEMENT_MATRIX_100_REAL/management_operation_results.jsonl,rolling_restart_primary_safe,$.missing_fields[31],MISSING,No write outage was observed during controlled primary handoff.,copied_from_source_missing_encoding
100.management.rolling_restart_primary_safe,P31_MANAGEMENT_MATRIX_100_REAL,artifacts/phases/P31_MANAGEMENT_MATRIX_100_REAL/management_operation_results.jsonl,rolling_restart_primary_safe,$.missing_fields[32],MISSING,No read outage was observed during controlled primary handoff.,copied_from_source_missing_encoding
100.management.rolling_restart_primary_safe,P31_MANAGEMENT_MATRIX_100_REAL,artifacts/phases/P31_MANAGEMENT_MATRIX_100_REAL/management_operation_results.jsonl,rolling_restart_primary_safe,$.missing_fields[33],MISSING,No write outage was observed during controlled primary handoff.,copied_from_source_missing_encoding
100.management.rolling_restart_primary_safe,P31_MANAGEMENT_MATRIX_100_REAL,artifacts/phases/P31_MANAGEMENT_MATRIX_100_REAL/management_operation_results.jsonl,rolling_restart_primary_safe,$.missing_fields[34],MISSING,No read outage was observed during controlled primary handoff.,copied_from_source_missing_encoding
100.management.rolling_restart_primary_safe,P31_MANAGEMENT_MATRIX_100_REAL,artifacts/phases/P31_MANAGEMENT_MATRIX_100_REAL/management_operation_results.jsonl,rolling_restart_primary_safe,$.missing_fields[35],MISSING,No write outage was observed during controlled primary handoff.,copied_from_source_missing_encoding
100.management.rolling_restart_primary_safe,P31_MANAGEMENT_MATRIX_100_REAL,artifacts/phases/P31_MANAGEMENT_MATRIX_100_REAL/management_operation_results.jsonl,rolling_restart_primary_safe,$.missing_fields[36],MISSING,No read outage was observed during controlled primary handoff.,copied_from_source_missing_encoding
100.management.rolling_restart_primary_safe,P31_MANAGEMENT_MATRIX_100_REAL,artifacts/phases/P31_MANAGEMENT_MATRIX_100_REAL/management_operation_results.jsonl,rolling_restart_primary_safe,$.missing_fields[37],MISSING,No write outage was observed during controlled primary handoff.,copied_from_source_missing_encoding
100.management.rolling_restart_primary_safe,P31_MANAGEMENT_MATRIX_100_REAL,artifacts/phases/P31_MANAGEMENT_MATRIX_100_REAL/management_operation_results.jsonl,rolling_restart_primary_safe,$.missing_fields[38],MISSING,No read outage was observed during controlled primary handoff.,copied_from_source_missing_encoding
100.management.rolling_restart_primary_safe,P31_MANAGEMENT_MATRIX_100_REAL,artifacts/phases/P31_MANAGEMENT_MATRIX_100_REAL/management_operation_results.jsonl,rolling_restart_primary_safe,$.missing_fields[39],MISSING,No write outage was observed during controlled primary handoff.,copied_from_source_missing_encoding
100.management.rolling_restart_primary_safe,P31_MANAGEMENT_MATRIX_100_REAL,artifacts/phases/P31_MANAGEMENT_MATRIX_100_REAL/management_operation_results.jsonl,rolling_restart_primary_safe,$.missing_fields[3],MISSING,No write outage was observed during controlled primary handoff.,copied_from_source_missing_encoding
100.management.rolling_restart_primary_safe,P31_MANAGEMENT_MATRIX_100_REAL,artifacts/phases/P31_MANAGEMENT_MATRIX_100_REAL/management_operation_results.jsonl,rolling_restart_primary_safe,$.missing_fields[40],MISSING,No read outage was observed during controlled primary handoff.,copied_from_source_missing_encoding
100.management.rolling_restart_primary_safe,P31_MANAGEMENT_MATRIX_100_REAL,artifacts/phases/P31_MANAGEMENT_MATRIX_100_REAL/management_operation_results.jsonl,rolling_restart_primary_safe,$.missing_fields[41],MISSING,No write outage was observed during controlled primary handoff.,copied_from_source_missing_encoding
100.management.rolling_restart_primary_safe,P31_MANAGEMENT_MATRIX_100_REAL,artifacts/phases/P31_MANAGEMENT_MATRIX_100_REAL/management_operation_results.jsonl,rolling_restart_primary_safe,$.missing_fields[42],MISSING,No read outage was observed during controlled primary handoff.,copied_from_source_missing_encoding
100.management.rolling_restart_primary_safe,P31_MANAGEMENT_MATRIX_100_REAL,artifacts/phases/P31_MANAGEMENT_MATRIX_100_REAL/management_operation_results.jsonl,rolling_restart_primary_safe,$.missing_fields[43],MISSING,No write outage was observed during controlled primary handoff.,copied_from_source_missing_encoding
100.management.rolling_restart_primary_safe,P31_MANAGEMENT_MATRIX_100_REAL,artifacts/phases/P31_MANAGEMENT_MATRIX_100_REAL/management_operation_results.jsonl,rolling_restart_primary_safe,$.missing_fields[44],MISSING,No read outage was observed during controlled primary handoff.,copied_from_source_missing_encoding
100.management.rolling_restart_primary_safe,P31_MANAGEMENT_MATRIX_100_REAL,artifacts/phases/P31_MANAGEMENT_MATRIX_100_REAL/management_operation_results.jsonl,rolling_restart_primary_safe,$.missing_fields[45],MISSING,No write outage was observed during controlled primary handoff.,copied_from_source_missing_encoding
100.management.rolling_restart_primary_safe,P31_MANAGEMENT_MATRIX_100_REAL,artifacts/phases/P31_MANAGEMENT_MATRIX_100_REAL/management_operation_results.jsonl,rolling_restart_primary_safe,$.missing_fields[46],MISSING,No read outage was observed during controlled primary handoff.,copied_from_source_missing_encoding
100.management.rolling_restart_primary_safe,P31_MANAGEMENT_MATRIX_100_REAL,artifacts/phases/P31_MANAGEMENT_MATRIX_100_REAL/management_operation_results.jsonl,rolling_restart_primary_safe,$.missing_fields[47],MISSING,No write outage was observed during controlled primary handoff.,copied_from_source_missing_encoding
100.management.rolling_restart_primary_safe,P31_MANAGEMENT_MATRIX_100_REAL,artifacts/phases/P31_MANAGEMENT_MATRIX_100_REAL/management_operation_results.jsonl,rolling_restart_primary_safe,$.missing_fields[48],MISSING,No read outage was observed during controlled primary handoff.,copied_from_source_missing_encoding
100.management.rolling_restart_primary_safe,P31_MANAGEMENT_MATRIX_100_REAL,artifacts/phases/P31_MANAGEMENT_MATRIX_100_REAL/management_operation_results.jsonl,rolling_restart_primary_safe,$.missing_fields[49],MISSING,No write outage was observed during controlled primary handoff.,copied_from_source_missing_encoding
100.management.rolling_restart_primary_safe,P31_MANAGEMENT_MATRIX_100_REAL,artifacts/phases/P31_MANAGEMENT_MATRIX_100_REAL/management_operation_results.jsonl,rolling_restart_primary_safe,$.missing_fields[4],MISSING,No read outage was observed during controlled primary handoff.,copied_from_source_missing_encoding
100.management.rolling_restart_primary_safe,P31_MANAGEMENT_MATRIX_100_REAL,artifacts/phases/P31_MANAGEMENT_MATRIX_100_REAL/management_operation_results.jsonl,rolling_restart_primary_safe,$.missing_fields[50],MISSING,No read outage was observed during controlled primary handoff.,copied_from_source_missing_encoding
100.management.rolling_restart_primary_safe,P31_MANAGEMENT_MATRIX_100_REAL,artifacts/phases/P31_MANAGEMENT_MATRIX_100_REAL/management_operation_results.jsonl,rolling_restart_primary_safe,$.missing_fields[51],MISSING,No write outage was observed during controlled primary handoff.,copied_from_source_missing_encoding
100.management.rolling_restart_primary_safe,P31_MANAGEMENT_MATRIX_100_REAL,artifacts/phases/P31_MANAGEMENT_MATRIX_100_REAL/management_operation_results.jsonl,rolling_restart_primary_safe,$.missing_fields[52],MISSING,No read outage was observed during controlled primary handoff.,copied_from_source_missing_encoding
100.management.rolling_restart_primary_safe,P31_MANAGEMENT_MATRIX_100_REAL,artifacts/phases/P31_MANAGEMENT_MATRIX_100_REAL/management_operation_results.jsonl,rolling_restart_primary_safe,$.missing_fields[53],MISSING,No write outage was observed during controlled primary handoff.,copied_from_source_missing_encoding
100.management.rolling_restart_primary_safe,P31_MANAGEMENT_MATRIX_100_REAL,artifacts/phases/P31_MANAGEMENT_MATRIX_100_REAL/management_operation_results.jsonl,rolling_restart_primary_safe,$.missing_fields[54],MISSING,No read outage was observed during controlled primary handoff.,copied_from_source_missing_encoding
100.management.rolling_restart_primary_safe,P31_MANAGEMENT_MATRIX_100_REAL,artifacts/phases/P31_MANAGEMENT_MATRIX_100_REAL/management_operation_results.jsonl,rolling_restart_primary_safe,$.missing_fields[55],MISSING,No write outage was observed during controlled primary handoff.,copied_from_source_missing_encoding
100.management.rolling_restart_primary_safe,P31_MANAGEMENT_MATRIX_100_REAL,artifacts/phases/P31_MANAGEMENT_MATRIX_100_REAL/management_operation_results.jsonl,rolling_restart_primary_safe,$.missing_fields[56],MISSING,No read outage was observed during controlled primary handoff.,copied_from_source_missing_encoding
100.management.rolling_restart_primary_safe,P31_MANAGEMENT_MATRIX_100_REAL,artifacts/phases/P31_MANAGEMENT_MATRIX_100_REAL/management_operation_results.jsonl,rolling_restart_primary_safe,$.missing_fields[57],MISSING,No write outage was observed during controlled primary handoff.,copied_from_source_missing_encoding
100.management.rolling_restart_primary_safe,P31_MANAGEMENT_MATRIX_100_REAL,artifacts/phases/P31_MANAGEMENT_MATRIX_100_REAL/management_operation_results.jsonl,rolling_restart_primary_safe,$.missing_fields[58],MISSING,No read outage was observed during controlled primary handoff.,copied_from_source_missing_encoding
100.management.rolling_restart_primary_safe,P31_MANAGEMENT_MATRIX_100_REAL,artifacts/phases/P31_MANAGEMENT_MATRIX_100_REAL/management_operation_results.jsonl,rolling_restart_primary_safe,$.missing_fields[59],MISSING,No write outage was observed during controlled primary handoff.,copied_from_source_missing_encoding
100.management.rolling_restart_primary_safe,P31_MANAGEMENT_MATRIX_100_REAL,artifacts/phases/P31_MANAGEMENT_MATRIX_100_REAL/management_operation_results.jsonl,rolling_restart_primary_safe,$.missing_fields[5],MISSING,No write outage was observed during controlled primary handoff.,copied_from_source_missing_encoding
100.management.rolling_restart_primary_safe,P31_MANAGEMENT_MATRIX_100_REAL,artifacts/phases/P31_MANAGEMENT_MATRIX_100_REAL/management_operation_results.jsonl,rolling_restart_primary_safe,$.missing_fields[60],MISSING,No read outage was observed during controlled primary handoff.,copied_from_source_missing_encoding
100.management.rolling_restart_primary_safe,P31_MANAGEMENT_MATRIX_100_REAL,artifacts/phases/P31_MANAGEMENT_MATRIX_100_REAL/management_operation_results.jsonl,rolling_restart_primary_safe,$.missing_fields[61],MISSING,No write outage was observed during controlled primary handoff.,copied_from_source_missing_encoding
100.management.rolling_restart_primary_safe,P31_MANAGEMENT_MATRIX_100_REAL,artifacts/phases/P31_MANAGEMENT_MATRIX_100_REAL/management_operation_results.jsonl,rolling_restart_primary_safe,$.missing_fields[62],MISSING,No read outage was observed during controlled primary handoff.,copied_from_source_missing_encoding
100.management.rolling_restart_primary_safe,P31_MANAGEMENT_MATRIX_100_REAL,artifacts/phases/P31_MANAGEMENT_MATRIX_100_REAL/management_operation_results.jsonl,rolling_restart_primary_safe,$.missing_fields[63],MISSING,No write outage was observed during controlled primary handoff.,copied_from_source_missing_encoding
100.management.rolling_restart_primary_safe,P31_MANAGEMENT_MATRIX_100_REAL,artifacts/phases/P31_MANAGEMENT_MATRIX_100_REAL/management_operation_results.jsonl,rolling_restart_primary_safe,$.missing_fields[64],MISSING,No read outage was observed during controlled primary handoff.,copied_from_source_missing_encoding
100.management.rolling_restart_primary_safe,P31_MANAGEMENT_MATRIX_100_REAL,artifacts/phases/P31_MANAGEMENT_MATRIX_100_REAL/management_operation_results.jsonl,rolling_restart_primary_safe,$.missing_fields[65],MISSING,No write outage was observed during controlled primary handoff.,copied_from_source_missing_encoding
100.management.rolling_restart_primary_safe,P31_MANAGEMENT_MATRIX_100_REAL,artifacts/phases/P31_MANAGEMENT_MATRIX_100_REAL/management_operation_results.jsonl,rolling_restart_primary_safe,$.missing_fields[66],MISSING,No read outage was observed during controlled primary handoff.,copied_from_source_missing_encoding
100.management.rolling_restart_primary_safe,P31_MANAGEMENT_MATRIX_100_REAL,artifacts/phases/P31_MANAGEMENT_MATRIX_100_REAL/management_operation_results.jsonl,rolling_restart_primary_safe,$.missing_fields[67],MISSING,No write outage was observed during controlled primary handoff.,copied_from_source_missing_encoding
100.management.rolling_restart_primary_safe,P31_MANAGEMENT_MATRIX_100_REAL,artifacts/phases/P31_MANAGEMENT_MATRIX_100_REAL/management_operation_results.jsonl,rolling_restart_primary_safe,$.missing_fields[68],MISSING,No read outage was observed during controlled primary handoff.,copied_from_source_missing_encoding
100.management.rolling_restart_primary_safe,P31_MANAGEMENT_MATRIX_100_REAL,artifacts/phases/P31_MANAGEMENT_MATRIX_100_REAL/management_operation_results.jsonl,rolling_restart_primary_safe,$.missing_fields[69],MISSING,No write outage was observed during controlled primary handoff.,copied_from_source_missing_encoding
100.management.rolling_restart_primary_safe,P31_MANAGEMENT_MATRIX_100_REAL,artifacts/phases/P31_MANAGEMENT_MATRIX_100_REAL/management_operation_results.jsonl,rolling_restart_primary_safe,$.missing_fields[6],MISSING,No read outage was observed during controlled primary handoff.,copied_from_source_missing_encoding
100.management.rolling_restart_primary_safe,P31_MANAGEMENT_MATRIX_100_REAL,artifacts/phases/P31_MANAGEMENT_MATRIX_100_REAL/management_operation_results.jsonl,rolling_restart_primary_safe,$.missing_fields[70],MISSING,No read outage was observed during controlled primary handoff.,copied_from_source_missing_encoding
100.management.rolling_restart_primary_safe,P31_MANAGEMENT_MATRIX_100_REAL,artifacts/phases/P31_MANAGEMENT_MATRIX_100_REAL/management_operation_results.jsonl,rolling_restart_primary_safe,$.missing_fields[71],MISSING,No write outage was observed during controlled primary handoff.,copied_from_source_missing_encoding
100.management.rolling_restart_primary_safe,P31_MANAGEMENT_MATRIX_100_REAL,artifacts/phases/P31_MANAGEMENT_MATRIX_100_REAL/management_operation_results.jsonl,rolling_restart_primary_safe,$.missing_fields[72],MISSING,No read outage was observed during controlled primary handoff.,copied_from_source_missing_encoding
100.management.rolling_restart_primary_safe,P31_MANAGEMENT_MATRIX_100_REAL,artifacts/phases/P31_MANAGEMENT_MATRIX_100_REAL/management_operation_results.jsonl,rolling_restart_primary_safe,$.missing_fields[73],MISSING,No write outage was observed during controlled primary handoff.,copied_from_source_missing_encoding
100.management.rolling_restart_primary_safe,P31_MANAGEMENT_MATRIX_100_REAL,artifacts/phases/P31_MANAGEMENT_MATRIX_100_REAL/management_operation_results.jsonl,rolling_restart_primary_safe,$.missing_fields[74],MISSING,No read outage was observed during controlled primary handoff.,copied_from_source_missing_encoding
100.management.rolling_restart_primary_safe,P31_MANAGEMENT_MATRIX_100_REAL,artifacts/phases/P31_MANAGEMENT_MATRIX_100_REAL/management_operation_results.jsonl,rolling_restart_primary_safe,$.missing_fields[75],MISSING,No write outage was observed during controlled primary handoff.,copied_from_source_missing_encoding
100.management.rolling_restart_primary_safe,P31_MANAGEMENT_MATRIX_100_REAL,artifacts/phases/P31_MANAGEMENT_MATRIX_100_REAL/management_operation_results.jsonl,rolling_restart_primary_safe,$.missing_fields[76],MISSING,No read outage was observed during controlled primary handoff.,copied_from_source_missing_encoding
100.management.rolling_restart_primary_safe,P31_MANAGEMENT_MATRIX_100_REAL,artifacts/phases/P31_MANAGEMENT_MATRIX_100_REAL/management_operation_results.jsonl,rolling_restart_primary_safe,$.missing_fields[77],MISSING,No write outage was observed during controlled primary handoff.,copied_from_source_missing_encoding
100.management.rolling_restart_primary_safe,P31_MANAGEMENT_MATRIX_100_REAL,artifacts/phases/P31_MANAGEMENT_MATRIX_100_REAL/management_operation_results.jsonl,rolling_restart_primary_safe,$.missing_fields[78],MISSING,No read outage was observed during controlled primary handoff.,copied_from_source_missing_encoding
100.management.rolling_restart_primary_safe,P31_MANAGEMENT_MATRIX_100_REAL,artifacts/phases/P31_MANAGEMENT_MATRIX_100_REAL/management_operation_results.jsonl,rolling_restart_primary_safe,$.missing_fields[79],MISSING,No write outage was observed during controlled primary handoff.,copied_from_source_missing_encoding
100.management.rolling_restart_primary_safe,P31_MANAGEMENT_MATRIX_100_REAL,artifacts/phases/P31_MANAGEMENT_MATRIX_100_REAL/management_operation_results.jsonl,rolling_restart_primary_safe,$.missing_fields[7],MISSING,No write outage was observed during controlled primary handoff.,copied_from_source_missing_encoding
100.management.rolling_restart_primary_safe,P31_MANAGEMENT_MATRIX_100_REAL,artifacts/phases/P31_MANAGEMENT_MATRIX_100_REAL/management_operation_results.jsonl,rolling_restart_primary_safe,$.missing_fields[80],MISSING,No read outage was observed during controlled primary handoff.,copied_from_source_missing_encoding
100.management.rolling_restart_primary_safe,P31_MANAGEMENT_MATRIX_100_REAL,artifacts/phases/P31_MANAGEMENT_MATRIX_100_REAL/management_operation_results.jsonl,rolling_restart_primary_safe,$.missing_fields[81],MISSING,No write outage was observed during controlled primary handoff.,copied_from_source_missing_encoding
100.management.rolling_restart_primary_safe,P31_MANAGEMENT_MATRIX_100_REAL,artifacts/phases/P31_MANAGEMENT_MATRIX_100_REAL/management_operation_results.jsonl,rolling_restart_primary_safe,$.missing_fields[82],MISSING,No read outage was observed during controlled primary handoff.,copied_from_source_missing_encoding
100.management.rolling_restart_primary_safe,P31_MANAGEMENT_MATRIX_100_REAL,artifacts/phases/P31_MANAGEMENT_MATRIX_100_REAL/management_operation_results.jsonl,rolling_restart_primary_safe,$.missing_fields[83],MISSING,No write outage was observed during controlled primary handoff.,copied_from_source_missing_encoding
100.management.rolling_restart_primary_safe,P31_MANAGEMENT_MATRIX_100_REAL,artifacts/phases/P31_MANAGEMENT_MATRIX_100_REAL/management_operation_results.jsonl,rolling_restart_primary_safe,$.missing_fields[84],MISSING,No read outage was observed during controlled primary handoff.,copied_from_source_missing_encoding
100.management.rolling_restart_primary_safe,P31_MANAGEMENT_MATRIX_100_REAL,artifacts/phases/P31_MANAGEMENT_MATRIX_100_REAL/management_operation_results.jsonl,rolling_restart_primary_safe,$.missing_fields[85],MISSING,No write outage was observed during controlled primary handoff.,copied_from_source_missing_encoding
100.management.rolling_restart_primary_safe,P31_MANAGEMENT_MATRIX_100_REAL,artifacts/phases/P31_MANAGEMENT_MATRIX_100_REAL/management_operation_results.jsonl,rolling_restart_primary_safe,$.missing_fields[86],MISSING,No read outage was observed during controlled primary handoff.,copied_from_source_missing_encoding
100.management.rolling_restart_primary_safe,P31_MANAGEMENT_MATRIX_100_REAL,artifacts/phases/P31_MANAGEMENT_MATRIX_100_REAL/management_operation_results.jsonl,rolling_restart_primary_safe,$.missing_fields[87],MISSING,No write outage was observed during controlled primary handoff.,copied_from_source_missing_encoding
100.management.rolling_restart_primary_safe,P31_MANAGEMENT_MATRIX_100_REAL,artifacts/phases/P31_MANAGEMENT_MATRIX_100_REAL/management_operation_results.jsonl,rolling_restart_primary_safe,$.missing_fields[88],MISSING,No read outage was observed during controlled primary handoff.,copied_from_source_missing_encoding
100.management.rolling_restart_primary_safe,P31_MANAGEMENT_MATRIX_100_REAL,artifacts/phases/P31_MANAGEMENT_MATRIX_100_REAL/management_operation_results.jsonl,rolling_restart_primary_safe,$.missing_fields[89],MISSING,No write outage was observed during controlled primary handoff.,copied_from_source_missing_encoding
100.management.rolling_restart_primary_safe,P31_MANAGEMENT_MATRIX_100_REAL,artifacts/phases/P31_MANAGEMENT_MATRIX_100_REAL/management_operation_results.jsonl,rolling_restart_primary_safe,$.missing_fields[8],MISSING,No read outage was observed during controlled primary handoff.,copied_from_source_missing_encoding
100.management.rolling_restart_primary_safe,P31_MANAGEMENT_MATRIX_100_REAL,artifacts/phases/P31_MANAGEMENT_MATRIX_100_REAL/management_operation_results.jsonl,rolling_restart_primary_safe,$.missing_fields[90],MISSING,No read outage was observed during controlled primary handoff.,copied_from_source_missing_encoding
100.management.rolling_restart_primary_safe,P31_MANAGEMENT_MATRIX_100_REAL,artifacts/phases/P31_MANAGEMENT_MATRIX_100_REAL/management_operation_results.jsonl,rolling_restart_primary_safe,$.missing_fields[91],MISSING,No write outage was observed during controlled primary handoff.,copied_from_source_missing_encoding
100.management.rolling_restart_primary_safe,P31_MANAGEMENT_MATRIX_100_REAL,artifacts/phases/P31_MANAGEMENT_MATRIX_100_REAL/management_operation_results.jsonl,rolling_restart_primary_safe,$.missing_fields[92],MISSING,No read outage was observed during controlled primary handoff.,copied_from_source_missing_encoding
100.management.rolling_restart_primary_safe,P31_MANAGEMENT_MATRIX_100_REAL,artifacts/phases/P31_MANAGEMENT_MATRIX_100_REAL/management_operation_results.jsonl,rolling_restart_primary_safe,$.missing_fields[93],MISSING,No write outage was observed during controlled primary handoff.,copied_from_source_missing_encoding
100.management.rolling_restart_primary_safe,P31_MANAGEMENT_MATRIX_100_REAL,artifacts/phases/P31_MANAGEMENT_MATRIX_100_REAL/management_operation_results.jsonl,rolling_restart_primary_safe,$.missing_fields[94],MISSING,No read outage was observed during controlled primary handoff.,copied_from_source_missing_encoding
100.management.rolling_restart_primary_safe,P31_MANAGEMENT_MATRIX_100_REAL,artifacts/phases/P31_MANAGEMENT_MATRIX_100_REAL/management_operation_results.jsonl,rolling_restart_primary_safe,$.missing_fields[95],MISSING,No write outage was observed during controlled primary handoff.,copied_from_source_missing_encoding
100.management.rolling_restart_primary_safe,P31_MANAGEMENT_MATRIX_100_REAL,artifacts/phases/P31_MANAGEMENT_MATRIX_100_REAL/management_operation_results.jsonl,rolling_restart_primary_safe,$.missing_fields[96],MISSING,No read outage was observed during controlled primary handoff.,copied_from_source_missing_encoding
100.management.rolling_restart_primary_safe,P31_MANAGEMENT_MATRIX_100_REAL,artifacts/phases/P31_MANAGEMENT_MATRIX_100_REAL/management_operation_results.jsonl,rolling_restart_primary_safe,$.missing_fields[97],MISSING,No write outage was observed during controlled primary handoff.,copied_from_source_missing_encoding
100.management.rolling_restart_primary_safe,P31_MANAGEMENT_MATRIX_100_REAL,artifacts/phases/P31_MANAGEMENT_MATRIX_100_REAL/management_operation_results.jsonl,rolling_restart_primary_safe,$.missing_fields[98],MISSING,No read outage was observed during controlled primary handoff.,copied_from_source_missing_encoding
100.management.rolling_restart_primary_safe,P31_MANAGEMENT_MATRIX_100_REAL,artifacts/phases/P31_MANAGEMENT_MATRIX_100_REAL/management_operation_results.jsonl,rolling_restart_primary_safe,$.missing_fields[99],MISSING,No write outage was observed during controlled primary handoff.,copied_from_source_missing_encoding
100.management.rolling_restart_primary_safe,P31_MANAGEMENT_MATRIX_100_REAL,artifacts/phases/P31_MANAGEMENT_MATRIX_100_REAL/management_operation_results.jsonl,rolling_restart_primary_safe,$.missing_fields[9],MISSING,No write outage was observed during controlled primary handoff.,copied_from_source_missing_encoding
100.management.rolling_restart_primary_safe,P31_MANAGEMENT_MATRIX_100_REAL,artifacts/phases/P31_MANAGEMENT_MATRIX_100_REAL/management_operation_results.jsonl,rolling_restart_primary_safe,read_unavailability_ms,MISSING,No read outage was observed during controlled primary handoff.,copied_from_source_missing_encoding
100.management.rolling_restart_primary_safe,P31_MANAGEMENT_MATRIX_100_REAL,artifacts/phases/P31_MANAGEMENT_MATRIX_100_REAL/management_operation_results.jsonl,rolling_restart_primary_safe,write_unavailability_ms,MISSING,No write outage was observed during controlled primary handoff.,copied_from_source_missing_encoding
100.management.rolling_restart_replica_first,P31_MANAGEMENT_MATRIX_100_REAL,artifacts/phases/P31_MANAGEMENT_MATRIX_100_REAL/management_operation_results.jsonl,rolling_restart_replica_first,$.bytes_migrated,MISSING,Valkey command path did not expose migrated byte counts for this operation.,copied_from_source_missing_encoding
P31_MANAGEMENT_MATRIX_100_REAL.analysis.phase_summary,P31_MANAGEMENT_MATRIX_100_REAL,artifacts/phases/P31_MANAGEMENT_MATRIX_100_REAL/phase_summary.json,phase_summary,$.missing_metrics[0],MISSING,create_cluster timing is captured in runtime_timing_breakdown and cluster setup operations before matrix row emission.,copied_from_source_missing_encoding
P31_MANAGEMENT_MATRIX_100_REAL.analysis.phase_summary,P31_MANAGEMENT_MATRIX_100_REAL,artifacts/phases/P31_MANAGEMENT_MATRIX_100_REAL/phase_summary.json,phase_summary,$.missing_metrics[100],MISSING,No read outage was observed during controlled primary handoff.,copied_from_source_missing_encoding
P31_MANAGEMENT_MATRIX_100_REAL.analysis.phase_summary,P31_MANAGEMENT_MATRIX_100_REAL,artifacts/phases/P31_MANAGEMENT_MATRIX_100_REAL/phase_summary.json,phase_summary,$.missing_metrics[101],MISSING,No write outage was observed during controlled primary handoff.,copied_from_source_missing_encoding
P31_MANAGEMENT_MATRIX_100_REAL.analysis.phase_summary,P31_MANAGEMENT_MATRIX_100_REAL,artifacts/phases/P31_MANAGEMENT_MATRIX_100_REAL/phase_summary.json,phase_summary,$.missing_metrics[102],MISSING,No read outage was observed during controlled primary handoff.,copied_from_source_missing_encoding
P31_MANAGEMENT_MATRIX_100_REAL.analysis.phase_summary,P31_MANAGEMENT_MATRIX_100_REAL,artifacts/phases/P31_MANAGEMENT_MATRIX_100_REAL/phase_summary.json,phase_summary,$.missing_metrics[103],MISSING,No write outage was observed during controlled primary handoff.,copied_from_source_missing_encoding
P31_MANAGEMENT_MATRIX_100_REAL.analysis.phase_summary,P31_MANAGEMENT_MATRIX_100_REAL,artifacts/phases/P31_MANAGEMENT_MATRIX_100_REAL/phase_summary.json,phase_summary,$.missing_metrics[104],MISSING,No read outage was observed during controlled primary handoff.,copied_from_source_missing_encoding
P31_MANAGEMENT_MATRIX_100_REAL.analysis.phase_summary,P31_MANAGEMENT_MATRIX_100_REAL,artifacts/phases/P31_MANAGEMENT_MATRIX_100_REAL/phase_summary.json,phase_summary,$.missing_metrics[105],MISSING,No write outage was observed during controlled primary handoff.,copied_from_source_missing_encoding
P31_MANAGEMENT_MATRIX_100_REAL.analysis.phase_summary,P31_MANAGEMENT_MATRIX_100_REAL,artifacts/phases/P31_MANAGEMENT_MATRIX_100_REAL/phase_summary.json,phase_summary,$.missing_metrics[106],MISSING,No read outage was observed during controlled primary handoff.,copied_from_source_missing_encoding
P31_MANAGEMENT_MATRIX_100_REAL.analysis.phase_summary,P31_MANAGEMENT_MATRIX_100_REAL,artifacts/phases/P31_MANAGEMENT_MATRIX_100_REAL/phase_summary.json,phase_summary,$.missing_metrics[107],MISSING,No write outage was observed during controlled primary handoff.,copied_from_source_missing_encoding
P31_MANAGEMENT_MATRIX_100_REAL.analysis.phase_summary,P31_MANAGEMENT_MATRIX_100_REAL,artifacts/phases/P31_MANAGEMENT_MATRIX_100_REAL/phase_summary.json,phase_summary,$.missing_metrics[108],MISSING,No read outage was observed during controlled primary handoff.,copied_from_source_missing_encoding
P31_MANAGEMENT_MATRIX_100_REAL.analysis.phase_summary,P31_MANAGEMENT_MATRIX_100_REAL,artifacts/phases/P31_MANAGEMENT_MATRIX_100_REAL/phase_summary.json,phase_summary,$.missing_metrics[109],MISSING,No write outage was observed during controlled primary handoff.,copied_from_source_missing_encoding
P31_MANAGEMENT_MATRIX_100_REAL.analysis.phase_summary,P31_MANAGEMENT_MATRIX_100_REAL,artifacts/phases/P31_MANAGEMENT_MATRIX_100_REAL/phase_summary.json,phase_summary,$.missing_metrics[10],MISSING,No read outage was observed during controlled primary handoff.,copied_from_source_missing_encoding
P31_MANAGEMENT_MATRIX_100_REAL.analysis.phase_summary,P31_MANAGEMENT_MATRIX_100_REAL,artifacts/phases/P31_MANAGEMENT_MATRIX_100_REAL/phase_summary.json,phase_summary,$.missing_metrics[110],MISSING,No read outage was observed during controlled primary handoff.,copied_from_source_missing_encoding
P31_MANAGEMENT_MATRIX_100_REAL.analysis.phase_summary,P31_MANAGEMENT_MATRIX_100_REAL,artifacts/phases/P31_MANAGEMENT_MATRIX_100_REAL/phase_summary.json,phase_summary,$.missing_metrics[111],MISSING,No write outage was observed during controlled primary handoff.,copied_from_source_missing_encoding
P31_MANAGEMENT_MATRIX_100_REAL.analysis.phase_summary,P31_MANAGEMENT_MATRIX_100_REAL,artifacts/phases/P31_MANAGEMENT_MATRIX_100_REAL/phase_summary.json,phase_summary,$.missing_metrics[112],MISSING,No read outage was observed during controlled primary handoff.,copied_from_source_missing_encoding
P31_MANAGEMENT_MATRIX_100_REAL.analysis.phase_summary,P31_MANAGEMENT_MATRIX_100_REAL,artifacts/phases/P31_MANAGEMENT_MATRIX_100_REAL/phase_summary.json,phase_summary,$.missing_metrics[113],MISSING,No write outage was observed during controlled primary handoff.,copied_from_source_missing_encoding
P31_MANAGEMENT_MATRIX_100_REAL.analysis.phase_summary,P31_MANAGEMENT_MATRIX_100_REAL,artifacts/phases/P31_MANAGEMENT_MATRIX_100_REAL/phase_summary.json,phase_summary,$.missing_metrics[114],MISSING,No read outage was observed during controlled primary handoff.,copied_from_source_missing_encoding
P31_MANAGEMENT_MATRIX_100_REAL.analysis.phase_summary,P31_MANAGEMENT_MATRIX_100_REAL,artifacts/phases/P31_MANAGEMENT_MATRIX_100_REAL/phase_summary.json,phase_summary,$.missing_metrics[115],MISSING,No write outage was observed during controlled primary handoff.,copied_from_source_missing_encoding
P31_MANAGEMENT_MATRIX_100_REAL.analysis.phase_summary,P31_MANAGEMENT_MATRIX_100_REAL,artifacts/phases/P31_MANAGEMENT_MATRIX_100_REAL/phase_summary.json,phase_summary,$.missing_metrics[116],MISSING,No read outage was observed during controlled primary handoff.,copied_from_source_missing_encoding
P31_MANAGEMENT_MATRIX_100_REAL.analysis.phase_summary,P31_MANAGEMENT_MATRIX_100_REAL,artifacts/phases/P31_MANAGEMENT_MATRIX_100_REAL/phase_summary.json,phase_summary,$.missing_metrics[117],MISSING,No write outage was observed during controlled primary handoff.,copied_from_source_missing_encoding
P31_MANAGEMENT_MATRIX_100_REAL.analysis.phase_summary,P31_MANAGEMENT_MATRIX_100_REAL,artifacts/phases/P31_MANAGEMENT_MATRIX_100_REAL/phase_summary.json,phase_summary,$.missing_metrics[118],MISSING,No read outage was observed during controlled primary handoff.,copied_from_source_missing_encoding
P31_MANAGEMENT_MATRIX_100_REAL.analysis.phase_summary,P31_MANAGEMENT_MATRIX_100_REAL,artifacts/phases/P31_MANAGEMENT_MATRIX_100_REAL/phase_summary.json,phase_summary,$.missing_metrics[119],MISSING,No write outage was observed during controlled primary handoff.,copied_from_source_missing_encoding
P31_MANAGEMENT_MATRIX_100_REAL.analysis.phase_summary,P31_MANAGEMENT_MATRIX_100_REAL,artifacts/phases/P31_MANAGEMENT_MATRIX_100_REAL/phase_summary.json,phase_summary,$.missing_metrics[11],MISSING,No write outage was observed during controlled primary handoff.,copied_from_source_missing_encoding
P31_MANAGEMENT_MATRIX_100_REAL.analysis.phase_summary,P31_MANAGEMENT_MATRIX_100_REAL,artifacts/phases/P31_MANAGEMENT_MATRIX_100_REAL/phase_summary.json,phase_summary,$.missing_metrics[120],MISSING,No read outage was observed during controlled primary handoff.,copied_from_source_missing_encoding
P31_MANAGEMENT_MATRIX_100_REAL.analysis.phase_summary,P31_MANAGEMENT_MATRIX_100_REAL,artifacts/phases/P31_MANAGEMENT_MATRIX_100_REAL/phase_summary.json,phase_summary,$.missing_metrics[121],MISSING,No write outage was observed during controlled primary handoff.,copied_from_source_missing_encoding
P31_MANAGEMENT_MATRIX_100_REAL.analysis.phase_summary,P31_MANAGEMENT_MATRIX_100_REAL,artifacts/phases/P31_MANAGEMENT_MATRIX_100_REAL/phase_summary.json,phase_summary,$.missing_metrics[122],MISSING,No read outage was observed during controlled primary handoff.,copied_from_source_missing_encoding
P31_MANAGEMENT_MATRIX_100_REAL.analysis.phase_summary,P31_MANAGEMENT_MATRIX_100_REAL,artifacts/phases/P31_MANAGEMENT_MATRIX_100_REAL/phase_summary.json,phase_summary,$.missing_metrics[123],MISSING,No write outage was observed during controlled primary handoff.,copied_from_source_missing_encoding
P31_MANAGEMENT_MATRIX_100_REAL.analysis.phase_summary,P31_MANAGEMENT_MATRIX_100_REAL,artifacts/phases/P31_MANAGEMENT_MATRIX_100_REAL/phase_summary.json,phase_summary,$.missing_metrics[124],MISSING,No read outage was observed during controlled primary handoff.,copied_from_source_missing_encoding
P31_MANAGEMENT_MATRIX_100_REAL.analysis.phase_summary,P31_MANAGEMENT_MATRIX_100_REAL,artifacts/phases/P31_MANAGEMENT_MATRIX_100_REAL/phase_summary.json,phase_summary,$.missing_metrics[125],MISSING,No write outage was observed during controlled primary handoff.,copied_from_source_missing_encoding
P31_MANAGEMENT_MATRIX_100_REAL.analysis.phase_summary,P31_MANAGEMENT_MATRIX_100_REAL,artifacts/phases/P31_MANAGEMENT_MATRIX_100_REAL/phase_summary.json,phase_summary,$.missing_metrics[126],MISSING,No read outage was observed during controlled primary handoff.,copied_from_source_missing_encoding
P31_MANAGEMENT_MATRIX_100_REAL.analysis.phase_summary,P31_MANAGEMENT_MATRIX_100_REAL,artifacts/phases/P31_MANAGEMENT_MATRIX_100_REAL/phase_summary.json,phase_summary,$.missing_metrics[127],MISSING,No write outage was observed during controlled primary handoff.,copied_from_source_missing_encoding
P31_MANAGEMENT_MATRIX_100_REAL.analysis.phase_summary,P31_MANAGEMENT_MATRIX_100_REAL,artifacts/phases/P31_MANAGEMENT_MATRIX_100_REAL/phase_summary.json,phase_summary,$.missing_metrics[128],MISSING,No read outage was observed during controlled primary handoff.,copied_from_source_missing_encoding
P31_MANAGEMENT_MATRIX_100_REAL.analysis.phase_summary,P31_MANAGEMENT_MATRIX_100_REAL,artifacts/phases/P31_MANAGEMENT_MATRIX_100_REAL/phase_summary.json,phase_summary,$.missing_metrics[129],MISSING,No write outage was observed during controlled primary handoff.,copied_from_source_missing_encoding
P31_MANAGEMENT_MATRIX_100_REAL.analysis.phase_summary,P31_MANAGEMENT_MATRIX_100_REAL,artifacts/phases/P31_MANAGEMENT_MATRIX_100_REAL/phase_summary.json,phase_summary,$.missing_metrics[12],MISSING,No read outage was observed during controlled primary handoff.,copied_from_source_missing_encoding
P31_MANAGEMENT_MATRIX_100_REAL.analysis.phase_summary,P31_MANAGEMENT_MATRIX_100_REAL,artifacts/phases/P31_MANAGEMENT_MATRIX_100_REAL/phase_summary.json,phase_summary,$.missing_metrics[130],MISSING,No read outage was observed during controlled primary handoff.,copied_from_source_missing_encoding
P31_MANAGEMENT_MATRIX_100_REAL.analysis.phase_summary,P31_MANAGEMENT_MATRIX_100_REAL,artifacts/phases/P31_MANAGEMENT_MATRIX_100_REAL/phase_summary.json,phase_summary,$.missing_metrics[131],MISSING,No write outage was observed during controlled primary handoff.,copied_from_source_missing_encoding
P31_MANAGEMENT_MATRIX_100_REAL.analysis.phase_summary,P31_MANAGEMENT_MATRIX_100_REAL,artifacts/phases/P31_MANAGEMENT_MATRIX_100_REAL/phase_summary.json,phase_summary,$.missing_metrics[132],MISSING,No read outage was observed during controlled primary handoff.,copied_from_source_missing_encoding
P31_MANAGEMENT_MATRIX_100_REAL.analysis.phase_summary,P31_MANAGEMENT_MATRIX_100_REAL,artifacts/phases/P31_MANAGEMENT_MATRIX_100_REAL/phase_summary.json,phase_summary,$.missing_metrics[133],MISSING,No write outage was observed during controlled primary handoff.,copied_from_source_missing_encoding
P31_MANAGEMENT_MATRIX_100_REAL.analysis.phase_summary,P31_MANAGEMENT_MATRIX_100_REAL,artifacts/phases/P31_MANAGEMENT_MATRIX_100_REAL/phase_summary.json,phase_summary,$.missing_metrics[134],MISSING,No read outage was observed during controlled primary handoff.,copied_from_source_missing_encoding
P31_MANAGEMENT_MATRIX_100_REAL.analysis.phase_summary,P31_MANAGEMENT_MATRIX_100_REAL,artifacts/phases/P31_MANAGEMENT_MATRIX_100_REAL/phase_summary.json,phase_summary,$.missing_metrics[135],MISSING,No write outage was observed during controlled primary handoff.,copied_from_source_missing_encoding
P31_MANAGEMENT_MATRIX_100_REAL.analysis.phase_summary,P31_MANAGEMENT_MATRIX_100_REAL,artifacts/phases/P31_MANAGEMENT_MATRIX_100_REAL/phase_summary.json,phase_summary,$.missing_metrics[136],MISSING,No read outage was observed during controlled primary handoff.,copied_from_source_missing_encoding
P31_MANAGEMENT_MATRIX_100_REAL.analysis.phase_summary,P31_MANAGEMENT_MATRIX_100_REAL,artifacts/phases/P31_MANAGEMENT_MATRIX_100_REAL/phase_summary.json,phase_summary,$.missing_metrics[137],MISSING,No write outage was observed during controlled primary handoff.,copied_from_source_missing_encoding
P31_MANAGEMENT_MATRIX_100_REAL.analysis.phase_summary,P31_MANAGEMENT_MATRIX_100_REAL,artifacts/phases/P31_MANAGEMENT_MATRIX_100_REAL/phase_summary.json,phase_summary,$.missing_metrics[138],MISSING,No read outage was observed during controlled primary handoff.,copied_from_source_missing_encoding
P31_MANAGEMENT_MATRIX_100_REAL.analysis.phase_summary,P31_MANAGEMENT_MATRIX_100_REAL,artifacts/phases/P31_MANAGEMENT_MATRIX_100_REAL/phase_summary.json,phase_summary,$.missing_metrics[139],MISSING,No write outage was observed during controlled primary handoff.,copied_from_source_missing_encoding
P31_MANAGEMENT_MATRIX_100_REAL.analysis.phase_summary,P31_MANAGEMENT_MATRIX_100_REAL,artifacts/phases/P31_MANAGEMENT_MATRIX_100_REAL/phase_summary.json,phase_summary,$.missing_metrics[13],MISSING,No write outage was observed during controlled primary handoff.,copied_from_source_missing_encoding
P31_MANAGEMENT_MATRIX_100_REAL.analysis.phase_summary,P31_MANAGEMENT_MATRIX_100_REAL,artifacts/phases/P31_MANAGEMENT_MATRIX_100_REAL/phase_summary.json,phase_summary,$.missing_metrics[140],MISSING,No read outage was observed during controlled primary handoff.,copied_from_source_missing_encoding
P31_MANAGEMENT_MATRIX_100_REAL.analysis.phase_summary,P31_MANAGEMENT_MATRIX_100_REAL,artifacts/phases/P31_MANAGEMENT_MATRIX_100_REAL/phase_summary.json,phase_summary,$.missing_metrics[141],MISSING,No write outage was observed during controlled primary handoff.,copied_from_source_missing_encoding
P31_MANAGEMENT_MATRIX_100_REAL.analysis.phase_summary,P31_MANAGEMENT_MATRIX_100_REAL,artifacts/phases/P31_MANAGEMENT_MATRIX_100_REAL/phase_summary.json,phase_summary,$.missing_metrics[142],MISSING,No read outage was observed during controlled primary handoff.,copied_from_source_missing_encoding
P31_MANAGEMENT_MATRIX_100_REAL.analysis.phase_summary,P31_MANAGEMENT_MATRIX_100_REAL,artifacts/phases/P31_MANAGEMENT_MATRIX_100_REAL/phase_summary.json,phase_summary,$.missing_metrics[143],MISSING,No write outage was observed during controlled primary handoff.,copied_from_source_missing_encoding
P31_MANAGEMENT_MATRIX_100_REAL.analysis.phase_summary,P31_MANAGEMENT_MATRIX_100_REAL,artifacts/phases/P31_MANAGEMENT_MATRIX_100_REAL/phase_summary.json,phase_summary,$.missing_metrics[144],MISSING,No read outage was observed during controlled primary handoff.,copied_from_source_missing_encoding
P31_MANAGEMENT_MATRIX_100_REAL.analysis.phase_summary,P31_MANAGEMENT_MATRIX_100_REAL,artifacts/phases/P31_MANAGEMENT_MATRIX_100_REAL/phase_summary.json,phase_summary,$.missing_metrics[145],MISSING,No write outage was observed during controlled primary handoff.,copied_from_source_missing_encoding
P31_MANAGEMENT_MATRIX_100_REAL.analysis.phase_summary,P31_MANAGEMENT_MATRIX_100_REAL,artifacts/phases/P31_MANAGEMENT_MATRIX_100_REAL/phase_summary.json,phase_summary,$.missing_metrics[146],MISSING,No read outage was observed during controlled primary handoff.,copied_from_source_missing_encoding
P31_MANAGEMENT_MATRIX_100_REAL.analysis.phase_summary,P31_MANAGEMENT_MATRIX_100_REAL,artifacts/phases/P31_MANAGEMENT_MATRIX_100_REAL/phase_summary.json,phase_summary,$.missing_metrics[147],MISSING,No write outage was observed during controlled primary handoff.,copied_from_source_missing_encoding
P31_MANAGEMENT_MATRIX_100_REAL.analysis.phase_summary,P31_MANAGEMENT_MATRIX_100_REAL,artifacts/phases/P31_MANAGEMENT_MATRIX_100_REAL/phase_summary.json,phase_summary,$.missing_metrics[148],MISSING,No read outage was observed during controlled primary handoff.,copied_from_source_missing_encoding
P31_MANAGEMENT_MATRIX_100_REAL.analysis.phase_summary,P31_MANAGEMENT_MATRIX_100_REAL,artifacts/phases/P31_MANAGEMENT_MATRIX_100_REAL/phase_summary.json,phase_summary,$.missing_metrics[149],MISSING,No write outage was observed during controlled primary handoff.,copied_from_source_missing_encoding
P31_MANAGEMENT_MATRIX_100_REAL.analysis.phase_summary,P31_MANAGEMENT_MATRIX_100_REAL,artifacts/phases/P31_MANAGEMENT_MATRIX_100_REAL/phase_summary.json,phase_summary,$.missing_metrics[14],MISSING,No read outage was observed during controlled primary handoff.,copied_from_source_missing_encoding
P31_MANAGEMENT_MATRIX_100_REAL.analysis.phase_summary,P31_MANAGEMENT_MATRIX_100_REAL,artifacts/phases/P31_MANAGEMENT_MATRIX_100_REAL/phase_summary.json,phase_summary,$.missing_metrics[150],MISSING,No read outage was observed during controlled primary handoff.,copied_from_source_missing_encoding
P31_MANAGEMENT_MATRIX_100_REAL.analysis.phase_summary,P31_MANAGEMENT_MATRIX_100_REAL,artifacts/phases/P31_MANAGEMENT_MATRIX_100_REAL/phase_summary.json,phase_summary,$.missing_metrics[151],MISSING,No write outage was observed during controlled primary handoff.,copied_from_source_missing_encoding
P31_MANAGEMENT_MATRIX_100_REAL.analysis.phase_summary,P31_MANAGEMENT_MATRIX_100_REAL,artifacts/phases/P31_MANAGEMENT_MATRIX_100_REAL/phase_summary.json,phase_summary,$.missing_metrics[152],MISSING,No read outage was observed during controlled primary handoff.,copied_from_source_missing_encoding
P31_MANAGEMENT_MATRIX_100_REAL.analysis.phase_summary,P31_MANAGEMENT_MATRIX_100_REAL,artifacts/phases/P31_MANAGEMENT_MATRIX_100_REAL/phase_summary.json,phase_summary,$.missing_metrics[153],MISSING,No write outage was observed during controlled primary handoff.,copied_from_source_missing_encoding
P31_MANAGEMENT_MATRIX_100_REAL.analysis.phase_summary,P31_MANAGEMENT_MATRIX_100_REAL,artifacts/phases/P31_MANAGEMENT_MATRIX_100_REAL/phase_summary.json,phase_summary,$.missing_metrics[154],MISSING,No read outage was observed during controlled primary handoff.,copied_from_source_missing_encoding
P31_MANAGEMENT_MATRIX_100_REAL.analysis.phase_summary,P31_MANAGEMENT_MATRIX_100_REAL,artifacts/phases/P31_MANAGEMENT_MATRIX_100_REAL/phase_summary.json,phase_summary,$.missing_metrics[155],MISSING,No write outage was observed during controlled primary handoff.,copied_from_source_missing_encoding
P31_MANAGEMENT_MATRIX_100_REAL.analysis.phase_summary,P31_MANAGEMENT_MATRIX_100_REAL,artifacts/phases/P31_MANAGEMENT_MATRIX_100_REAL/phase_summary.json,phase_summary,$.missing_metrics[156],MISSING,No read outage was observed during controlled primary handoff.,copied_from_source_missing_encoding
P31_MANAGEMENT_MATRIX_100_REAL.analysis.phase_summary,P31_MANAGEMENT_MATRIX_100_REAL,artifacts/phases/P31_MANAGEMENT_MATRIX_100_REAL/phase_summary.json,phase_summary,$.missing_metrics[157],MISSING,No write outage was observed during controlled primary handoff.,copied_from_source_missing_encoding
P31_MANAGEMENT_MATRIX_100_REAL.analysis.phase_summary,P31_MANAGEMENT_MATRIX_100_REAL,artifacts/phases/P31_MANAGEMENT_MATRIX_100_REAL/phase_summary.json,phase_summary,$.missing_metrics[158],MISSING,No read outage was observed during controlled primary handoff.,copied_from_source_missing_encoding
P31_MANAGEMENT_MATRIX_100_REAL.analysis.phase_summary,P31_MANAGEMENT_MATRIX_100_REAL,artifacts/phases/P31_MANAGEMENT_MATRIX_100_REAL/phase_summary.json,phase_summary,$.missing_metrics[159],MISSING,No write outage was observed during controlled primary handoff.,copied_from_source_missing_encoding
P31_MANAGEMENT_MATRIX_100_REAL.analysis.phase_summary,P31_MANAGEMENT_MATRIX_100_REAL,artifacts/phases/P31_MANAGEMENT_MATRIX_100_REAL/phase_summary.json,phase_summary,$.missing_metrics[15],MISSING,No write outage was observed during controlled primary handoff.,copied_from_source_missing_encoding
P31_MANAGEMENT_MATRIX_100_REAL.analysis.phase_summary,P31_MANAGEMENT_MATRIX_100_REAL,artifacts/phases/P31_MANAGEMENT_MATRIX_100_REAL/phase_summary.json,phase_summary,$.missing_metrics[160],MISSING,No read outage was observed during controlled primary handoff.,copied_from_source_missing_encoding
P31_MANAGEMENT_MATRIX_100_REAL.analysis.phase_summary,P31_MANAGEMENT_MATRIX_100_REAL,artifacts/phases/P31_MANAGEMENT_MATRIX_100_REAL/phase_summary.json,phase_summary,$.missing_metrics[161],MISSING,No write outage was observed during controlled primary handoff.,copied_from_source_missing_encoding
P31_MANAGEMENT_MATRIX_100_REAL.analysis.phase_summary,P31_MANAGEMENT_MATRIX_100_REAL,artifacts/phases/P31_MANAGEMENT_MATRIX_100_REAL/phase_summary.json,phase_summary,$.missing_metrics[162],MISSING,No read outage was observed during controlled primary handoff.,copied_from_source_missing_encoding
P31_MANAGEMENT_MATRIX_100_REAL.analysis.phase_summary,P31_MANAGEMENT_MATRIX_100_REAL,artifacts/phases/P31_MANAGEMENT_MATRIX_100_REAL/phase_summary.json,phase_summary,$.missing_metrics[163],MISSING,No write outage was observed during controlled primary handoff.,copied_from_source_missing_encoding
P31_MANAGEMENT_MATRIX_100_REAL.analysis.phase_summary,P31_MANAGEMENT_MATRIX_100_REAL,artifacts/phases/P31_MANAGEMENT_MATRIX_100_REAL/phase_summary.json,phase_summary,$.missing_metrics[164],MISSING,No read outage was observed during controlled primary handoff.,copied_from_source_missing_encoding
P31_MANAGEMENT_MATRIX_100_REAL.analysis.phase_summary,P31_MANAGEMENT_MATRIX_100_REAL,artifacts/phases/P31_MANAGEMENT_MATRIX_100_REAL/phase_summary.json,phase_summary,$.missing_metrics[165],MISSING,No write outage was observed during controlled primary handoff.,copied_from_source_missing_encoding
P31_MANAGEMENT_MATRIX_100_REAL.analysis.phase_summary,P31_MANAGEMENT_MATRIX_100_REAL,artifacts/phases/P31_MANAGEMENT_MATRIX_100_REAL/phase_summary.json,phase_summary,$.missing_metrics[166],MISSING,No read outage was observed during controlled primary handoff.,copied_from_source_missing_encoding
P31_MANAGEMENT_MATRIX_100_REAL.analysis.phase_summary,P31_MANAGEMENT_MATRIX_100_REAL,artifacts/phases/P31_MANAGEMENT_MATRIX_100_REAL/phase_summary.json,phase_summary,$.missing_metrics[167],MISSING,No write outage was observed during controlled primary handoff.,copied_from_source_missing_encoding
P31_MANAGEMENT_MATRIX_100_REAL.analysis.phase_summary,P31_MANAGEMENT_MATRIX_100_REAL,artifacts/phases/P31_MANAGEMENT_MATRIX_100_REAL/phase_summary.json,phase_summary,$.missing_metrics[168],MISSING,No read outage was observed during controlled primary handoff.,copied_from_source_missing_encoding
P31_MANAGEMENT_MATRIX_100_REAL.analysis.phase_summary,P31_MANAGEMENT_MATRIX_100_REAL,artifacts/phases/P31_MANAGEMENT_MATRIX_100_REAL/phase_summary.json,phase_summary,$.missing_metrics[169],MISSING,No write outage was observed during controlled primary handoff.,copied_from_source_missing_encoding
P31_MANAGEMENT_MATRIX_100_REAL.analysis.phase_summary,P31_MANAGEMENT_MATRIX_100_REAL,artifacts/phases/P31_MANAGEMENT_MATRIX_100_REAL/phase_summary.json,phase_summary,$.missing_metrics[16],MISSING,No read outage was observed during controlled primary handoff.,copied_from_source_missing_encoding
P31_MANAGEMENT_MATRIX_100_REAL.analysis.phase_summary,P31_MANAGEMENT_MATRIX_100_REAL,artifacts/phases/P31_MANAGEMENT_MATRIX_100_REAL/phase_summary.json,phase_summary,$.missing_metrics[170],MISSING,No read outage was observed during controlled primary handoff.,copied_from_source_missing_encoding
P31_MANAGEMENT_MATRIX_100_REAL.analysis.phase_summary,P31_MANAGEMENT_MATRIX_100_REAL,artifacts/phases/P31_MANAGEMENT_MATRIX_100_REAL/phase_summary.json,phase_summary,$.missing_metrics[171],MISSING,No write outage was observed during controlled primary handoff.,copied_from_source_missing_encoding
P31_MANAGEMENT_MATRIX_100_REAL.analysis.phase_summary,P31_MANAGEMENT_MATRIX_100_REAL,artifacts/phases/P31_MANAGEMENT_MATRIX_100_REAL/phase_summary.json,phase_summary,$.missing_metrics[172],MISSING,No read outage was observed during controlled primary handoff.,copied_from_source_missing_encoding
P31_MANAGEMENT_MATRIX_100_REAL.analysis.phase_summary,P31_MANAGEMENT_MATRIX_100_REAL,artifacts/phases/P31_MANAGEMENT_MATRIX_100_REAL/phase_summary.json,phase_summary,$.missing_metrics[173],MISSING,No write outage was observed during controlled primary handoff.,copied_from_source_missing_encoding
P31_MANAGEMENT_MATRIX_100_REAL.analysis.phase_summary,P31_MANAGEMENT_MATRIX_100_REAL,artifacts/phases/P31_MANAGEMENT_MATRIX_100_REAL/phase_summary.json,phase_summary,$.missing_metrics[174],MISSING,No read outage was observed during controlled primary handoff.,copied_from_source_missing_encoding
P31_MANAGEMENT_MATRIX_100_REAL.analysis.phase_summary,P31_MANAGEMENT_MATRIX_100_REAL,artifacts/phases/P31_MANAGEMENT_MATRIX_100_REAL/phase_summary.json,phase_summary,$.missing_metrics[175],MISSING,No write outage was observed during controlled primary handoff.,copied_from_source_missing_encoding
P31_MANAGEMENT_MATRIX_100_REAL.analysis.phase_summary,P31_MANAGEMENT_MATRIX_100_REAL,artifacts/phases/P31_MANAGEMENT_MATRIX_100_REAL/phase_summary.json,phase_summary,$.missing_metrics[176],MISSING,No read outage was observed during controlled primary handoff.,copied_from_source_missing_encoding
P31_MANAGEMENT_MATRIX_100_REAL.analysis.phase_summary,P31_MANAGEMENT_MATRIX_100_REAL,artifacts/phases/P31_MANAGEMENT_MATRIX_100_REAL/phase_summary.json,phase_summary,$.missing_metrics[177],MISSING,No write outage was observed during controlled primary handoff.,copied_from_source_missing_encoding
P31_MANAGEMENT_MATRIX_100_REAL.analysis.phase_summary,P31_MANAGEMENT_MATRIX_100_REAL,artifacts/phases/P31_MANAGEMENT_MATRIX_100_REAL/phase_summary.json,phase_summary,$.missing_metrics[178],MISSING,No read outage was observed during controlled primary handoff.,copied_from_source_missing_encoding
P31_MANAGEMENT_MATRIX_100_REAL.analysis.phase_summary,P31_MANAGEMENT_MATRIX_100_REAL,artifacts/phases/P31_MANAGEMENT_MATRIX_100_REAL/phase_summary.json,phase_summary,$.missing_metrics[179],MISSING,No write outage was observed during controlled primary handoff.,copied_from_source_missing_encoding
P31_MANAGEMENT_MATRIX_100_REAL.analysis.phase_summary,P31_MANAGEMENT_MATRIX_100_REAL,artifacts/phases/P31_MANAGEMENT_MATRIX_100_REAL/phase_summary.json,phase_summary,$.missing_metrics[17],MISSING,No write outage was observed during controlled primary handoff.,copied_from_source_missing_encoding
P31_MANAGEMENT_MATRIX_100_REAL.analysis.phase_summary,P31_MANAGEMENT_MATRIX_100_REAL,artifacts/phases/P31_MANAGEMENT_MATRIX_100_REAL/phase_summary.json,phase_summary,$.missing_metrics[180],MISSING,No read outage was observed during controlled primary handoff.,copied_from_source_missing_encoding
P31_MANAGEMENT_MATRIX_100_REAL.analysis.phase_summary,P31_MANAGEMENT_MATRIX_100_REAL,artifacts/phases/P31_MANAGEMENT_MATRIX_100_REAL/phase_summary.json,phase_summary,$.missing_metrics[181],MISSING,No write outage was observed during controlled primary handoff.,copied_from_source_missing_encoding
P31_MANAGEMENT_MATRIX_100_REAL.analysis.phase_summary,P31_MANAGEMENT_MATRIX_100_REAL,artifacts/phases/P31_MANAGEMENT_MATRIX_100_REAL/phase_summary.json,phase_summary,$.missing_metrics[182],MISSING,No read outage was observed during controlled primary handoff.,copied_from_source_missing_encoding
P31_MANAGEMENT_MATRIX_100_REAL.analysis.phase_summary,P31_MANAGEMENT_MATRIX_100_REAL,artifacts/phases/P31_MANAGEMENT_MATRIX_100_REAL/phase_summary.json,phase_summary,$.missing_metrics[183],MISSING,No write outage was observed during controlled primary handoff.,copied_from_source_missing_encoding
P31_MANAGEMENT_MATRIX_100_REAL.analysis.phase_summary,P31_MANAGEMENT_MATRIX_100_REAL,artifacts/phases/P31_MANAGEMENT_MATRIX_100_REAL/phase_summary.json,phase_summary,$.missing_metrics[184],MISSING,No read outage was observed during controlled primary handoff.,copied_from_source_missing_encoding
P31_MANAGEMENT_MATRIX_100_REAL.analysis.phase_summary,P31_MANAGEMENT_MATRIX_100_REAL,artifacts/phases/P31_MANAGEMENT_MATRIX_100_REAL/phase_summary.json,phase_summary,$.missing_metrics[185],MISSING,No write outage was observed during controlled primary handoff.,copied_from_source_missing_encoding
P31_MANAGEMENT_MATRIX_100_REAL.analysis.phase_summary,P31_MANAGEMENT_MATRIX_100_REAL,artifacts/phases/P31_MANAGEMENT_MATRIX_100_REAL/phase_summary.json,phase_summary,$.missing_metrics[186],MISSING,No read outage was observed during controlled primary handoff.,copied_from_source_missing_encoding
P31_MANAGEMENT_MATRIX_100_REAL.analysis.phase_summary,P31_MANAGEMENT_MATRIX_100_REAL,artifacts/phases/P31_MANAGEMENT_MATRIX_100_REAL/phase_summary.json,phase_summary,$.missing_metrics[187],MISSING,No write outage was observed during controlled primary handoff.,copied_from_source_missing_encoding
P31_MANAGEMENT_MATRIX_100_REAL.analysis.phase_summary,P31_MANAGEMENT_MATRIX_100_REAL,artifacts/phases/P31_MANAGEMENT_MATRIX_100_REAL/phase_summary.json,phase_summary,$.missing_metrics[188],MISSING,No read outage was observed during controlled primary handoff.,copied_from_source_missing_encoding
P31_MANAGEMENT_MATRIX_100_REAL.analysis.phase_summary,P31_MANAGEMENT_MATRIX_100_REAL,artifacts/phases/P31_MANAGEMENT_MATRIX_100_REAL/phase_summary.json,phase_summary,$.missing_metrics[189],MISSING,No write outage was observed during controlled primary handoff.,copied_from_source_missing_encoding
P31_MANAGEMENT_MATRIX_100_REAL.analysis.phase_summary,P31_MANAGEMENT_MATRIX_100_REAL,artifacts/phases/P31_MANAGEMENT_MATRIX_100_REAL/phase_summary.json,phase_summary,$.missing_metrics[18],MISSING,No read outage was observed during controlled primary handoff.,copied_from_source_missing_encoding
P31_MANAGEMENT_MATRIX_100_REAL.analysis.phase_summary,P31_MANAGEMENT_MATRIX_100_REAL,artifacts/phases/P31_MANAGEMENT_MATRIX_100_REAL/phase_summary.json,phase_summary,$.missing_metrics[190],MISSING,No read outage was observed during controlled primary handoff.,copied_from_source_missing_encoding
P31_MANAGEMENT_MATRIX_100_REAL.analysis.phase_summary,P31_MANAGEMENT_MATRIX_100_REAL,artifacts/phases/P31_MANAGEMENT_MATRIX_100_REAL/phase_summary.json,phase_summary,$.missing_metrics[191],MISSING,No write outage was observed during controlled primary handoff.,copied_from_source_missing_encoding
P31_MANAGEMENT_MATRIX_100_REAL.analysis.phase_summary,P31_MANAGEMENT_MATRIX_100_REAL,artifacts/phases/P31_MANAGEMENT_MATRIX_100_REAL/phase_summary.json,phase_summary,$.missing_metrics[192],MISSING,No read outage was observed during controlled primary handoff.,copied_from_source_missing_encoding
P31_MANAGEMENT_MATRIX_100_REAL.analysis.phase_summary,P31_MANAGEMENT_MATRIX_100_REAL,artifacts/phases/P31_MANAGEMENT_MATRIX_100_REAL/phase_summary.json,phase_summary,$.missing_metrics[193],MISSING,No write outage was observed during controlled primary handoff.,copied_from_source_missing_encoding
P31_MANAGEMENT_MATRIX_100_REAL.analysis.phase_summary,P31_MANAGEMENT_MATRIX_100_REAL,artifacts/phases/P31_MANAGEMENT_MATRIX_100_REAL/phase_summary.json,phase_summary,$.missing_metrics[194],MISSING,No read outage was observed during controlled primary handoff.,copied_from_source_missing_encoding
P31_MANAGEMENT_MATRIX_100_REAL.analysis.phase_summary,P31_MANAGEMENT_MATRIX_100_REAL,artifacts/phases/P31_MANAGEMENT_MATRIX_100_REAL/phase_summary.json,phase_summary,$.missing_metrics[195],MISSING,No write outage was observed during controlled primary handoff.,copied_from_source_missing_encoding
P31_MANAGEMENT_MATRIX_100_REAL.analysis.phase_summary,P31_MANAGEMENT_MATRIX_100_REAL,artifacts/phases/P31_MANAGEMENT_MATRIX_100_REAL/phase_summary.json,phase_summary,$.missing_metrics[196],MISSING,No read outage was observed during controlled primary handoff.,copied_from_source_missing_encoding
P31_MANAGEMENT_MATRIX_100_REAL.analysis.phase_summary,P31_MANAGEMENT_MATRIX_100_REAL,artifacts/phases/P31_MANAGEMENT_MATRIX_100_REAL/phase_summary.json,phase_summary,$.missing_metrics[197],MISSING,No write outage was observed during controlled primary handoff.,copied_from_source_missing_encoding
P31_MANAGEMENT_MATRIX_100_REAL.analysis.phase_summary,P31_MANAGEMENT_MATRIX_100_REAL,artifacts/phases/P31_MANAGEMENT_MATRIX_100_REAL/phase_summary.json,phase_summary,$.missing_metrics[198],MISSING,No read outage was observed during controlled primary handoff.,copied_from_source_missing_encoding
P31_MANAGEMENT_MATRIX_100_REAL.analysis.phase_summary,P31_MANAGEMENT_MATRIX_100_REAL,artifacts/phases/P31_MANAGEMENT_MATRIX_100_REAL/phase_summary.json,phase_summary,$.missing_metrics[199],MISSING,No write outage was observed during controlled primary handoff.,copied_from_source_missing_encoding
P31_MANAGEMENT_MATRIX_100_REAL.analysis.phase_summary,P31_MANAGEMENT_MATRIX_100_REAL,artifacts/phases/P31_MANAGEMENT_MATRIX_100_REAL/phase_summary.json,phase_summary,$.missing_metrics[19],MISSING,No write outage was observed during controlled primary handoff.,copied_from_source_missing_encoding
P31_MANAGEMENT_MATRIX_100_REAL.analysis.phase_summary,P31_MANAGEMENT_MATRIX_100_REAL,artifacts/phases/P31_MANAGEMENT_MATRIX_100_REAL/phase_summary.json,phase_summary,$.missing_metrics[1],MISSING,meet_nodes timing is captured in runtime_timing_breakdown and cluster setup operations before matrix row emission.,copied_from_source_missing_encoding
P31_MANAGEMENT_MATRIX_100_REAL.analysis.phase_summary,P31_MANAGEMENT_MATRIX_100_REAL,artifacts/phases/P31_MANAGEMENT_MATRIX_100_REAL/phase_summary.json,phase_summary,$.missing_metrics[200],MISSING,No read outage was observed during controlled primary handoff.,copied_from_source_missing_encoding
P31_MANAGEMENT_MATRIX_100_REAL.analysis.phase_summary,P31_MANAGEMENT_MATRIX_100_REAL,artifacts/phases/P31_MANAGEMENT_MATRIX_100_REAL/phase_summary.json,phase_summary,$.missing_metrics[201],MISSING,No write outage was observed during controlled primary handoff.,copied_from_source_missing_encoding
P31_MANAGEMENT_MATRIX_100_REAL.analysis.phase_summary,P31_MANAGEMENT_MATRIX_100_REAL,artifacts/phases/P31_MANAGEMENT_MATRIX_100_REAL/phase_summary.json,phase_summary,$.missing_metrics[202],MISSING,No read outage was observed during controlled primary handoff.,copied_from_source_missing_encoding
P31_MANAGEMENT_MATRIX_100_REAL.analysis.phase_summary,P31_MANAGEMENT_MATRIX_100_REAL,artifacts/phases/P31_MANAGEMENT_MATRIX_100_REAL/phase_summary.json,phase_summary,$.missing_metrics[203],MISSING,No write outage was observed during controlled primary handoff.,copied_from_source_missing_encoding
P31_MANAGEMENT_MATRIX_100_REAL.analysis.phase_summary,P31_MANAGEMENT_MATRIX_100_REAL,artifacts/phases/P31_MANAGEMENT_MATRIX_100_REAL/phase_summary.json,phase_summary,$.missing_metrics[204],MISSING,No read outage was observed during controlled primary handoff.,copied_from_source_missing_encoding
P31_MANAGEMENT_MATRIX_100_REAL.analysis.phase_summary,P31_MANAGEMENT_MATRIX_100_REAL,artifacts/phases/P31_MANAGEMENT_MATRIX_100_REAL/phase_summary.json,phase_summary,$.missing_metrics[205],MISSING,No write outage was observed during controlled primary handoff.,copied_from_source_missing_encoding
P31_MANAGEMENT_MATRIX_100_REAL.analysis.phase_summary,P31_MANAGEMENT_MATRIX_100_REAL,artifacts/phases/P31_MANAGEMENT_MATRIX_100_REAL/phase_summary.json,phase_summary,$.missing_metrics[20],MISSING,No read outage was observed during controlled primary handoff.,copied_from_source_missing_encoding
P31_MANAGEMENT_MATRIX_100_REAL.analysis.phase_summary,P31_MANAGEMENT_MATRIX_100_REAL,artifacts/phases/P31_MANAGEMENT_MATRIX_100_REAL/phase_summary.json,phase_summary,$.missing_metrics[21],MISSING,No write outage was observed during controlled primary handoff.,copied_from_source_missing_encoding
P31_MANAGEMENT_MATRIX_100_REAL.analysis.phase_summary,P31_MANAGEMENT_MATRIX_100_REAL,artifacts/phases/P31_MANAGEMENT_MATRIX_100_REAL/phase_summary.json,phase_summary,$.missing_metrics[22],MISSING,No read outage was observed during controlled primary handoff.,copied_from_source_missing_encoding
P31_MANAGEMENT_MATRIX_100_REAL.analysis.phase_summary,P31_MANAGEMENT_MATRIX_100_REAL,artifacts/phases/P31_MANAGEMENT_MATRIX_100_REAL/phase_summary.json,phase_summary,$.missing_metrics[23],MISSING,No write outage was observed during controlled primary handoff.,copied_from_source_missing_encoding
P31_MANAGEMENT_MATRIX_100_REAL.analysis.phase_summary,P31_MANAGEMENT_MATRIX_100_REAL,artifacts/phases/P31_MANAGEMENT_MATRIX_100_REAL/phase_summary.json,phase_summary,$.missing_metrics[24],MISSING,No read outage was observed during controlled primary handoff.,copied_from_source_missing_encoding
P31_MANAGEMENT_MATRIX_100_REAL.analysis.phase_summary,P31_MANAGEMENT_MATRIX_100_REAL,artifacts/phases/P31_MANAGEMENT_MATRIX_100_REAL/phase_summary.json,phase_summary,$.missing_metrics[25],MISSING,No write outage was observed during controlled primary handoff.,copied_from_source_missing_encoding
P31_MANAGEMENT_MATRIX_100_REAL.analysis.phase_summary,P31_MANAGEMENT_MATRIX_100_REAL,artifacts/phases/P31_MANAGEMENT_MATRIX_100_REAL/phase_summary.json,phase_summary,$.missing_metrics[26],MISSING,No read outage was observed during controlled primary handoff.,copied_from_source_missing_encoding
P31_MANAGEMENT_MATRIX_100_REAL.analysis.phase_summary,P31_MANAGEMENT_MATRIX_100_REAL,artifacts/phases/P31_MANAGEMENT_MATRIX_100_REAL/phase_summary.json,phase_summary,$.missing_metrics[27],MISSING,No write outage was observed during controlled primary handoff.,copied_from_source_missing_encoding
P31_MANAGEMENT_MATRIX_100_REAL.analysis.phase_summary,P31_MANAGEMENT_MATRIX_100_REAL,artifacts/phases/P31_MANAGEMENT_MATRIX_100_REAL/phase_summary.json,phase_summary,$.missing_metrics[28],MISSING,No read outage was observed during controlled primary handoff.,copied_from_source_missing_encoding
P31_MANAGEMENT_MATRIX_100_REAL.analysis.phase_summary,P31_MANAGEMENT_MATRIX_100_REAL,artifacts/phases/P31_MANAGEMENT_MATRIX_100_REAL/phase_summary.json,phase_summary,$.missing_metrics[29],MISSING,No write outage was observed during controlled primary handoff.,copied_from_source_missing_encoding
P31_MANAGEMENT_MATRIX_100_REAL.analysis.phase_summary,P31_MANAGEMENT_MATRIX_100_REAL,artifacts/phases/P31_MANAGEMENT_MATRIX_100_REAL/phase_summary.json,phase_summary,$.missing_metrics[2],MISSING,add_replica timing is captured in runtime_timing_breakdown and cluster setup operations before matrix row emission.,copied_from_source_missing_encoding
P31_MANAGEMENT_MATRIX_100_REAL.analysis.phase_summary,P31_MANAGEMENT_MATRIX_100_REAL,artifacts/phases/P31_MANAGEMENT_MATRIX_100_REAL/phase_summary.json,phase_summary,$.missing_metrics[30],MISSING,No read outage was observed during controlled primary handoff.,copied_from_source_missing_encoding
P31_MANAGEMENT_MATRIX_100_REAL.analysis.phase_summary,P31_MANAGEMENT_MATRIX_100_REAL,artifacts/phases/P31_MANAGEMENT_MATRIX_100_REAL/phase_summary.json,phase_summary,$.missing_metrics[31],MISSING,No write outage was observed during controlled primary handoff.,copied_from_source_missing_encoding
P31_MANAGEMENT_MATRIX_100_REAL.analysis.phase_summary,P31_MANAGEMENT_MATRIX_100_REAL,artifacts/phases/P31_MANAGEMENT_MATRIX_100_REAL/phase_summary.json,phase_summary,$.missing_metrics[32],MISSING,No read outage was observed during controlled primary handoff.,copied_from_source_missing_encoding
P31_MANAGEMENT_MATRIX_100_REAL.analysis.phase_summary,P31_MANAGEMENT_MATRIX_100_REAL,artifacts/phases/P31_MANAGEMENT_MATRIX_100_REAL/phase_summary.json,phase_summary,$.missing_metrics[33],MISSING,No write outage was observed during controlled primary handoff.,copied_from_source_missing_encoding
P31_MANAGEMENT_MATRIX_100_REAL.analysis.phase_summary,P31_MANAGEMENT_MATRIX_100_REAL,artifacts/phases/P31_MANAGEMENT_MATRIX_100_REAL/phase_summary.json,phase_summary,$.missing_metrics[34],MISSING,No read outage was observed during controlled primary handoff.,copied_from_source_missing_encoding
P31_MANAGEMENT_MATRIX_100_REAL.analysis.phase_summary,P31_MANAGEMENT_MATRIX_100_REAL,artifacts/phases/P31_MANAGEMENT_MATRIX_100_REAL/phase_summary.json,phase_summary,$.missing_metrics[35],MISSING,No write outage was observed during controlled primary handoff.,copied_from_source_missing_encoding
P31_MANAGEMENT_MATRIX_100_REAL.analysis.phase_summary,P31_MANAGEMENT_MATRIX_100_REAL,artifacts/phases/P31_MANAGEMENT_MATRIX_100_REAL/phase_summary.json,phase_summary,$.missing_metrics[36],MISSING,No read outage was observed during controlled primary handoff.,copied_from_source_missing_encoding
P31_MANAGEMENT_MATRIX_100_REAL.analysis.phase_summary,P31_MANAGEMENT_MATRIX_100_REAL,artifacts/phases/P31_MANAGEMENT_MATRIX_100_REAL/phase_summary.json,phase_summary,$.missing_metrics[37],MISSING,No write outage was observed during controlled primary handoff.,copied_from_source_missing_encoding
P31_MANAGEMENT_MATRIX_100_REAL.analysis.phase_summary,P31_MANAGEMENT_MATRIX_100_REAL,artifacts/phases/P31_MANAGEMENT_MATRIX_100_REAL/phase_summary.json,phase_summary,$.missing_metrics[38],MISSING,No read outage was observed during controlled primary handoff.,copied_from_source_missing_encoding
P31_MANAGEMENT_MATRIX_100_REAL.analysis.phase_summary,P31_MANAGEMENT_MATRIX_100_REAL,artifacts/phases/P31_MANAGEMENT_MATRIX_100_REAL/phase_summary.json,phase_summary,$.missing_metrics[39],MISSING,No write outage was observed during controlled primary handoff.,copied_from_source_missing_encoding
P31_MANAGEMENT_MATRIX_100_REAL.analysis.phase_summary,P31_MANAGEMENT_MATRIX_100_REAL,artifacts/phases/P31_MANAGEMENT_MATRIX_100_REAL/phase_summary.json,phase_summary,$.missing_metrics[3],MISSING,Valkey MIGRATE byte count is not exposed by the command path.,copied_from_source_missing_encoding
P31_MANAGEMENT_MATRIX_100_REAL.analysis.phase_summary,P31_MANAGEMENT_MATRIX_100_REAL,artifacts/phases/P31_MANAGEMENT_MATRIX_100_REAL/phase_summary.json,phase_summary,$.missing_metrics[40],MISSING,No read outage was observed during controlled primary handoff.,copied_from_source_missing_encoding
P31_MANAGEMENT_MATRIX_100_REAL.analysis.phase_summary,P31_MANAGEMENT_MATRIX_100_REAL,artifacts/phases/P31_MANAGEMENT_MATRIX_100_REAL/phase_summary.json,phase_summary,$.missing_metrics[41],MISSING,No write outage was observed during controlled primary handoff.,copied_from_source_missing_encoding
P31_MANAGEMENT_MATRIX_100_REAL.analysis.phase_summary,P31_MANAGEMENT_MATRIX_100_REAL,artifacts/phases/P31_MANAGEMENT_MATRIX_100_REAL/phase_summary.json,phase_summary,$.missing_metrics[42],MISSING,No read outage was observed during controlled primary handoff.,copied_from_source_missing_encoding
P31_MANAGEMENT_MATRIX_100_REAL.analysis.phase_summary,P31_MANAGEMENT_MATRIX_100_REAL,artifacts/phases/P31_MANAGEMENT_MATRIX_100_REAL/phase_summary.json,phase_summary,$.missing_metrics[43],MISSING,No write outage was observed during controlled primary handoff.,copied_from_source_missing_encoding
P31_MANAGEMENT_MATRIX_100_REAL.analysis.phase_summary,P31_MANAGEMENT_MATRIX_100_REAL,artifacts/phases/P31_MANAGEMENT_MATRIX_100_REAL/phase_summary.json,phase_summary,$.missing_metrics[44],MISSING,No read outage was observed during controlled primary handoff.,copied_from_source_missing_encoding
P31_MANAGEMENT_MATRIX_100_REAL.analysis.phase_summary,P31_MANAGEMENT_MATRIX_100_REAL,artifacts/phases/P31_MANAGEMENT_MATRIX_100_REAL/phase_summary.json,phase_summary,$.missing_metrics[45],MISSING,No write outage was observed during controlled primary handoff.,copied_from_source_missing_encoding
P31_MANAGEMENT_MATRIX_100_REAL.analysis.phase_summary,P31_MANAGEMENT_MATRIX_100_REAL,artifacts/phases/P31_MANAGEMENT_MATRIX_100_REAL/phase_summary.json,phase_summary,$.missing_metrics[46],MISSING,No read outage was observed during controlled primary handoff.,copied_from_source_missing_encoding
P31_MANAGEMENT_MATRIX_100_REAL.analysis.phase_summary,P31_MANAGEMENT_MATRIX_100_REAL,artifacts/phases/P31_MANAGEMENT_MATRIX_100_REAL/phase_summary.json,phase_summary,$.missing_metrics[47],MISSING,No write outage was observed during controlled primary handoff.,copied_from_source_missing_encoding
P31_MANAGEMENT_MATRIX_100_REAL.analysis.phase_summary,P31_MANAGEMENT_MATRIX_100_REAL,artifacts/phases/P31_MANAGEMENT_MATRIX_100_REAL/phase_summary.json,phase_summary,$.missing_metrics[48],MISSING,No read outage was observed during controlled primary handoff.,copied_from_source_missing_encoding
P31_MANAGEMENT_MATRIX_100_REAL.analysis.phase_summary,P31_MANAGEMENT_MATRIX_100_REAL,artifacts/phases/P31_MANAGEMENT_MATRIX_100_REAL/phase_summary.json,phase_summary,$.missing_metrics[49],MISSING,No write outage was observed during controlled primary handoff.,copied_from_source_missing_encoding
P31_MANAGEMENT_MATRIX_100_REAL.analysis.phase_summary,P31_MANAGEMENT_MATRIX_100_REAL,artifacts/phases/P31_MANAGEMENT_MATRIX_100_REAL/phase_summary.json,phase_summary,$.missing_metrics[4],MISSING,Valkey MIGRATE byte count is not exposed by the command path.,copied_from_source_missing_encoding
P31_MANAGEMENT_MATRIX_100_REAL.analysis.phase_summary,P31_MANAGEMENT_MATRIX_100_REAL,artifacts/phases/P31_MANAGEMENT_MATRIX_100_REAL/phase_summary.json,phase_summary,$.missing_metrics[50],MISSING,No read outage was observed during controlled primary handoff.,copied_from_source_missing_encoding
P31_MANAGEMENT_MATRIX_100_REAL.analysis.phase_summary,P31_MANAGEMENT_MATRIX_100_REAL,artifacts/phases/P31_MANAGEMENT_MATRIX_100_REAL/phase_summary.json,phase_summary,$.missing_metrics[51],MISSING,No write outage was observed during controlled primary handoff.,copied_from_source_missing_encoding
P31_MANAGEMENT_MATRIX_100_REAL.analysis.phase_summary,P31_MANAGEMENT_MATRIX_100_REAL,artifacts/phases/P31_MANAGEMENT_MATRIX_100_REAL/phase_summary.json,phase_summary,$.missing_metrics[52],MISSING,No read outage was observed during controlled primary handoff.,copied_from_source_missing_encoding
P31_MANAGEMENT_MATRIX_100_REAL.analysis.phase_summary,P31_MANAGEMENT_MATRIX_100_REAL,artifacts/phases/P31_MANAGEMENT_MATRIX_100_REAL/phase_summary.json,phase_summary,$.missing_metrics[53],MISSING,No write outage was observed during controlled primary handoff.,copied_from_source_missing_encoding
P31_MANAGEMENT_MATRIX_100_REAL.analysis.phase_summary,P31_MANAGEMENT_MATRIX_100_REAL,artifacts/phases/P31_MANAGEMENT_MATRIX_100_REAL/phase_summary.json,phase_summary,$.missing_metrics[54],MISSING,No read outage was observed during controlled primary handoff.,copied_from_source_missing_encoding
P31_MANAGEMENT_MATRIX_100_REAL.analysis.phase_summary,P31_MANAGEMENT_MATRIX_100_REAL,artifacts/phases/P31_MANAGEMENT_MATRIX_100_REAL/phase_summary.json,phase_summary,$.missing_metrics[55],MISSING,No write outage was observed during controlled primary handoff.,copied_from_source_missing_encoding
P31_MANAGEMENT_MATRIX_100_REAL.analysis.phase_summary,P31_MANAGEMENT_MATRIX_100_REAL,artifacts/phases/P31_MANAGEMENT_MATRIX_100_REAL/phase_summary.json,phase_summary,$.missing_metrics[56],MISSING,No read outage was observed during controlled primary handoff.,copied_from_source_missing_encoding
P31_MANAGEMENT_MATRIX_100_REAL.analysis.phase_summary,P31_MANAGEMENT_MATRIX_100_REAL,artifacts/phases/P31_MANAGEMENT_MATRIX_100_REAL/phase_summary.json,phase_summary,$.missing_metrics[57],MISSING,No write outage was observed during controlled primary handoff.,copied_from_source_missing_encoding
P31_MANAGEMENT_MATRIX_100_REAL.analysis.phase_summary,P31_MANAGEMENT_MATRIX_100_REAL,artifacts/phases/P31_MANAGEMENT_MATRIX_100_REAL/phase_summary.json,phase_summary,$.missing_metrics[58],MISSING,No read outage was observed during controlled primary handoff.,copied_from_source_missing_encoding
P31_MANAGEMENT_MATRIX_100_REAL.analysis.phase_summary,P31_MANAGEMENT_MATRIX_100_REAL,artifacts/phases/P31_MANAGEMENT_MATRIX_100_REAL/phase_summary.json,phase_summary,$.missing_metrics[59],MISSING,No write outage was observed during controlled primary handoff.,copied_from_source_missing_encoding
P31_MANAGEMENT_MATRIX_100_REAL.analysis.phase_summary,P31_MANAGEMENT_MATRIX_100_REAL,artifacts/phases/P31_MANAGEMENT_MATRIX_100_REAL/phase_summary.json,phase_summary,$.missing_metrics[5],MISSING,Valkey MIGRATE byte count is not exposed by the command path.,copied_from_source_missing_encoding
P31_MANAGEMENT_MATRIX_100_REAL.analysis.phase_summary,P31_MANAGEMENT_MATRIX_100_REAL,artifacts/phases/P31_MANAGEMENT_MATRIX_100_REAL/phase_summary.json,phase_summary,$.missing_metrics[60],MISSING,No read outage was observed during controlled primary handoff.,copied_from_source_missing_encoding
P31_MANAGEMENT_MATRIX_100_REAL.analysis.phase_summary,P31_MANAGEMENT_MATRIX_100_REAL,artifacts/phases/P31_MANAGEMENT_MATRIX_100_REAL/phase_summary.json,phase_summary,$.missing_metrics[61],MISSING,No write outage was observed during controlled primary handoff.,copied_from_source_missing_encoding
P31_MANAGEMENT_MATRIX_100_REAL.analysis.phase_summary,P31_MANAGEMENT_MATRIX_100_REAL,artifacts/phases/P31_MANAGEMENT_MATRIX_100_REAL/phase_summary.json,phase_summary,$.missing_metrics[62],MISSING,No read outage was observed during controlled primary handoff.,copied_from_source_missing_encoding
P31_MANAGEMENT_MATRIX_100_REAL.analysis.phase_summary,P31_MANAGEMENT_MATRIX_100_REAL,artifacts/phases/P31_MANAGEMENT_MATRIX_100_REAL/phase_summary.json,phase_summary,$.missing_metrics[63],MISSING,No write outage was observed during controlled primary handoff.,copied_from_source_missing_encoding
P31_MANAGEMENT_MATRIX_100_REAL.analysis.phase_summary,P31_MANAGEMENT_MATRIX_100_REAL,artifacts/phases/P31_MANAGEMENT_MATRIX_100_REAL/phase_summary.json,phase_summary,$.missing_metrics[64],MISSING,No read outage was observed during controlled primary handoff.,copied_from_source_missing_encoding
P31_MANAGEMENT_MATRIX_100_REAL.analysis.phase_summary,P31_MANAGEMENT_MATRIX_100_REAL,artifacts/phases/P31_MANAGEMENT_MATRIX_100_REAL/phase_summary.json,phase_summary,$.missing_metrics[65],MISSING,No write outage was observed during controlled primary handoff.,copied_from_source_missing_encoding
P31_MANAGEMENT_MATRIX_100_REAL.analysis.phase_summary,P31_MANAGEMENT_MATRIX_100_REAL,artifacts/phases/P31_MANAGEMENT_MATRIX_100_REAL/phase_summary.json,phase_summary,$.missing_metrics[66],MISSING,No read outage was observed during controlled primary handoff.,copied_from_source_missing_encoding
P31_MANAGEMENT_MATRIX_100_REAL.analysis.phase_summary,P31_MANAGEMENT_MATRIX_100_REAL,artifacts/phases/P31_MANAGEMENT_MATRIX_100_REAL/phase_summary.json,phase_summary,$.missing_metrics[67],MISSING,No write outage was observed during controlled primary handoff.,copied_from_source_missing_encoding
P31_MANAGEMENT_MATRIX_100_REAL.analysis.phase_summary,P31_MANAGEMENT_MATRIX_100_REAL,artifacts/phases/P31_MANAGEMENT_MATRIX_100_REAL/phase_summary.json,phase_summary,$.missing_metrics[68],MISSING,No read outage was observed during controlled primary handoff.,copied_from_source_missing_encoding
P31_MANAGEMENT_MATRIX_100_REAL.analysis.phase_summary,P31_MANAGEMENT_MATRIX_100_REAL,artifacts/phases/P31_MANAGEMENT_MATRIX_100_REAL/phase_summary.json,phase_summary,$.missing_metrics[69],MISSING,No write outage was observed during controlled primary handoff.,copied_from_source_missing_encoding
P31_MANAGEMENT_MATRIX_100_REAL.analysis.phase_summary,P31_MANAGEMENT_MATRIX_100_REAL,artifacts/phases/P31_MANAGEMENT_MATRIX_100_REAL/phase_summary.json,phase_summary,$.missing_metrics[6],MISSING,No read outage was observed during controlled primary handoff.,copied_from_source_missing_encoding
P31_MANAGEMENT_MATRIX_100_REAL.analysis.phase_summary,P31_MANAGEMENT_MATRIX_100_REAL,artifacts/phases/P31_MANAGEMENT_MATRIX_100_REAL/phase_summary.json,phase_summary,$.missing_metrics[70],MISSING,No read outage was observed during controlled primary handoff.,copied_from_source_missing_encoding
P31_MANAGEMENT_MATRIX_100_REAL.analysis.phase_summary,P31_MANAGEMENT_MATRIX_100_REAL,artifacts/phases/P31_MANAGEMENT_MATRIX_100_REAL/phase_summary.json,phase_summary,$.missing_metrics[71],MISSING,No write outage was observed during controlled primary handoff.,copied_from_source_missing_encoding
P31_MANAGEMENT_MATRIX_100_REAL.analysis.phase_summary,P31_MANAGEMENT_MATRIX_100_REAL,artifacts/phases/P31_MANAGEMENT_MATRIX_100_REAL/phase_summary.json,phase_summary,$.missing_metrics[72],MISSING,No read outage was observed during controlled primary handoff.,copied_from_source_missing_encoding
P31_MANAGEMENT_MATRIX_100_REAL.analysis.phase_summary,P31_MANAGEMENT_MATRIX_100_REAL,artifacts/phases/P31_MANAGEMENT_MATRIX_100_REAL/phase_summary.json,phase_summary,$.missing_metrics[73],MISSING,No write outage was observed during controlled primary handoff.,copied_from_source_missing_encoding
P31_MANAGEMENT_MATRIX_100_REAL.analysis.phase_summary,P31_MANAGEMENT_MATRIX_100_REAL,artifacts/phases/P31_MANAGEMENT_MATRIX_100_REAL/phase_summary.json,phase_summary,$.missing_metrics[74],MISSING,No read outage was observed during controlled primary handoff.,copied_from_source_missing_encoding
P31_MANAGEMENT_MATRIX_100_REAL.analysis.phase_summary,P31_MANAGEMENT_MATRIX_100_REAL,artifacts/phases/P31_MANAGEMENT_MATRIX_100_REAL/phase_summary.json,phase_summary,$.missing_metrics[75],MISSING,No write outage was observed during controlled primary handoff.,copied_from_source_missing_encoding
P31_MANAGEMENT_MATRIX_100_REAL.analysis.phase_summary,P31_MANAGEMENT_MATRIX_100_REAL,artifacts/phases/P31_MANAGEMENT_MATRIX_100_REAL/phase_summary.json,phase_summary,$.missing_metrics[76],MISSING,No read outage was observed during controlled primary handoff.,copied_from_source_missing_encoding
P31_MANAGEMENT_MATRIX_100_REAL.analysis.phase_summary,P31_MANAGEMENT_MATRIX_100_REAL,artifacts/phases/P31_MANAGEMENT_MATRIX_100_REAL/phase_summary.json,phase_summary,$.missing_metrics[77],MISSING,No write outage was observed during controlled primary handoff.,copied_from_source_missing_encoding
P31_MANAGEMENT_MATRIX_100_REAL.analysis.phase_summary,P31_MANAGEMENT_MATRIX_100_REAL,artifacts/phases/P31_MANAGEMENT_MATRIX_100_REAL/phase_summary.json,phase_summary,$.missing_metrics[78],MISSING,No read outage was observed during controlled primary handoff.,copied_from_source_missing_encoding
P31_MANAGEMENT_MATRIX_100_REAL.analysis.phase_summary,P31_MANAGEMENT_MATRIX_100_REAL,artifacts/phases/P31_MANAGEMENT_MATRIX_100_REAL/phase_summary.json,phase_summary,$.missing_metrics[79],MISSING,No write outage was observed during controlled primary handoff.,copied_from_source_missing_encoding
P31_MANAGEMENT_MATRIX_100_REAL.analysis.phase_summary,P31_MANAGEMENT_MATRIX_100_REAL,artifacts/phases/P31_MANAGEMENT_MATRIX_100_REAL/phase_summary.json,phase_summary,$.missing_metrics[7],MISSING,No write outage was observed during controlled primary handoff.,copied_from_source_missing_encoding
P31_MANAGEMENT_MATRIX_100_REAL.analysis.phase_summary,P31_MANAGEMENT_MATRIX_100_REAL,artifacts/phases/P31_MANAGEMENT_MATRIX_100_REAL/phase_summary.json,phase_summary,$.missing_metrics[80],MISSING,No read outage was observed during controlled primary handoff.,copied_from_source_missing_encoding
P31_MANAGEMENT_MATRIX_100_REAL.analysis.phase_summary,P31_MANAGEMENT_MATRIX_100_REAL,artifacts/phases/P31_MANAGEMENT_MATRIX_100_REAL/phase_summary.json,phase_summary,$.missing_metrics[81],MISSING,No write outage was observed during controlled primary handoff.,copied_from_source_missing_encoding
P31_MANAGEMENT_MATRIX_100_REAL.analysis.phase_summary,P31_MANAGEMENT_MATRIX_100_REAL,artifacts/phases/P31_MANAGEMENT_MATRIX_100_REAL/phase_summary.json,phase_summary,$.missing_metrics[82],MISSING,No read outage was observed during controlled primary handoff.,copied_from_source_missing_encoding
P31_MANAGEMENT_MATRIX_100_REAL.analysis.phase_summary,P31_MANAGEMENT_MATRIX_100_REAL,artifacts/phases/P31_MANAGEMENT_MATRIX_100_REAL/phase_summary.json,phase_summary,$.missing_metrics[83],MISSING,No write outage was observed during controlled primary handoff.,copied_from_source_missing_encoding
P31_MANAGEMENT_MATRIX_100_REAL.analysis.phase_summary,P31_MANAGEMENT_MATRIX_100_REAL,artifacts/phases/P31_MANAGEMENT_MATRIX_100_REAL/phase_summary.json,phase_summary,$.missing_metrics[84],MISSING,No read outage was observed during controlled primary handoff.,copied_from_source_missing_encoding
P31_MANAGEMENT_MATRIX_100_REAL.analysis.phase_summary,P31_MANAGEMENT_MATRIX_100_REAL,artifacts/phases/P31_MANAGEMENT_MATRIX_100_REAL/phase_summary.json,phase_summary,$.missing_metrics[85],MISSING,No write outage was observed during controlled primary handoff.,copied_from_source_missing_encoding
P31_MANAGEMENT_MATRIX_100_REAL.analysis.phase_summary,P31_MANAGEMENT_MATRIX_100_REAL,artifacts/phases/P31_MANAGEMENT_MATRIX_100_REAL/phase_summary.json,phase_summary,$.missing_metrics[86],MISSING,No read outage was observed during controlled primary handoff.,copied_from_source_missing_encoding
P31_MANAGEMENT_MATRIX_100_REAL.analysis.phase_summary,P31_MANAGEMENT_MATRIX_100_REAL,artifacts/phases/P31_MANAGEMENT_MATRIX_100_REAL/phase_summary.json,phase_summary,$.missing_metrics[87],MISSING,No write outage was observed during controlled primary handoff.,copied_from_source_missing_encoding
P31_MANAGEMENT_MATRIX_100_REAL.analysis.phase_summary,P31_MANAGEMENT_MATRIX_100_REAL,artifacts/phases/P31_MANAGEMENT_MATRIX_100_REAL/phase_summary.json,phase_summary,$.missing_metrics[88],MISSING,No read outage was observed during controlled primary handoff.,copied_from_source_missing_encoding
P31_MANAGEMENT_MATRIX_100_REAL.analysis.phase_summary,P31_MANAGEMENT_MATRIX_100_REAL,artifacts/phases/P31_MANAGEMENT_MATRIX_100_REAL/phase_summary.json,phase_summary,$.missing_metrics[89],MISSING,No write outage was observed during controlled primary handoff.,copied_from_source_missing_encoding
P31_MANAGEMENT_MATRIX_100_REAL.analysis.phase_summary,P31_MANAGEMENT_MATRIX_100_REAL,artifacts/phases/P31_MANAGEMENT_MATRIX_100_REAL/phase_summary.json,phase_summary,$.missing_metrics[8],MISSING,No read outage was observed during controlled primary handoff.,copied_from_source_missing_encoding
P31_MANAGEMENT_MATRIX_100_REAL.analysis.phase_summary,P31_MANAGEMENT_MATRIX_100_REAL,artifacts/phases/P31_MANAGEMENT_MATRIX_100_REAL/phase_summary.json,phase_summary,$.missing_metrics[90],MISSING,No read outage was observed during controlled primary handoff.,copied_from_source_missing_encoding
P31_MANAGEMENT_MATRIX_100_REAL.analysis.phase_summary,P31_MANAGEMENT_MATRIX_100_REAL,artifacts/phases/P31_MANAGEMENT_MATRIX_100_REAL/phase_summary.json,phase_summary,$.missing_metrics[91],MISSING,No write outage was observed during controlled primary handoff.,copied_from_source_missing_encoding
P31_MANAGEMENT_MATRIX_100_REAL.analysis.phase_summary,P31_MANAGEMENT_MATRIX_100_REAL,artifacts/phases/P31_MANAGEMENT_MATRIX_100_REAL/phase_summary.json,phase_summary,$.missing_metrics[92],MISSING,No read outage was observed during controlled primary handoff.,copied_from_source_missing_encoding
P31_MANAGEMENT_MATRIX_100_REAL.analysis.phase_summary,P31_MANAGEMENT_MATRIX_100_REAL,artifacts/phases/P31_MANAGEMENT_MATRIX_100_REAL/phase_summary.json,phase_summary,$.missing_metrics[93],MISSING,No write outage was observed during controlled primary handoff.,copied_from_source_missing_encoding
P31_MANAGEMENT_MATRIX_100_REAL.analysis.phase_summary,P31_MANAGEMENT_MATRIX_100_REAL,artifacts/phases/P31_MANAGEMENT_MATRIX_100_REAL/phase_summary.json,phase_summary,$.missing_metrics[94],MISSING,No read outage was observed during controlled primary handoff.,copied_from_source_missing_encoding
P31_MANAGEMENT_MATRIX_100_REAL.analysis.phase_summary,P31_MANAGEMENT_MATRIX_100_REAL,artifacts/phases/P31_MANAGEMENT_MATRIX_100_REAL/phase_summary.json,phase_summary,$.missing_metrics[95],MISSING,No write outage was observed during controlled primary handoff.,copied_from_source_missing_encoding
P31_MANAGEMENT_MATRIX_100_REAL.analysis.phase_summary,P31_MANAGEMENT_MATRIX_100_REAL,artifacts/phases/P31_MANAGEMENT_MATRIX_100_REAL/phase_summary.json,phase_summary,$.missing_metrics[96],MISSING,No read outage was observed during controlled primary handoff.,copied_from_source_missing_encoding
P31_MANAGEMENT_MATRIX_100_REAL.analysis.phase_summary,P31_MANAGEMENT_MATRIX_100_REAL,artifacts/phases/P31_MANAGEMENT_MATRIX_100_REAL/phase_summary.json,phase_summary,$.missing_metrics[97],MISSING,No write outage was observed during controlled primary handoff.,copied_from_source_missing_encoding
P31_MANAGEMENT_MATRIX_100_REAL.analysis.phase_summary,P31_MANAGEMENT_MATRIX_100_REAL,artifacts/phases/P31_MANAGEMENT_MATRIX_100_REAL/phase_summary.json,phase_summary,$.missing_metrics[98],MISSING,No read outage was observed during controlled primary handoff.,copied_from_source_missing_encoding
P31_MANAGEMENT_MATRIX_100_REAL.analysis.phase_summary,P31_MANAGEMENT_MATRIX_100_REAL,artifacts/phases/P31_MANAGEMENT_MATRIX_100_REAL/phase_summary.json,phase_summary,$.missing_metrics[99],MISSING,No write outage was observed during controlled primary handoff.,copied_from_source_missing_encoding
P31_MANAGEMENT_MATRIX_100_REAL.analysis.phase_summary,P31_MANAGEMENT_MATRIX_100_REAL,artifacts/phases/P31_MANAGEMENT_MATRIX_100_REAL/phase_summary.json,phase_summary,$.missing_metrics[9],MISSING,No write outage was observed during controlled primary handoff.,copied_from_source_missing_encoding
200.management.add_replica,P32_MANAGEMENT_MATRIX_200_REAL,artifacts/phases/P32_MANAGEMENT_MATRIX_200_REAL/management_operation_results.jsonl,add_replica,$.bytes_migrated,MISSING,Valkey command path did not expose migrated byte counts for this operation.,copied_from_source_missing_encoding
200.management.add_replica,P32_MANAGEMENT_MATRIX_200_REAL,artifacts/phases/P32_MANAGEMENT_MATRIX_200_REAL/management_operation_results.jsonl,add_replica,$.missing_fields[0],MISSING,add_replica timing is captured in runtime_timing_breakdown and cluster setup operations before matrix row emission.,copied_from_source_missing_encoding
200.management.add_replica,P32_MANAGEMENT_MATRIX_200_REAL,artifacts/phases/P32_MANAGEMENT_MATRIX_200_REAL/management_operation_results.jsonl,add_replica,command_ms,MISSING,add_replica timing is captured in runtime_timing_breakdown and cluster setup operations before matrix row emission.,copied_from_source_missing_encoding
200.management.cleanup_verify,P32_MANAGEMENT_MATRIX_200_REAL,artifacts/phases/P32_MANAGEMENT_MATRIX_200_REAL/cleanup_report.json,cleanup_verify,$.cleanup_actions[2],SKIPPED_WITH_REASON,Some Valkey pids were still observable or verification timed out before owned container removal.,copied_from_source_missing_encoding
200.management.cleanup_verify,P32_MANAGEMENT_MATRIX_200_REAL,artifacts/phases/P32_MANAGEMENT_MATRIX_200_REAL/cleanup_report.json,cleanup_verify,$.cleanup_actions[3],SKIPPED_WITH_REASON,Some Valkey pids were still observable or verification timed out before owned container removal.,copied_from_source_missing_encoding
200.management.cleanup_verify,P32_MANAGEMENT_MATRIX_200_REAL,artifacts/phases/P32_MANAGEMENT_MATRIX_200_REAL/cleanup_report.json,cleanup_verify,$.cleanup_actions[6],SKIPPED_WITH_REASON,Container stop timed out or failed before force removal.,copied_from_source_missing_encoding
200.management.create_cluster,P32_MANAGEMENT_MATRIX_200_REAL,artifacts/phases/P32_MANAGEMENT_MATRIX_200_REAL/management_operation_results.jsonl,create_cluster,$.bytes_migrated,MISSING,Valkey command path did not expose migrated byte counts for this operation.,copied_from_source_missing_encoding
200.management.create_cluster,P32_MANAGEMENT_MATRIX_200_REAL,artifacts/phases/P32_MANAGEMENT_MATRIX_200_REAL/management_operation_results.jsonl,create_cluster,$.missing_fields[0],MISSING,create_cluster timing is captured in runtime_timing_breakdown and cluster setup operations before matrix row emission.,copied_from_source_missing_encoding
200.management.create_cluster,P32_MANAGEMENT_MATRIX_200_REAL,artifacts/phases/P32_MANAGEMENT_MATRIX_200_REAL/management_operation_results.jsonl,create_cluster,command_ms,MISSING,create_cluster timing is captured in runtime_timing_breakdown and cluster setup operations before matrix row emission.,copied_from_source_missing_encoding
200.management.meet_nodes,P32_MANAGEMENT_MATRIX_200_REAL,artifacts/phases/P32_MANAGEMENT_MATRIX_200_REAL/management_operation_results.jsonl,meet_nodes,$.bytes_migrated,MISSING,Valkey command path did not expose migrated byte counts for this operation.,copied_from_source_missing_encoding
200.management.meet_nodes,P32_MANAGEMENT_MATRIX_200_REAL,artifacts/phases/P32_MANAGEMENT_MATRIX_200_REAL/management_operation_results.jsonl,meet_nodes,$.missing_fields[0],MISSING,meet_nodes timing is captured in runtime_timing_breakdown and cluster setup operations before matrix row emission.,copied_from_source_missing_encoding
200.management.meet_nodes,P32_MANAGEMENT_MATRIX_200_REAL,artifacts/phases/P32_MANAGEMENT_MATRIX_200_REAL/management_operation_results.jsonl,meet_nodes,command_ms,MISSING,meet_nodes timing is captured in runtime_timing_breakdown and cluster setup operations before matrix row emission.,copied_from_source_missing_encoding
200.management.rebalance_after_imbalance,P32_MANAGEMENT_MATRIX_200_REAL,artifacts/phases/P32_MANAGEMENT_MATRIX_200_REAL/management_operation_results.jsonl,rebalance_after_imbalance,$.bytes_migrated,MISSING,Valkey command path did not expose migrated byte counts for this operation.,copied_from_source_missing_encoding
200.management.rebalance_after_imbalance,P32_MANAGEMENT_MATRIX_200_REAL,artifacts/phases/P32_MANAGEMENT_MATRIX_200_REAL/management_operation_results.jsonl,rebalance_after_imbalance,$.missing_fields[0],MISSING,Valkey MIGRATE byte count is not exposed by the command path.,copied_from_source_missing_encoding
200.management.rebalance_after_imbalance,P32_MANAGEMENT_MATRIX_200_REAL,artifacts/phases/P32_MANAGEMENT_MATRIX_200_REAL/management_operation_results.jsonl,rebalance_after_imbalance,bytes_migrated,MISSING,Valkey MIGRATE byte count is not exposed by the command path.,copied_from_source_missing_encoding
200.management.remove_failed_node,P32_MANAGEMENT_MATRIX_200_REAL,artifacts/phases/P32_MANAGEMENT_MATRIX_200_REAL/management_operation_results.jsonl,remove_failed_node,$.bytes_migrated,MISSING,Valkey command path did not expose migrated byte counts for this operation.,copied_from_source_missing_encoding
200.management.remove_primary_drained_or_safe_replaced,P32_MANAGEMENT_MATRIX_200_REAL,artifacts/phases/P32_MANAGEMENT_MATRIX_200_REAL/management_operation_results.jsonl,remove_primary_drained_or_safe_replaced,$.bytes_migrated,MISSING,Valkey command path did not expose migrated byte counts for this operation.,copied_from_source_missing_encoding
200.management.remove_replica,P32_MANAGEMENT_MATRIX_200_REAL,artifacts/phases/P32_MANAGEMENT_MATRIX_200_REAL/management_operation_results.jsonl,remove_replica,$.bytes_migrated,MISSING,Valkey command path did not expose migrated byte counts for this operation.,copied_from_source_missing_encoding
200.management.reshard_slot_range,P32_MANAGEMENT_MATRIX_200_REAL,artifacts/phases/P32_MANAGEMENT_MATRIX_200_REAL/management_operation_results.jsonl,reshard_slot_range,$.bytes_migrated,MISSING,Valkey command path did not expose migrated byte counts for this operation.,copied_from_source_missing_encoding
200.management.reshard_slot_range,P32_MANAGEMENT_MATRIX_200_REAL,artifacts/phases/P32_MANAGEMENT_MATRIX_200_REAL/management_operation_results.jsonl,reshard_slot_range,$.missing_fields[0],MISSING,Valkey MIGRATE byte count is not exposed by the command path.,copied_from_source_missing_encoding
200.management.reshard_slot_range,P32_MANAGEMENT_MATRIX_200_REAL,artifacts/phases/P32_MANAGEMENT_MATRIX_200_REAL/management_operation_results.jsonl,reshard_slot_range,bytes_migrated,MISSING,Valkey MIGRATE byte count is not exposed by the command path.,copied_from_source_missing_encoding
200.management.reshard_with_keys,P32_MANAGEMENT_MATRIX_200_REAL,artifacts/phases/P32_MANAGEMENT_MATRIX_200_REAL/management_operation_results.jsonl,reshard_with_keys,$.bytes_migrated,MISSING,Valkey command path did not expose migrated byte counts for this operation.,copied_from_source_missing_encoding
200.management.reshard_with_keys,P32_MANAGEMENT_MATRIX_200_REAL,artifacts/phases/P32_MANAGEMENT_MATRIX_200_REAL/management_operation_results.jsonl,reshard_with_keys,$.missing_fields[0],MISSING,Valkey MIGRATE byte count is not exposed by the command path.,copied_from_source_missing_encoding
200.management.reshard_with_keys,P32_MANAGEMENT_MATRIX_200_REAL,artifacts/phases/P32_MANAGEMENT_MATRIX_200_REAL/management_operation_results.jsonl,reshard_with_keys,bytes_migrated,MISSING,Valkey MIGRATE byte count is not exposed by the command path.,copied_from_source_missing_encoding
200.management.resource_preflight,P32_MANAGEMENT_MATRIX_200_REAL,artifacts/phases/P32_MANAGEMENT_MATRIX_200_REAL/resource_preflight.json,resource_preflight,projected_node_memory_mb,SKIPPED_WITH_REASON,Projection-only memory is not a real-runtime metric for exact-scale source stages.,copied_from_source_missing_encoding
200.management.rolling_restart_primary_safe,P32_MANAGEMENT_MATRIX_200_REAL,artifacts/phases/P32_MANAGEMENT_MATRIX_200_REAL/management_operation_results.jsonl,rolling_restart_primary_safe,$.bytes_migrated,MISSING,Valkey command path did not expose migrated byte counts for this operation.,copied_from_source_missing_encoding
200.management.rolling_restart_primary_safe,P32_MANAGEMENT_MATRIX_200_REAL,artifacts/phases/P32_MANAGEMENT_MATRIX_200_REAL/management_operation_results.jsonl,rolling_restart_primary_safe,$.missing_fields[0],MISSING,No read outage was observed during controlled primary handoff.,copied_from_source_missing_encoding
200.management.rolling_restart_primary_safe,P32_MANAGEMENT_MATRIX_200_REAL,artifacts/phases/P32_MANAGEMENT_MATRIX_200_REAL/management_operation_results.jsonl,rolling_restart_primary_safe,$.missing_fields[100],MISSING,No read outage was observed during controlled primary handoff.,copied_from_source_missing_encoding
200.management.rolling_restart_primary_safe,P32_MANAGEMENT_MATRIX_200_REAL,artifacts/phases/P32_MANAGEMENT_MATRIX_200_REAL/management_operation_results.jsonl,rolling_restart_primary_safe,$.missing_fields[101],MISSING,No write outage was observed during controlled primary handoff.,copied_from_source_missing_encoding
200.management.rolling_restart_primary_safe,P32_MANAGEMENT_MATRIX_200_REAL,artifacts/phases/P32_MANAGEMENT_MATRIX_200_REAL/management_operation_results.jsonl,rolling_restart_primary_safe,$.missing_fields[102],MISSING,No read outage was observed during controlled primary handoff.,copied_from_source_missing_encoding
200.management.rolling_restart_primary_safe,P32_MANAGEMENT_MATRIX_200_REAL,artifacts/phases/P32_MANAGEMENT_MATRIX_200_REAL/management_operation_results.jsonl,rolling_restart_primary_safe,$.missing_fields[103],MISSING,No write outage was observed during controlled primary handoff.,copied_from_source_missing_encoding
200.management.rolling_restart_primary_safe,P32_MANAGEMENT_MATRIX_200_REAL,artifacts/phases/P32_MANAGEMENT_MATRIX_200_REAL/management_operation_results.jsonl,rolling_restart_primary_safe,$.missing_fields[104],MISSING,No read outage was observed during controlled primary handoff.,copied_from_source_missing_encoding
200.management.rolling_restart_primary_safe,P32_MANAGEMENT_MATRIX_200_REAL,artifacts/phases/P32_MANAGEMENT_MATRIX_200_REAL/management_operation_results.jsonl,rolling_restart_primary_safe,$.missing_fields[105],MISSING,No write outage was observed during controlled primary handoff.,copied_from_source_missing_encoding
200.management.rolling_restart_primary_safe,P32_MANAGEMENT_MATRIX_200_REAL,artifacts/phases/P32_MANAGEMENT_MATRIX_200_REAL/management_operation_results.jsonl,rolling_restart_primary_safe,$.missing_fields[106],MISSING,No read outage was observed during controlled primary handoff.,copied_from_source_missing_encoding
200.management.rolling_restart_primary_safe,P32_MANAGEMENT_MATRIX_200_REAL,artifacts/phases/P32_MANAGEMENT_MATRIX_200_REAL/management_operation_results.jsonl,rolling_restart_primary_safe,$.missing_fields[107],MISSING,No write outage was observed during controlled primary handoff.,copied_from_source_missing_encoding
200.management.rolling_restart_primary_safe,P32_MANAGEMENT_MATRIX_200_REAL,artifacts/phases/P32_MANAGEMENT_MATRIX_200_REAL/management_operation_results.jsonl,rolling_restart_primary_safe,$.missing_fields[108],MISSING,No read outage was observed during controlled primary handoff.,copied_from_source_missing_encoding
200.management.rolling_restart_primary_safe,P32_MANAGEMENT_MATRIX_200_REAL,artifacts/phases/P32_MANAGEMENT_MATRIX_200_REAL/management_operation_results.jsonl,rolling_restart_primary_safe,$.missing_fields[109],MISSING,No write outage was observed during controlled primary handoff.,copied_from_source_missing_encoding
200.management.rolling_restart_primary_safe,P32_MANAGEMENT_MATRIX_200_REAL,artifacts/phases/P32_MANAGEMENT_MATRIX_200_REAL/management_operation_results.jsonl,rolling_restart_primary_safe,$.missing_fields[10],MISSING,No read outage was observed during controlled primary handoff.,copied_from_source_missing_encoding
200.management.rolling_restart_primary_safe,P32_MANAGEMENT_MATRIX_200_REAL,artifacts/phases/P32_MANAGEMENT_MATRIX_200_REAL/management_operation_results.jsonl,rolling_restart_primary_safe,$.missing_fields[110],MISSING,No read outage was observed during controlled primary handoff.,copied_from_source_missing_encoding
200.management.rolling_restart_primary_safe,P32_MANAGEMENT_MATRIX_200_REAL,artifacts/phases/P32_MANAGEMENT_MATRIX_200_REAL/management_operation_results.jsonl,rolling_restart_primary_safe,$.missing_fields[111],MISSING,No write outage was observed during controlled primary handoff.,copied_from_source_missing_encoding
200.management.rolling_restart_primary_safe,P32_MANAGEMENT_MATRIX_200_REAL,artifacts/phases/P32_MANAGEMENT_MATRIX_200_REAL/management_operation_results.jsonl,rolling_restart_primary_safe,$.missing_fields[112],MISSING,No read outage was observed during controlled primary handoff.,copied_from_source_missing_encoding
200.management.rolling_restart_primary_safe,P32_MANAGEMENT_MATRIX_200_REAL,artifacts/phases/P32_MANAGEMENT_MATRIX_200_REAL/management_operation_results.jsonl,rolling_restart_primary_safe,$.missing_fields[113],MISSING,No write outage was observed during controlled primary handoff.,copied_from_source_missing_encoding
200.management.rolling_restart_primary_safe,P32_MANAGEMENT_MATRIX_200_REAL,artifacts/phases/P32_MANAGEMENT_MATRIX_200_REAL/management_operation_results.jsonl,rolling_restart_primary_safe,$.missing_fields[114],MISSING,No read outage was observed during controlled primary handoff.,copied_from_source_missing_encoding
200.management.rolling_restart_primary_safe,P32_MANAGEMENT_MATRIX_200_REAL,artifacts/phases/P32_MANAGEMENT_MATRIX_200_REAL/management_operation_results.jsonl,rolling_restart_primary_safe,$.missing_fields[115],MISSING,No write outage was observed during controlled primary handoff.,copied_from_source_missing_encoding
200.management.rolling_restart_primary_safe,P32_MANAGEMENT_MATRIX_200_REAL,artifacts/phases/P32_MANAGEMENT_MATRIX_200_REAL/management_operation_results.jsonl,rolling_restart_primary_safe,$.missing_fields[116],MISSING,No read outage was observed during controlled primary handoff.,copied_from_source_missing_encoding
200.management.rolling_restart_primary_safe,P32_MANAGEMENT_MATRIX_200_REAL,artifacts/phases/P32_MANAGEMENT_MATRIX_200_REAL/management_operation_results.jsonl,rolling_restart_primary_safe,$.missing_fields[117],MISSING,No write outage was observed during controlled primary handoff.,copied_from_source_missing_encoding
200.management.rolling_restart_primary_safe,P32_MANAGEMENT_MATRIX_200_REAL,artifacts/phases/P32_MANAGEMENT_MATRIX_200_REAL/management_operation_results.jsonl,rolling_restart_primary_safe,$.missing_fields[118],MISSING,No read outage was observed during controlled primary handoff.,copied_from_source_missing_encoding
200.management.rolling_restart_primary_safe,P32_MANAGEMENT_MATRIX_200_REAL,artifacts/phases/P32_MANAGEMENT_MATRIX_200_REAL/management_operation_results.jsonl,rolling_restart_primary_safe,$.missing_fields[119],MISSING,No write outage was observed during controlled primary handoff.,copied_from_source_missing_encoding
200.management.rolling_restart_primary_safe,P32_MANAGEMENT_MATRIX_200_REAL,artifacts/phases/P32_MANAGEMENT_MATRIX_200_REAL/management_operation_results.jsonl,rolling_restart_primary_safe,$.missing_fields[11],MISSING,No write outage was observed during controlled primary handoff.,copied_from_source_missing_encoding
200.management.rolling_restart_primary_safe,P32_MANAGEMENT_MATRIX_200_REAL,artifacts/phases/P32_MANAGEMENT_MATRIX_200_REAL/management_operation_results.jsonl,rolling_restart_primary_safe,$.missing_fields[120],MISSING,No read outage was observed during controlled primary handoff.,copied_from_source_missing_encoding
200.management.rolling_restart_primary_safe,P32_MANAGEMENT_MATRIX_200_REAL,artifacts/phases/P32_MANAGEMENT_MATRIX_200_REAL/management_operation_results.jsonl,rolling_restart_primary_safe,$.missing_fields[121],MISSING,No write outage was observed during controlled primary handoff.,copied_from_source_missing_encoding
200.management.rolling_restart_primary_safe,P32_MANAGEMENT_MATRIX_200_REAL,artifacts/phases/P32_MANAGEMENT_MATRIX_200_REAL/management_operation_results.jsonl,rolling_restart_primary_safe,$.missing_fields[122],MISSING,No read outage was observed during controlled primary handoff.,copied_from_source_missing_encoding
200.management.rolling_restart_primary_safe,P32_MANAGEMENT_MATRIX_200_REAL,artifacts/phases/P32_MANAGEMENT_MATRIX_200_REAL/management_operation_results.jsonl,rolling_restart_primary_safe,$.missing_fields[123],MISSING,No write outage was observed during controlled primary handoff.,copied_from_source_missing_encoding
200.management.rolling_restart_primary_safe,P32_MANAGEMENT_MATRIX_200_REAL,artifacts/phases/P32_MANAGEMENT_MATRIX_200_REAL/management_operation_results.jsonl,rolling_restart_primary_safe,$.missing_fields[124],MISSING,No read outage was observed during controlled primary handoff.,copied_from_source_missing_encoding
200.management.rolling_restart_primary_safe,P32_MANAGEMENT_MATRIX_200_REAL,artifacts/phases/P32_MANAGEMENT_MATRIX_200_REAL/management_operation_results.jsonl,rolling_restart_primary_safe,$.missing_fields[125],MISSING,No write outage was observed during controlled primary handoff.,copied_from_source_missing_encoding
200.management.rolling_restart_primary_safe,P32_MANAGEMENT_MATRIX_200_REAL,artifacts/phases/P32_MANAGEMENT_MATRIX_200_REAL/management_operation_results.jsonl,rolling_restart_primary_safe,$.missing_fields[126],MISSING,No read outage was observed during controlled primary handoff.,copied_from_source_missing_encoding
200.management.rolling_restart_primary_safe,P32_MANAGEMENT_MATRIX_200_REAL,artifacts/phases/P32_MANAGEMENT_MATRIX_200_REAL/management_operation_results.jsonl,rolling_restart_primary_safe,$.missing_fields[127],MISSING,No write outage was observed during controlled primary handoff.,copied_from_source_missing_encoding
200.management.rolling_restart_primary_safe,P32_MANAGEMENT_MATRIX_200_REAL,artifacts/phases/P32_MANAGEMENT_MATRIX_200_REAL/management_operation_results.jsonl,rolling_restart_primary_safe,$.missing_fields[128],MISSING,No read outage was observed during controlled primary handoff.,copied_from_source_missing_encoding
200.management.rolling_restart_primary_safe,P32_MANAGEMENT_MATRIX_200_REAL,artifacts/phases/P32_MANAGEMENT_MATRIX_200_REAL/management_operation_results.jsonl,rolling_restart_primary_safe,$.missing_fields[129],MISSING,No write outage was observed during controlled primary handoff.,copied_from_source_missing_encoding
200.management.rolling_restart_primary_safe,P32_MANAGEMENT_MATRIX_200_REAL,artifacts/phases/P32_MANAGEMENT_MATRIX_200_REAL/management_operation_results.jsonl,rolling_restart_primary_safe,$.missing_fields[12],MISSING,No read outage was observed during controlled primary handoff.,copied_from_source_missing_encoding
200.management.rolling_restart_primary_safe,P32_MANAGEMENT_MATRIX_200_REAL,artifacts/phases/P32_MANAGEMENT_MATRIX_200_REAL/management_operation_results.jsonl,rolling_restart_primary_safe,$.missing_fields[130],MISSING,No read outage was observed during controlled primary handoff.,copied_from_source_missing_encoding
200.management.rolling_restart_primary_safe,P32_MANAGEMENT_MATRIX_200_REAL,artifacts/phases/P32_MANAGEMENT_MATRIX_200_REAL/management_operation_results.jsonl,rolling_restart_primary_safe,$.missing_fields[131],MISSING,No write outage was observed during controlled primary handoff.,copied_from_source_missing_encoding
200.management.rolling_restart_primary_safe,P32_MANAGEMENT_MATRIX_200_REAL,artifacts/phases/P32_MANAGEMENT_MATRIX_200_REAL/management_operation_results.jsonl,rolling_restart_primary_safe,$.missing_fields[132],MISSING,No read outage was observed during controlled primary handoff.,copied_from_source_missing_encoding
200.management.rolling_restart_primary_safe,P32_MANAGEMENT_MATRIX_200_REAL,artifacts/phases/P32_MANAGEMENT_MATRIX_200_REAL/management_operation_results.jsonl,rolling_restart_primary_safe,$.missing_fields[133],MISSING,No write outage was observed during controlled primary handoff.,copied_from_source_missing_encoding
200.management.rolling_restart_primary_safe,P32_MANAGEMENT_MATRIX_200_REAL,artifacts/phases/P32_MANAGEMENT_MATRIX_200_REAL/management_operation_results.jsonl,rolling_restart_primary_safe,$.missing_fields[134],MISSING,No read outage was observed during controlled primary handoff.,copied_from_source_missing_encoding
200.management.rolling_restart_primary_safe,P32_MANAGEMENT_MATRIX_200_REAL,artifacts/phases/P32_MANAGEMENT_MATRIX_200_REAL/management_operation_results.jsonl,rolling_restart_primary_safe,$.missing_fields[135],MISSING,No write outage was observed during controlled primary handoff.,copied_from_source_missing_encoding
200.management.rolling_restart_primary_safe,P32_MANAGEMENT_MATRIX_200_REAL,artifacts/phases/P32_MANAGEMENT_MATRIX_200_REAL/management_operation_results.jsonl,rolling_restart_primary_safe,$.missing_fields[136],MISSING,No read outage was observed during controlled primary handoff.,copied_from_source_missing_encoding
200.management.rolling_restart_primary_safe,P32_MANAGEMENT_MATRIX_200_REAL,artifacts/phases/P32_MANAGEMENT_MATRIX_200_REAL/management_operation_results.jsonl,rolling_restart_primary_safe,$.missing_fields[137],MISSING,No write outage was observed during controlled primary handoff.,copied_from_source_missing_encoding
200.management.rolling_restart_primary_safe,P32_MANAGEMENT_MATRIX_200_REAL,artifacts/phases/P32_MANAGEMENT_MATRIX_200_REAL/management_operation_results.jsonl,rolling_restart_primary_safe,$.missing_fields[138],MISSING,No read outage was observed during controlled primary handoff.,copied_from_source_missing_encoding
200.management.rolling_restart_primary_safe,P32_MANAGEMENT_MATRIX_200_REAL,artifacts/phases/P32_MANAGEMENT_MATRIX_200_REAL/management_operation_results.jsonl,rolling_restart_primary_safe,$.missing_fields[139],MISSING,No write outage was observed during controlled primary handoff.,copied_from_source_missing_encoding
200.management.rolling_restart_primary_safe,P32_MANAGEMENT_MATRIX_200_REAL,artifacts/phases/P32_MANAGEMENT_MATRIX_200_REAL/management_operation_results.jsonl,rolling_restart_primary_safe,$.missing_fields[13],MISSING,No write outage was observed during controlled primary handoff.,copied_from_source_missing_encoding
200.management.rolling_restart_primary_safe,P32_MANAGEMENT_MATRIX_200_REAL,artifacts/phases/P32_MANAGEMENT_MATRIX_200_REAL/management_operation_results.jsonl,rolling_restart_primary_safe,$.missing_fields[140],MISSING,No read outage was observed during controlled primary handoff.,copied_from_source_missing_encoding
200.management.rolling_restart_primary_safe,P32_MANAGEMENT_MATRIX_200_REAL,artifacts/phases/P32_MANAGEMENT_MATRIX_200_REAL/management_operation_results.jsonl,rolling_restart_primary_safe,$.missing_fields[141],MISSING,No write outage was observed during controlled primary handoff.,copied_from_source_missing_encoding
200.management.rolling_restart_primary_safe,P32_MANAGEMENT_MATRIX_200_REAL,artifacts/phases/P32_MANAGEMENT_MATRIX_200_REAL/management_operation_results.jsonl,rolling_restart_primary_safe,$.missing_fields[142],MISSING,No read outage was observed during controlled primary handoff.,copied_from_source_missing_encoding
200.management.rolling_restart_primary_safe,P32_MANAGEMENT_MATRIX_200_REAL,artifacts/phases/P32_MANAGEMENT_MATRIX_200_REAL/management_operation_results.jsonl,rolling_restart_primary_safe,$.missing_fields[143],MISSING,No write outage was observed during controlled primary handoff.,copied_from_source_missing_encoding
200.management.rolling_restart_primary_safe,P32_MANAGEMENT_MATRIX_200_REAL,artifacts/phases/P32_MANAGEMENT_MATRIX_200_REAL/management_operation_results.jsonl,rolling_restart_primary_safe,$.missing_fields[144],MISSING,No read outage was observed during controlled primary handoff.,copied_from_source_missing_encoding
200.management.rolling_restart_primary_safe,P32_MANAGEMENT_MATRIX_200_REAL,artifacts/phases/P32_MANAGEMENT_MATRIX_200_REAL/management_operation_results.jsonl,rolling_restart_primary_safe,$.missing_fields[145],MISSING,No write outage was observed during controlled primary handoff.,copied_from_source_missing_encoding
200.management.rolling_restart_primary_safe,P32_MANAGEMENT_MATRIX_200_REAL,artifacts/phases/P32_MANAGEMENT_MATRIX_200_REAL/management_operation_results.jsonl,rolling_restart_primary_safe,$.missing_fields[146],MISSING,No read outage was observed during controlled primary handoff.,copied_from_source_missing_encoding
200.management.rolling_restart_primary_safe,P32_MANAGEMENT_MATRIX_200_REAL,artifacts/phases/P32_MANAGEMENT_MATRIX_200_REAL/management_operation_results.jsonl,rolling_restart_primary_safe,$.missing_fields[147],MISSING,No write outage was observed during controlled primary handoff.,copied_from_source_missing_encoding
200.management.rolling_restart_primary_safe,P32_MANAGEMENT_MATRIX_200_REAL,artifacts/phases/P32_MANAGEMENT_MATRIX_200_REAL/management_operation_results.jsonl,rolling_restart_primary_safe,$.missing_fields[148],MISSING,No read outage was observed during controlled primary handoff.,copied_from_source_missing_encoding
200.management.rolling_restart_primary_safe,P32_MANAGEMENT_MATRIX_200_REAL,artifacts/phases/P32_MANAGEMENT_MATRIX_200_REAL/management_operation_results.jsonl,rolling_restart_primary_safe,$.missing_fields[149],MISSING,No write outage was observed during controlled primary handoff.,copied_from_source_missing_encoding
200.management.rolling_restart_primary_safe,P32_MANAGEMENT_MATRIX_200_REAL,artifacts/phases/P32_MANAGEMENT_MATRIX_200_REAL/management_operation_results.jsonl,rolling_restart_primary_safe,$.missing_fields[14],MISSING,No read outage was observed during controlled primary handoff.,copied_from_source_missing_encoding
200.management.rolling_restart_primary_safe,P32_MANAGEMENT_MATRIX_200_REAL,artifacts/phases/P32_MANAGEMENT_MATRIX_200_REAL/management_operation_results.jsonl,rolling_restart_primary_safe,$.missing_fields[150],MISSING,No read outage was observed during controlled primary handoff.,copied_from_source_missing_encoding
200.management.rolling_restart_primary_safe,P32_MANAGEMENT_MATRIX_200_REAL,artifacts/phases/P32_MANAGEMENT_MATRIX_200_REAL/management_operation_results.jsonl,rolling_restart_primary_safe,$.missing_fields[151],MISSING,No write outage was observed during controlled primary handoff.,copied_from_source_missing_encoding
200.management.rolling_restart_primary_safe,P32_MANAGEMENT_MATRIX_200_REAL,artifacts/phases/P32_MANAGEMENT_MATRIX_200_REAL/management_operation_results.jsonl,rolling_restart_primary_safe,$.missing_fields[152],MISSING,No read outage was observed during controlled primary handoff.,copied_from_source_missing_encoding
200.management.rolling_restart_primary_safe,P32_MANAGEMENT_MATRIX_200_REAL,artifacts/phases/P32_MANAGEMENT_MATRIX_200_REAL/management_operation_results.jsonl,rolling_restart_primary_safe,$.missing_fields[153],MISSING,No write outage was observed during controlled primary handoff.,copied_from_source_missing_encoding
200.management.rolling_restart_primary_safe,P32_MANAGEMENT_MATRIX_200_REAL,artifacts/phases/P32_MANAGEMENT_MATRIX_200_REAL/management_operation_results.jsonl,rolling_restart_primary_safe,$.missing_fields[154],MISSING,No read outage was observed during controlled primary handoff.,copied_from_source_missing_encoding
200.management.rolling_restart_primary_safe,P32_MANAGEMENT_MATRIX_200_REAL,artifacts/phases/P32_MANAGEMENT_MATRIX_200_REAL/management_operation_results.jsonl,rolling_restart_primary_safe,$.missing_fields[155],MISSING,No write outage was observed during controlled primary handoff.,copied_from_source_missing_encoding
200.management.rolling_restart_primary_safe,P32_MANAGEMENT_MATRIX_200_REAL,artifacts/phases/P32_MANAGEMENT_MATRIX_200_REAL/management_operation_results.jsonl,rolling_restart_primary_safe,$.missing_fields[156],MISSING,No read outage was observed during controlled primary handoff.,copied_from_source_missing_encoding
200.management.rolling_restart_primary_safe,P32_MANAGEMENT_MATRIX_200_REAL,artifacts/phases/P32_MANAGEMENT_MATRIX_200_REAL/management_operation_results.jsonl,rolling_restart_primary_safe,$.missing_fields[157],MISSING,No write outage was observed during controlled primary handoff.,copied_from_source_missing_encoding
200.management.rolling_restart_primary_safe,P32_MANAGEMENT_MATRIX_200_REAL,artifacts/phases/P32_MANAGEMENT_MATRIX_200_REAL/management_operation_results.jsonl,rolling_restart_primary_safe,$.missing_fields[158],MISSING,No read outage was observed during controlled primary handoff.,copied_from_source_missing_encoding
200.management.rolling_restart_primary_safe,P32_MANAGEMENT_MATRIX_200_REAL,artifacts/phases/P32_MANAGEMENT_MATRIX_200_REAL/management_operation_results.jsonl,rolling_restart_primary_safe,$.missing_fields[159],MISSING,No write outage was observed during controlled primary handoff.,copied_from_source_missing_encoding
200.management.rolling_restart_primary_safe,P32_MANAGEMENT_MATRIX_200_REAL,artifacts/phases/P32_MANAGEMENT_MATRIX_200_REAL/management_operation_results.jsonl,rolling_restart_primary_safe,$.missing_fields[15],MISSING,No write outage was observed during controlled primary handoff.,copied_from_source_missing_encoding
200.management.rolling_restart_primary_safe,P32_MANAGEMENT_MATRIX_200_REAL,artifacts/phases/P32_MANAGEMENT_MATRIX_200_REAL/management_operation_results.jsonl,rolling_restart_primary_safe,$.missing_fields[160],MISSING,No read outage was observed during controlled primary handoff.,copied_from_source_missing_encoding
200.management.rolling_restart_primary_safe,P32_MANAGEMENT_MATRIX_200_REAL,artifacts/phases/P32_MANAGEMENT_MATRIX_200_REAL/management_operation_results.jsonl,rolling_restart_primary_safe,$.missing_fields[161],MISSING,No write outage was observed during controlled primary handoff.,copied_from_source_missing_encoding
200.management.rolling_restart_primary_safe,P32_MANAGEMENT_MATRIX_200_REAL,artifacts/phases/P32_MANAGEMENT_MATRIX_200_REAL/management_operation_results.jsonl,rolling_restart_primary_safe,$.missing_fields[162],MISSING,No read outage was observed during controlled primary handoff.,copied_from_source_missing_encoding
200.management.rolling_restart_primary_safe,P32_MANAGEMENT_MATRIX_200_REAL,artifacts/phases/P32_MANAGEMENT_MATRIX_200_REAL/management_operation_results.jsonl,rolling_restart_primary_safe,$.missing_fields[163],MISSING,No write outage was observed during controlled primary handoff.,copied_from_source_missing_encoding
200.management.rolling_restart_primary_safe,P32_MANAGEMENT_MATRIX_200_REAL,artifacts/phases/P32_MANAGEMENT_MATRIX_200_REAL/management_operation_results.jsonl,rolling_restart_primary_safe,$.missing_fields[164],MISSING,No read outage was observed during controlled primary handoff.,copied_from_source_missing_encoding
200.management.rolling_restart_primary_safe,P32_MANAGEMENT_MATRIX_200_REAL,artifacts/phases/P32_MANAGEMENT_MATRIX_200_REAL/management_operation_results.jsonl,rolling_restart_primary_safe,$.missing_fields[165],MISSING,No write outage was observed during controlled primary handoff.,copied_from_source_missing_encoding
200.management.rolling_restart_primary_safe,P32_MANAGEMENT_MATRIX_200_REAL,artifacts/phases/P32_MANAGEMENT_MATRIX_200_REAL/management_operation_results.jsonl,rolling_restart_primary_safe,$.missing_fields[166],MISSING,No read outage was observed during controlled primary handoff.,copied_from_source_missing_encoding
200.management.rolling_restart_primary_safe,P32_MANAGEMENT_MATRIX_200_REAL,artifacts/phases/P32_MANAGEMENT_MATRIX_200_REAL/management_operation_results.jsonl,rolling_restart_primary_safe,$.missing_fields[167],MISSING,No write outage was observed during controlled primary handoff.,copied_from_source_missing_encoding
200.management.rolling_restart_primary_safe,P32_MANAGEMENT_MATRIX_200_REAL,artifacts/phases/P32_MANAGEMENT_MATRIX_200_REAL/management_operation_results.jsonl,rolling_restart_primary_safe,$.missing_fields[168],MISSING,No read outage was observed during controlled primary handoff.,copied_from_source_missing_encoding
200.management.rolling_restart_primary_safe,P32_MANAGEMENT_MATRIX_200_REAL,artifacts/phases/P32_MANAGEMENT_MATRIX_200_REAL/management_operation_results.jsonl,rolling_restart_primary_safe,$.missing_fields[169],MISSING,No write outage was observed during controlled primary handoff.,copied_from_source_missing_encoding
200.management.rolling_restart_primary_safe,P32_MANAGEMENT_MATRIX_200_REAL,artifacts/phases/P32_MANAGEMENT_MATRIX_200_REAL/management_operation_results.jsonl,rolling_restart_primary_safe,$.missing_fields[16],MISSING,No read outage was observed during controlled primary handoff.,copied_from_source_missing_encoding
200.management.rolling_restart_primary_safe,P32_MANAGEMENT_MATRIX_200_REAL,artifacts/phases/P32_MANAGEMENT_MATRIX_200_REAL/management_operation_results.jsonl,rolling_restart_primary_safe,$.missing_fields[170],MISSING,No read outage was observed during controlled primary handoff.,copied_from_source_missing_encoding
200.management.rolling_restart_primary_safe,P32_MANAGEMENT_MATRIX_200_REAL,artifacts/phases/P32_MANAGEMENT_MATRIX_200_REAL/management_operation_results.jsonl,rolling_restart_primary_safe,$.missing_fields[171],MISSING,No write outage was observed during controlled primary handoff.,copied_from_source_missing_encoding
200.management.rolling_restart_primary_safe,P32_MANAGEMENT_MATRIX_200_REAL,artifacts/phases/P32_MANAGEMENT_MATRIX_200_REAL/management_operation_results.jsonl,rolling_restart_primary_safe,$.missing_fields[172],MISSING,No read outage was observed during controlled primary handoff.,copied_from_source_missing_encoding
200.management.rolling_restart_primary_safe,P32_MANAGEMENT_MATRIX_200_REAL,artifacts/phases/P32_MANAGEMENT_MATRIX_200_REAL/management_operation_results.jsonl,rolling_restart_primary_safe,$.missing_fields[173],MISSING,No write outage was observed during controlled primary handoff.,copied_from_source_missing_encoding
200.management.rolling_restart_primary_safe,P32_MANAGEMENT_MATRIX_200_REAL,artifacts/phases/P32_MANAGEMENT_MATRIX_200_REAL/management_operation_results.jsonl,rolling_restart_primary_safe,$.missing_fields[174],MISSING,No read outage was observed during controlled primary handoff.,copied_from_source_missing_encoding
200.management.rolling_restart_primary_safe,P32_MANAGEMENT_MATRIX_200_REAL,artifacts/phases/P32_MANAGEMENT_MATRIX_200_REAL/management_operation_results.jsonl,rolling_restart_primary_safe,$.missing_fields[175],MISSING,No write outage was observed during controlled primary handoff.,copied_from_source_missing_encoding
200.management.rolling_restart_primary_safe,P32_MANAGEMENT_MATRIX_200_REAL,artifacts/phases/P32_MANAGEMENT_MATRIX_200_REAL/management_operation_results.jsonl,rolling_restart_primary_safe,$.missing_fields[176],MISSING,No read outage was observed during controlled primary handoff.,copied_from_source_missing_encoding
200.management.rolling_restart_primary_safe,P32_MANAGEMENT_MATRIX_200_REAL,artifacts/phases/P32_MANAGEMENT_MATRIX_200_REAL/management_operation_results.jsonl,rolling_restart_primary_safe,$.missing_fields[177],MISSING,No write outage was observed during controlled primary handoff.,copied_from_source_missing_encoding
200.management.rolling_restart_primary_safe,P32_MANAGEMENT_MATRIX_200_REAL,artifacts/phases/P32_MANAGEMENT_MATRIX_200_REAL/management_operation_results.jsonl,rolling_restart_primary_safe,$.missing_fields[178],MISSING,No read outage was observed during controlled primary handoff.,copied_from_source_missing_encoding
200.management.rolling_restart_primary_safe,P32_MANAGEMENT_MATRIX_200_REAL,artifacts/phases/P32_MANAGEMENT_MATRIX_200_REAL/management_operation_results.jsonl,rolling_restart_primary_safe,$.missing_fields[179],MISSING,No write outage was observed during controlled primary handoff.,copied_from_source_missing_encoding
200.management.rolling_restart_primary_safe,P32_MANAGEMENT_MATRIX_200_REAL,artifacts/phases/P32_MANAGEMENT_MATRIX_200_REAL/management_operation_results.jsonl,rolling_restart_primary_safe,$.missing_fields[17],MISSING,No write outage was observed during controlled primary handoff.,copied_from_source_missing_encoding
200.management.rolling_restart_primary_safe,P32_MANAGEMENT_MATRIX_200_REAL,artifacts/phases/P32_MANAGEMENT_MATRIX_200_REAL/management_operation_results.jsonl,rolling_restart_primary_safe,$.missing_fields[180],MISSING,No read outage was observed during controlled primary handoff.,copied_from_source_missing_encoding
200.management.rolling_restart_primary_safe,P32_MANAGEMENT_MATRIX_200_REAL,artifacts/phases/P32_MANAGEMENT_MATRIX_200_REAL/management_operation_results.jsonl,rolling_restart_primary_safe,$.missing_fields[181],MISSING,No write outage was observed during controlled primary handoff.,copied_from_source_missing_encoding
200.management.rolling_restart_primary_safe,P32_MANAGEMENT_MATRIX_200_REAL,artifacts/phases/P32_MANAGEMENT_MATRIX_200_REAL/management_operation_results.jsonl,rolling_restart_primary_safe,$.missing_fields[182],MISSING,No read outage was observed during controlled primary handoff.,copied_from_source_missing_encoding
200.management.rolling_restart_primary_safe,P32_MANAGEMENT_MATRIX_200_REAL,artifacts/phases/P32_MANAGEMENT_MATRIX_200_REAL/management_operation_results.jsonl,rolling_restart_primary_safe,$.missing_fields[183],MISSING,No write outage was observed during controlled primary handoff.,copied_from_source_missing_encoding
200.management.rolling_restart_primary_safe,P32_MANAGEMENT_MATRIX_200_REAL,artifacts/phases/P32_MANAGEMENT_MATRIX_200_REAL/management_operation_results.jsonl,rolling_restart_primary_safe,$.missing_fields[184],MISSING,No read outage was observed during controlled primary handoff.,copied_from_source_missing_encoding
200.management.rolling_restart_primary_safe,P32_MANAGEMENT_MATRIX_200_REAL,artifacts/phases/P32_MANAGEMENT_MATRIX_200_REAL/management_operation_results.jsonl,rolling_restart_primary_safe,$.missing_fields[185],MISSING,No write outage was observed during controlled primary handoff.,copied_from_source_missing_encoding
200.management.rolling_restart_primary_safe,P32_MANAGEMENT_MATRIX_200_REAL,artifacts/phases/P32_MANAGEMENT_MATRIX_200_REAL/management_operation_results.jsonl,rolling_restart_primary_safe,$.missing_fields[186],MISSING,No read outage was observed during controlled primary handoff.,copied_from_source_missing_encoding
200.management.rolling_restart_primary_safe,P32_MANAGEMENT_MATRIX_200_REAL,artifacts/phases/P32_MANAGEMENT_MATRIX_200_REAL/management_operation_results.jsonl,rolling_restart_primary_safe,$.missing_fields[187],MISSING,No write outage was observed during controlled primary handoff.,copied_from_source_missing_encoding
200.management.rolling_restart_primary_safe,P32_MANAGEMENT_MATRIX_200_REAL,artifacts/phases/P32_MANAGEMENT_MATRIX_200_REAL/management_operation_results.jsonl,rolling_restart_primary_safe,$.missing_fields[188],MISSING,No read outage was observed during controlled primary handoff.,copied_from_source_missing_encoding
200.management.rolling_restart_primary_safe,P32_MANAGEMENT_MATRIX_200_REAL,artifacts/phases/P32_MANAGEMENT_MATRIX_200_REAL/management_operation_results.jsonl,rolling_restart_primary_safe,$.missing_fields[189],MISSING,No write outage was observed during controlled primary handoff.,copied_from_source_missing_encoding
200.management.rolling_restart_primary_safe,P32_MANAGEMENT_MATRIX_200_REAL,artifacts/phases/P32_MANAGEMENT_MATRIX_200_REAL/management_operation_results.jsonl,rolling_restart_primary_safe,$.missing_fields[18],MISSING,No read outage was observed during controlled primary handoff.,copied_from_source_missing_encoding
200.management.rolling_restart_primary_safe,P32_MANAGEMENT_MATRIX_200_REAL,artifacts/phases/P32_MANAGEMENT_MATRIX_200_REAL/management_operation_results.jsonl,rolling_restart_primary_safe,$.missing_fields[190],MISSING,No read outage was observed during controlled primary handoff.,copied_from_source_missing_encoding
200.management.rolling_restart_primary_safe,P32_MANAGEMENT_MATRIX_200_REAL,artifacts/phases/P32_MANAGEMENT_MATRIX_200_REAL/management_operation_results.jsonl,rolling_restart_primary_safe,$.missing_fields[191],MISSING,No write outage was observed during controlled primary handoff.,copied_from_source_missing_encoding
200.management.rolling_restart_primary_safe,P32_MANAGEMENT_MATRIX_200_REAL,artifacts/phases/P32_MANAGEMENT_MATRIX_200_REAL/management_operation_results.jsonl,rolling_restart_primary_safe,$.missing_fields[192],MISSING,No read outage was observed during controlled primary handoff.,copied_from_source_missing_encoding
200.management.rolling_restart_primary_safe,P32_MANAGEMENT_MATRIX_200_REAL,artifacts/phases/P32_MANAGEMENT_MATRIX_200_REAL/management_operation_results.jsonl,rolling_restart_primary_safe,$.missing_fields[193],MISSING,No write outage was observed during controlled primary handoff.,copied_from_source_missing_encoding
200.management.rolling_restart_primary_safe,P32_MANAGEMENT_MATRIX_200_REAL,artifacts/phases/P32_MANAGEMENT_MATRIX_200_REAL/management_operation_results.jsonl,rolling_restart_primary_safe,$.missing_fields[194],MISSING,No read outage was observed during controlled primary handoff.,copied_from_source_missing_encoding
200.management.rolling_restart_primary_safe,P32_MANAGEMENT_MATRIX_200_REAL,artifacts/phases/P32_MANAGEMENT_MATRIX_200_REAL/management_operation_results.jsonl,rolling_restart_primary_safe,$.missing_fields[195],MISSING,No write outage was observed during controlled primary handoff.,copied_from_source_missing_encoding
200.management.rolling_restart_primary_safe,P32_MANAGEMENT_MATRIX_200_REAL,artifacts/phases/P32_MANAGEMENT_MATRIX_200_REAL/management_operation_results.jsonl,rolling_restart_primary_safe,$.missing_fields[196],MISSING,No read outage was observed during controlled primary handoff.,copied_from_source_missing_encoding
200.management.rolling_restart_primary_safe,P32_MANAGEMENT_MATRIX_200_REAL,artifacts/phases/P32_MANAGEMENT_MATRIX_200_REAL/management_operation_results.jsonl,rolling_restart_primary_safe,$.missing_fields[197],MISSING,No write outage was observed during controlled primary handoff.,copied_from_source_missing_encoding
200.management.rolling_restart_primary_safe,P32_MANAGEMENT_MATRIX_200_REAL,artifacts/phases/P32_MANAGEMENT_MATRIX_200_REAL/management_operation_results.jsonl,rolling_restart_primary_safe,$.missing_fields[198],MISSING,No read outage was observed during controlled primary handoff.,copied_from_source_missing_encoding
200.management.rolling_restart_primary_safe,P32_MANAGEMENT_MATRIX_200_REAL,artifacts/phases/P32_MANAGEMENT_MATRIX_200_REAL/management_operation_results.jsonl,rolling_restart_primary_safe,$.missing_fields[199],MISSING,No write outage was observed during controlled primary handoff.,copied_from_source_missing_encoding
200.management.rolling_restart_primary_safe,P32_MANAGEMENT_MATRIX_200_REAL,artifacts/phases/P32_MANAGEMENT_MATRIX_200_REAL/management_operation_results.jsonl,rolling_restart_primary_safe,$.missing_fields[19],MISSING,No write outage was observed during controlled primary handoff.,copied_from_source_missing_encoding
200.management.rolling_restart_primary_safe,P32_MANAGEMENT_MATRIX_200_REAL,artifacts/phases/P32_MANAGEMENT_MATRIX_200_REAL/management_operation_results.jsonl,rolling_restart_primary_safe,$.missing_fields[1],MISSING,No write outage was observed during controlled primary handoff.,copied_from_source_missing_encoding
200.management.rolling_restart_primary_safe,P32_MANAGEMENT_MATRIX_200_REAL,artifacts/phases/P32_MANAGEMENT_MATRIX_200_REAL/management_operation_results.jsonl,rolling_restart_primary_safe,$.missing_fields[200],MISSING,No read outage was observed during controlled primary handoff.,copied_from_source_missing_encoding
200.management.rolling_restart_primary_safe,P32_MANAGEMENT_MATRIX_200_REAL,artifacts/phases/P32_MANAGEMENT_MATRIX_200_REAL/management_operation_results.jsonl,rolling_restart_primary_safe,$.missing_fields[201],MISSING,No write outage was observed during controlled primary handoff.,copied_from_source_missing_encoding
200.management.rolling_restart_primary_safe,P32_MANAGEMENT_MATRIX_200_REAL,artifacts/phases/P32_MANAGEMENT_MATRIX_200_REAL/management_operation_results.jsonl,rolling_restart_primary_safe,$.missing_fields[202],MISSING,No read outage was observed during controlled primary handoff.,copied_from_source_missing_encoding
200.management.rolling_restart_primary_safe,P32_MANAGEMENT_MATRIX_200_REAL,artifacts/phases/P32_MANAGEMENT_MATRIX_200_REAL/management_operation_results.jsonl,rolling_restart_primary_safe,$.missing_fields[203],MISSING,No write outage was observed during controlled primary handoff.,copied_from_source_missing_encoding
200.management.rolling_restart_primary_safe,P32_MANAGEMENT_MATRIX_200_REAL,artifacts/phases/P32_MANAGEMENT_MATRIX_200_REAL/management_operation_results.jsonl,rolling_restart_primary_safe,$.missing_fields[204],MISSING,No read outage was observed during controlled primary handoff.,copied_from_source_missing_encoding
200.management.rolling_restart_primary_safe,P32_MANAGEMENT_MATRIX_200_REAL,artifacts/phases/P32_MANAGEMENT_MATRIX_200_REAL/management_operation_results.jsonl,rolling_restart_primary_safe,$.missing_fields[205],MISSING,No write outage was observed during controlled primary handoff.,copied_from_source_missing_encoding
200.management.rolling_restart_primary_safe,P32_MANAGEMENT_MATRIX_200_REAL,artifacts/phases/P32_MANAGEMENT_MATRIX_200_REAL/management_operation_results.jsonl,rolling_restart_primary_safe,$.missing_fields[206],MISSING,No read outage was observed during controlled primary handoff.,copied_from_source_missing_encoding
200.management.rolling_restart_primary_safe,P32_MANAGEMENT_MATRIX_200_REAL,artifacts/phases/P32_MANAGEMENT_MATRIX_200_REAL/management_operation_results.jsonl,rolling_restart_primary_safe,$.missing_fields[207],MISSING,No write outage was observed during controlled primary handoff.,copied_from_source_missing_encoding
200.management.rolling_restart_primary_safe,P32_MANAGEMENT_MATRIX_200_REAL,artifacts/phases/P32_MANAGEMENT_MATRIX_200_REAL/management_operation_results.jsonl,rolling_restart_primary_safe,$.missing_fields[208],MISSING,No read outage was observed during controlled primary handoff.,copied_from_source_missing_encoding
200.management.rolling_restart_primary_safe,P32_MANAGEMENT_MATRIX_200_REAL,artifacts/phases/P32_MANAGEMENT_MATRIX_200_REAL/management_operation_results.jsonl,rolling_restart_primary_safe,$.missing_fields[209],MISSING,No write outage was observed during controlled primary handoff.,copied_from_source_missing_encoding
200.management.rolling_restart_primary_safe,P32_MANAGEMENT_MATRIX_200_REAL,artifacts/phases/P32_MANAGEMENT_MATRIX_200_REAL/management_operation_results.jsonl,rolling_restart_primary_safe,$.missing_fields[20],MISSING,No read outage was observed during controlled primary handoff.,copied_from_source_missing_encoding
200.management.rolling_restart_primary_safe,P32_MANAGEMENT_MATRIX_200_REAL,artifacts/phases/P32_MANAGEMENT_MATRIX_200_REAL/management_operation_results.jsonl,rolling_restart_primary_safe,$.missing_fields[210],MISSING,No read outage was observed during controlled primary handoff.,copied_from_source_missing_encoding
200.management.rolling_restart_primary_safe,P32_MANAGEMENT_MATRIX_200_REAL,artifacts/phases/P32_MANAGEMENT_MATRIX_200_REAL/management_operation_results.jsonl,rolling_restart_primary_safe,$.missing_fields[211],MISSING,No write outage was observed during controlled primary handoff.,copied_from_source_missing_encoding
200.management.rolling_restart_primary_safe,P32_MANAGEMENT_MATRIX_200_REAL,artifacts/phases/P32_MANAGEMENT_MATRIX_200_REAL/management_operation_results.jsonl,rolling_restart_primary_safe,$.missing_fields[212],MISSING,No read outage was observed during controlled primary handoff.,copied_from_source_missing_encoding
200.management.rolling_restart_primary_safe,P32_MANAGEMENT_MATRIX_200_REAL,artifacts/phases/P32_MANAGEMENT_MATRIX_200_REAL/management_operation_results.jsonl,rolling_restart_primary_safe,$.missing_fields[213],MISSING,No write outage was observed during controlled primary handoff.,copied_from_source_missing_encoding
200.management.rolling_restart_primary_safe,P32_MANAGEMENT_MATRIX_200_REAL,artifacts/phases/P32_MANAGEMENT_MATRIX_200_REAL/management_operation_results.jsonl,rolling_restart_primary_safe,$.missing_fields[214],MISSING,No read outage was observed during controlled primary handoff.,copied_from_source_missing_encoding
200.management.rolling_restart_primary_safe,P32_MANAGEMENT_MATRIX_200_REAL,artifacts/phases/P32_MANAGEMENT_MATRIX_200_REAL/management_operation_results.jsonl,rolling_restart_primary_safe,$.missing_fields[215],MISSING,No write outage was observed during controlled primary handoff.,copied_from_source_missing_encoding
200.management.rolling_restart_primary_safe,P32_MANAGEMENT_MATRIX_200_REAL,artifacts/phases/P32_MANAGEMENT_MATRIX_200_REAL/management_operation_results.jsonl,rolling_restart_primary_safe,$.missing_fields[216],MISSING,No read outage was observed during controlled primary handoff.,copied_from_source_missing_encoding
200.management.rolling_restart_primary_safe,P32_MANAGEMENT_MATRIX_200_REAL,artifacts/phases/P32_MANAGEMENT_MATRIX_200_REAL/management_operation_results.jsonl,rolling_restart_primary_safe,$.missing_fields[217],MISSING,No write outage was observed during controlled primary handoff.,copied_from_source_missing_encoding
200.management.rolling_restart_primary_safe,P32_MANAGEMENT_MATRIX_200_REAL,artifacts/phases/P32_MANAGEMENT_MATRIX_200_REAL/management_operation_results.jsonl,rolling_restart_primary_safe,$.missing_fields[218],MISSING,No read outage was observed during controlled primary handoff.,copied_from_source_missing_encoding
200.management.rolling_restart_primary_safe,P32_MANAGEMENT_MATRIX_200_REAL,artifacts/phases/P32_MANAGEMENT_MATRIX_200_REAL/management_operation_results.jsonl,rolling_restart_primary_safe,$.missing_fields[219],MISSING,No write outage was observed during controlled primary handoff.,copied_from_source_missing_encoding
200.management.rolling_restart_primary_safe,P32_MANAGEMENT_MATRIX_200_REAL,artifacts/phases/P32_MANAGEMENT_MATRIX_200_REAL/management_operation_results.jsonl,rolling_restart_primary_safe,$.missing_fields[21],MISSING,No write outage was observed during controlled primary handoff.,copied_from_source_missing_encoding
200.management.rolling_restart_primary_safe,P32_MANAGEMENT_MATRIX_200_REAL,artifacts/phases/P32_MANAGEMENT_MATRIX_200_REAL/management_operation_results.jsonl,rolling_restart_primary_safe,$.missing_fields[220],MISSING,No read outage was observed during controlled primary handoff.,copied_from_source_missing_encoding
200.management.rolling_restart_primary_safe,P32_MANAGEMENT_MATRIX_200_REAL,artifacts/phases/P32_MANAGEMENT_MATRIX_200_REAL/management_operation_results.jsonl,rolling_restart_primary_safe,$.missing_fields[221],MISSING,No write outage was observed during controlled primary handoff.,copied_from_source_missing_encoding
200.management.rolling_restart_primary_safe,P32_MANAGEMENT_MATRIX_200_REAL,artifacts/phases/P32_MANAGEMENT_MATRIX_200_REAL/management_operation_results.jsonl,rolling_restart_primary_safe,$.missing_fields[222],MISSING,No read outage was observed during controlled primary handoff.,copied_from_source_missing_encoding
200.management.rolling_restart_primary_safe,P32_MANAGEMENT_MATRIX_200_REAL,artifacts/phases/P32_MANAGEMENT_MATRIX_200_REAL/management_operation_results.jsonl,rolling_restart_primary_safe,$.missing_fields[223],MISSING,No write outage was observed during controlled primary handoff.,copied_from_source_missing_encoding
200.management.rolling_restart_primary_safe,P32_MANAGEMENT_MATRIX_200_REAL,artifacts/phases/P32_MANAGEMENT_MATRIX_200_REAL/management_operation_results.jsonl,rolling_restart_primary_safe,$.missing_fields[224],MISSING,No read outage was observed during controlled primary handoff.,copied_from_source_missing_encoding
200.management.rolling_restart_primary_safe,P32_MANAGEMENT_MATRIX_200_REAL,artifacts/phases/P32_MANAGEMENT_MATRIX_200_REAL/management_operation_results.jsonl,rolling_restart_primary_safe,$.missing_fields[225],MISSING,No write outage was observed during controlled primary handoff.,copied_from_source_missing_encoding
200.management.rolling_restart_primary_safe,P32_MANAGEMENT_MATRIX_200_REAL,artifacts/phases/P32_MANAGEMENT_MATRIX_200_REAL/management_operation_results.jsonl,rolling_restart_primary_safe,$.missing_fields[226],MISSING,No read outage was observed during controlled primary handoff.,copied_from_source_missing_encoding
200.management.rolling_restart_primary_safe,P32_MANAGEMENT_MATRIX_200_REAL,artifacts/phases/P32_MANAGEMENT_MATRIX_200_REAL/management_operation_results.jsonl,rolling_restart_primary_safe,$.missing_fields[227],MISSING,No write outage was observed during controlled primary handoff.,copied_from_source_missing_encoding
200.management.rolling_restart_primary_safe,P32_MANAGEMENT_MATRIX_200_REAL,artifacts/phases/P32_MANAGEMENT_MATRIX_200_REAL/management_operation_results.jsonl,rolling_restart_primary_safe,$.missing_fields[228],MISSING,No read outage was observed during controlled primary handoff.,copied_from_source_missing_encoding
200.management.rolling_restart_primary_safe,P32_MANAGEMENT_MATRIX_200_REAL,artifacts/phases/P32_MANAGEMENT_MATRIX_200_REAL/management_operation_results.jsonl,rolling_restart_primary_safe,$.missing_fields[229],MISSING,No write outage was observed during controlled primary handoff.,copied_from_source_missing_encoding
200.management.rolling_restart_primary_safe,P32_MANAGEMENT_MATRIX_200_REAL,artifacts/phases/P32_MANAGEMENT_MATRIX_200_REAL/management_operation_results.jsonl,rolling_restart_primary_safe,$.missing_fields[22],MISSING,No read outage was observed during controlled primary handoff.,copied_from_source_missing_encoding
200.management.rolling_restart_primary_safe,P32_MANAGEMENT_MATRIX_200_REAL,artifacts/phases/P32_MANAGEMENT_MATRIX_200_REAL/management_operation_results.jsonl,rolling_restart_primary_safe,$.missing_fields[230],MISSING,No read outage was observed during controlled primary handoff.,copied_from_source_missing_encoding
200.management.rolling_restart_primary_safe,P32_MANAGEMENT_MATRIX_200_REAL,artifacts/phases/P32_MANAGEMENT_MATRIX_200_REAL/management_operation_results.jsonl,rolling_restart_primary_safe,$.missing_fields[231],MISSING,No write outage was observed during controlled primary handoff.,copied_from_source_missing_encoding
200.management.rolling_restart_primary_safe,P32_MANAGEMENT_MATRIX_200_REAL,artifacts/phases/P32_MANAGEMENT_MATRIX_200_REAL/management_operation_results.jsonl,rolling_restart_primary_safe,$.missing_fields[232],MISSING,No read outage was observed during controlled primary handoff.,copied_from_source_missing_encoding
200.management.rolling_restart_primary_safe,P32_MANAGEMENT_MATRIX_200_REAL,artifacts/phases/P32_MANAGEMENT_MATRIX_200_REAL/management_operation_results.jsonl,rolling_restart_primary_safe,$.missing_fields[233],MISSING,No write outage was observed during controlled primary handoff.,copied_from_source_missing_encoding
200.management.rolling_restart_primary_safe,P32_MANAGEMENT_MATRIX_200_REAL,artifacts/phases/P32_MANAGEMENT_MATRIX_200_REAL/management_operation_results.jsonl,rolling_restart_primary_safe,$.missing_fields[234],MISSING,No read outage was observed during controlled primary handoff.,copied_from_source_missing_encoding
200.management.rolling_restart_primary_safe,P32_MANAGEMENT_MATRIX_200_REAL,artifacts/phases/P32_MANAGEMENT_MATRIX_200_REAL/management_operation_results.jsonl,rolling_restart_primary_safe,$.missing_fields[235],MISSING,No write outage was observed during controlled primary handoff.,copied_from_source_missing_encoding
200.management.rolling_restart_primary_safe,P32_MANAGEMENT_MATRIX_200_REAL,artifacts/phases/P32_MANAGEMENT_MATRIX_200_REAL/management_operation_results.jsonl,rolling_restart_primary_safe,$.missing_fields[236],MISSING,No read outage was observed during controlled primary handoff.,copied_from_source_missing_encoding
200.management.rolling_restart_primary_safe,P32_MANAGEMENT_MATRIX_200_REAL,artifacts/phases/P32_MANAGEMENT_MATRIX_200_REAL/management_operation_results.jsonl,rolling_restart_primary_safe,$.missing_fields[237],MISSING,No write outage was observed during controlled primary handoff.,copied_from_source_missing_encoding
200.management.rolling_restart_primary_safe,P32_MANAGEMENT_MATRIX_200_REAL,artifacts/phases/P32_MANAGEMENT_MATRIX_200_REAL/management_operation_results.jsonl,rolling_restart_primary_safe,$.missing_fields[238],MISSING,No read outage was observed during controlled primary handoff.,copied_from_source_missing_encoding
200.management.rolling_restart_primary_safe,P32_MANAGEMENT_MATRIX_200_REAL,artifacts/phases/P32_MANAGEMENT_MATRIX_200_REAL/management_operation_results.jsonl,rolling_restart_primary_safe,$.missing_fields[239],MISSING,No write outage was observed during controlled primary handoff.,copied_from_source_missing_encoding
200.management.rolling_restart_primary_safe,P32_MANAGEMENT_MATRIX_200_REAL,artifacts/phases/P32_MANAGEMENT_MATRIX_200_REAL/management_operation_results.jsonl,rolling_restart_primary_safe,$.missing_fields[23],MISSING,No write outage was observed during controlled primary handoff.,copied_from_source_missing_encoding
200.management.rolling_restart_primary_safe,P32_MANAGEMENT_MATRIX_200_REAL,artifacts/phases/P32_MANAGEMENT_MATRIX_200_REAL/management_operation_results.jsonl,rolling_restart_primary_safe,$.missing_fields[240],MISSING,No read outage was observed during controlled primary handoff.,copied_from_source_missing_encoding
200.management.rolling_restart_primary_safe,P32_MANAGEMENT_MATRIX_200_REAL,artifacts/phases/P32_MANAGEMENT_MATRIX_200_REAL/management_operation_results.jsonl,rolling_restart_primary_safe,$.missing_fields[241],MISSING,No write outage was observed during controlled primary handoff.,copied_from_source_missing_encoding
200.management.rolling_restart_primary_safe,P32_MANAGEMENT_MATRIX_200_REAL,artifacts/phases/P32_MANAGEMENT_MATRIX_200_REAL/management_operation_results.jsonl,rolling_restart_primary_safe,$.missing_fields[242],MISSING,No read outage was observed during controlled primary handoff.,copied_from_source_missing_encoding
200.management.rolling_restart_primary_safe,P32_MANAGEMENT_MATRIX_200_REAL,artifacts/phases/P32_MANAGEMENT_MATRIX_200_REAL/management_operation_results.jsonl,rolling_restart_primary_safe,$.missing_fields[243],MISSING,No write outage was observed during controlled primary handoff.,copied_from_source_missing_encoding
200.management.rolling_restart_primary_safe,P32_MANAGEMENT_MATRIX_200_REAL,artifacts/phases/P32_MANAGEMENT_MATRIX_200_REAL/management_operation_results.jsonl,rolling_restart_primary_safe,$.missing_fields[244],MISSING,No read outage was observed during controlled primary handoff.,copied_from_source_missing_encoding
200.management.rolling_restart_primary_safe,P32_MANAGEMENT_MATRIX_200_REAL,artifacts/phases/P32_MANAGEMENT_MATRIX_200_REAL/management_operation_results.jsonl,rolling_restart_primary_safe,$.missing_fields[245],MISSING,No write outage was observed during controlled primary handoff.,copied_from_source_missing_encoding
200.management.rolling_restart_primary_safe,P32_MANAGEMENT_MATRIX_200_REAL,artifacts/phases/P32_MANAGEMENT_MATRIX_200_REAL/management_operation_results.jsonl,rolling_restart_primary_safe,$.missing_fields[246],MISSING,No read outage was observed during controlled primary handoff.,copied_from_source_missing_encoding
200.management.rolling_restart_primary_safe,P32_MANAGEMENT_MATRIX_200_REAL,artifacts/phases/P32_MANAGEMENT_MATRIX_200_REAL/management_operation_results.jsonl,rolling_restart_primary_safe,$.missing_fields[247],MISSING,No write outage was observed during controlled primary handoff.,copied_from_source_missing_encoding
200.management.rolling_restart_primary_safe,P32_MANAGEMENT_MATRIX_200_REAL,artifacts/phases/P32_MANAGEMENT_MATRIX_200_REAL/management_operation_results.jsonl,rolling_restart_primary_safe,$.missing_fields[248],MISSING,No read outage was observed during controlled primary handoff.,copied_from_source_missing_encoding
200.management.rolling_restart_primary_safe,P32_MANAGEMENT_MATRIX_200_REAL,artifacts/phases/P32_MANAGEMENT_MATRIX_200_REAL/management_operation_results.jsonl,rolling_restart_primary_safe,$.missing_fields[249],MISSING,No write outage was observed during controlled primary handoff.,copied_from_source_missing_encoding
200.management.rolling_restart_primary_safe,P32_MANAGEMENT_MATRIX_200_REAL,artifacts/phases/P32_MANAGEMENT_MATRIX_200_REAL/management_operation_results.jsonl,rolling_restart_primary_safe,$.missing_fields[24],MISSING,No read outage was observed during controlled primary handoff.,copied_from_source_missing_encoding
200.management.rolling_restart_primary_safe,P32_MANAGEMENT_MATRIX_200_REAL,artifacts/phases/P32_MANAGEMENT_MATRIX_200_REAL/management_operation_results.jsonl,rolling_restart_primary_safe,$.missing_fields[250],MISSING,No read outage was observed during controlled primary handoff.,copied_from_source_missing_encoding
200.management.rolling_restart_primary_safe,P32_MANAGEMENT_MATRIX_200_REAL,artifacts/phases/P32_MANAGEMENT_MATRIX_200_REAL/management_operation_results.jsonl,rolling_restart_primary_safe,$.missing_fields[251],MISSING,No write outage was observed during controlled primary handoff.,copied_from_source_missing_encoding
200.management.rolling_restart_primary_safe,P32_MANAGEMENT_MATRIX_200_REAL,artifacts/phases/P32_MANAGEMENT_MATRIX_200_REAL/management_operation_results.jsonl,rolling_restart_primary_safe,$.missing_fields[252],MISSING,No read outage was observed during controlled primary handoff.,copied_from_source_missing_encoding
200.management.rolling_restart_primary_safe,P32_MANAGEMENT_MATRIX_200_REAL,artifacts/phases/P32_MANAGEMENT_MATRIX_200_REAL/management_operation_results.jsonl,rolling_restart_primary_safe,$.missing_fields[253],MISSING,No write outage was observed during controlled primary handoff.,copied_from_source_missing_encoding
200.management.rolling_restart_primary_safe,P32_MANAGEMENT_MATRIX_200_REAL,artifacts/phases/P32_MANAGEMENT_MATRIX_200_REAL/management_operation_results.jsonl,rolling_restart_primary_safe,$.missing_fields[254],MISSING,No read outage was observed during controlled primary handoff.,copied_from_source_missing_encoding
200.management.rolling_restart_primary_safe,P32_MANAGEMENT_MATRIX_200_REAL,artifacts/phases/P32_MANAGEMENT_MATRIX_200_REAL/management_operation_results.jsonl,rolling_restart_primary_safe,$.missing_fields[255],MISSING,No write outage was observed during controlled primary handoff.,copied_from_source_missing_encoding
200.management.rolling_restart_primary_safe,P32_MANAGEMENT_MATRIX_200_REAL,artifacts/phases/P32_MANAGEMENT_MATRIX_200_REAL/management_operation_results.jsonl,rolling_restart_primary_safe,$.missing_fields[256],MISSING,No read outage was observed during controlled primary handoff.,copied_from_source_missing_encoding
200.management.rolling_restart_primary_safe,P32_MANAGEMENT_MATRIX_200_REAL,artifacts/phases/P32_MANAGEMENT_MATRIX_200_REAL/management_operation_results.jsonl,rolling_restart_primary_safe,$.missing_fields[257],MISSING,No write outage was observed during controlled primary handoff.,copied_from_source_missing_encoding
200.management.rolling_restart_primary_safe,P32_MANAGEMENT_MATRIX_200_REAL,artifacts/phases/P32_MANAGEMENT_MATRIX_200_REAL/management_operation_results.jsonl,rolling_restart_primary_safe,$.missing_fields[258],MISSING,No read outage was observed during controlled primary handoff.,copied_from_source_missing_encoding
200.management.rolling_restart_primary_safe,P32_MANAGEMENT_MATRIX_200_REAL,artifacts/phases/P32_MANAGEMENT_MATRIX_200_REAL/management_operation_results.jsonl,rolling_restart_primary_safe,$.missing_fields[259],MISSING,No write outage was observed during controlled primary handoff.,copied_from_source_missing_encoding
200.management.rolling_restart_primary_safe,P32_MANAGEMENT_MATRIX_200_REAL,artifacts/phases/P32_MANAGEMENT_MATRIX_200_REAL/management_operation_results.jsonl,rolling_restart_primary_safe,$.missing_fields[25],MISSING,No write outage was observed during controlled primary handoff.,copied_from_source_missing_encoding
200.management.rolling_restart_primary_safe,P32_MANAGEMENT_MATRIX_200_REAL,artifacts/phases/P32_MANAGEMENT_MATRIX_200_REAL/management_operation_results.jsonl,rolling_restart_primary_safe,$.missing_fields[260],MISSING,No read outage was observed during controlled primary handoff.,copied_from_source_missing_encoding
200.management.rolling_restart_primary_safe,P32_MANAGEMENT_MATRIX_200_REAL,artifacts/phases/P32_MANAGEMENT_MATRIX_200_REAL/management_operation_results.jsonl,rolling_restart_primary_safe,$.missing_fields[261],MISSING,No write outage was observed during controlled primary handoff.,copied_from_source_missing_encoding
200.management.rolling_restart_primary_safe,P32_MANAGEMENT_MATRIX_200_REAL,artifacts/phases/P32_MANAGEMENT_MATRIX_200_REAL/management_operation_results.jsonl,rolling_restart_primary_safe,$.missing_fields[262],MISSING,No read outage was observed during controlled primary handoff.,copied_from_source_missing_encoding
200.management.rolling_restart_primary_safe,P32_MANAGEMENT_MATRIX_200_REAL,artifacts/phases/P32_MANAGEMENT_MATRIX_200_REAL/management_operation_results.jsonl,rolling_restart_primary_safe,$.missing_fields[263],MISSING,No write outage was observed during controlled primary handoff.,copied_from_source_missing_encoding
200.management.rolling_restart_primary_safe,P32_MANAGEMENT_MATRIX_200_REAL,artifacts/phases/P32_MANAGEMENT_MATRIX_200_REAL/management_operation_results.jsonl,rolling_restart_primary_safe,$.missing_fields[264],MISSING,No read outage was observed during controlled primary handoff.,copied_from_source_missing_encoding
200.management.rolling_restart_primary_safe,P32_MANAGEMENT_MATRIX_200_REAL,artifacts/phases/P32_MANAGEMENT_MATRIX_200_REAL/management_operation_results.jsonl,rolling_restart_primary_safe,$.missing_fields[265],MISSING,No write outage was observed during controlled primary handoff.,copied_from_source_missing_encoding
200.management.rolling_restart_primary_safe,P32_MANAGEMENT_MATRIX_200_REAL,artifacts/phases/P32_MANAGEMENT_MATRIX_200_REAL/management_operation_results.jsonl,rolling_restart_primary_safe,$.missing_fields[266],MISSING,No read outage was observed during controlled primary handoff.,copied_from_source_missing_encoding
200.management.rolling_restart_primary_safe,P32_MANAGEMENT_MATRIX_200_REAL,artifacts/phases/P32_MANAGEMENT_MATRIX_200_REAL/management_operation_results.jsonl,rolling_restart_primary_safe,$.missing_fields[267],MISSING,No write outage was observed during controlled primary handoff.,copied_from_source_missing_encoding
200.management.rolling_restart_primary_safe,P32_MANAGEMENT_MATRIX_200_REAL,artifacts/phases/P32_MANAGEMENT_MATRIX_200_REAL/management_operation_results.jsonl,rolling_restart_primary_safe,$.missing_fields[268],MISSING,No read outage was observed during controlled primary handoff.,copied_from_source_missing_encoding
200.management.rolling_restart_primary_safe,P32_MANAGEMENT_MATRIX_200_REAL,artifacts/phases/P32_MANAGEMENT_MATRIX_200_REAL/management_operation_results.jsonl,rolling_restart_primary_safe,$.missing_fields[269],MISSING,No write outage was observed during controlled primary handoff.,copied_from_source_missing_encoding
200.management.rolling_restart_primary_safe,P32_MANAGEMENT_MATRIX_200_REAL,artifacts/phases/P32_MANAGEMENT_MATRIX_200_REAL/management_operation_results.jsonl,rolling_restart_primary_safe,$.missing_fields[26],MISSING,No read outage was observed during controlled primary handoff.,copied_from_source_missing_encoding
200.management.rolling_restart_primary_safe,P32_MANAGEMENT_MATRIX_200_REAL,artifacts/phases/P32_MANAGEMENT_MATRIX_200_REAL/management_operation_results.jsonl,rolling_restart_primary_safe,$.missing_fields[270],MISSING,No read outage was observed during controlled primary handoff.,copied_from_source_missing_encoding
200.management.rolling_restart_primary_safe,P32_MANAGEMENT_MATRIX_200_REAL,artifacts/phases/P32_MANAGEMENT_MATRIX_200_REAL/management_operation_results.jsonl,rolling_restart_primary_safe,$.missing_fields[271],MISSING,No write outage was observed during controlled primary handoff.,copied_from_source_missing_encoding
200.management.rolling_restart_primary_safe,P32_MANAGEMENT_MATRIX_200_REAL,artifacts/phases/P32_MANAGEMENT_MATRIX_200_REAL/management_operation_results.jsonl,rolling_restart_primary_safe,$.missing_fields[272],MISSING,No read outage was observed during controlled primary handoff.,copied_from_source_missing_encoding
200.management.rolling_restart_primary_safe,P32_MANAGEMENT_MATRIX_200_REAL,artifacts/phases/P32_MANAGEMENT_MATRIX_200_REAL/management_operation_results.jsonl,rolling_restart_primary_safe,$.missing_fields[273],MISSING,No write outage was observed during controlled primary handoff.,copied_from_source_missing_encoding
200.management.rolling_restart_primary_safe,P32_MANAGEMENT_MATRIX_200_REAL,artifacts/phases/P32_MANAGEMENT_MATRIX_200_REAL/management_operation_results.jsonl,rolling_restart_primary_safe,$.missing_fields[274],MISSING,No read outage was observed during controlled primary handoff.,copied_from_source_missing_encoding
200.management.rolling_restart_primary_safe,P32_MANAGEMENT_MATRIX_200_REAL,artifacts/phases/P32_MANAGEMENT_MATRIX_200_REAL/management_operation_results.jsonl,rolling_restart_primary_safe,$.missing_fields[275],MISSING,No write outage was observed during controlled primary handoff.,copied_from_source_missing_encoding
200.management.rolling_restart_primary_safe,P32_MANAGEMENT_MATRIX_200_REAL,artifacts/phases/P32_MANAGEMENT_MATRIX_200_REAL/management_operation_results.jsonl,rolling_restart_primary_safe,$.missing_fields[276],MISSING,No read outage was observed during controlled primary handoff.,copied_from_source_missing_encoding
200.management.rolling_restart_primary_safe,P32_MANAGEMENT_MATRIX_200_REAL,artifacts/phases/P32_MANAGEMENT_MATRIX_200_REAL/management_operation_results.jsonl,rolling_restart_primary_safe,$.missing_fields[277],MISSING,No write outage was observed during controlled primary handoff.,copied_from_source_missing_encoding
200.management.rolling_restart_primary_safe,P32_MANAGEMENT_MATRIX_200_REAL,artifacts/phases/P32_MANAGEMENT_MATRIX_200_REAL/management_operation_results.jsonl,rolling_restart_primary_safe,$.missing_fields[278],MISSING,No read outage was observed during controlled primary handoff.,copied_from_source_missing_encoding
200.management.rolling_restart_primary_safe,P32_MANAGEMENT_MATRIX_200_REAL,artifacts/phases/P32_MANAGEMENT_MATRIX_200_REAL/management_operation_results.jsonl,rolling_restart_primary_safe,$.missing_fields[279],MISSING,No write outage was observed during controlled primary handoff.,copied_from_source_missing_encoding
200.management.rolling_restart_primary_safe,P32_MANAGEMENT_MATRIX_200_REAL,artifacts/phases/P32_MANAGEMENT_MATRIX_200_REAL/management_operation_results.jsonl,rolling_restart_primary_safe,$.missing_fields[27],MISSING,No write outage was observed during controlled primary handoff.,copied_from_source_missing_encoding
200.management.rolling_restart_primary_safe,P32_MANAGEMENT_MATRIX_200_REAL,artifacts/phases/P32_MANAGEMENT_MATRIX_200_REAL/management_operation_results.jsonl,rolling_restart_primary_safe,$.missing_fields[280],MISSING,No read outage was observed during controlled primary handoff.,copied_from_source_missing_encoding
200.management.rolling_restart_primary_safe,P32_MANAGEMENT_MATRIX_200_REAL,artifacts/phases/P32_MANAGEMENT_MATRIX_200_REAL/management_operation_results.jsonl,rolling_restart_primary_safe,$.missing_fields[281],MISSING,No write outage was observed during controlled primary handoff.,copied_from_source_missing_encoding
200.management.rolling_restart_primary_safe,P32_MANAGEMENT_MATRIX_200_REAL,artifacts/phases/P32_MANAGEMENT_MATRIX_200_REAL/management_operation_results.jsonl,rolling_restart_primary_safe,$.missing_fields[282],MISSING,No read outage was observed during controlled primary handoff.,copied_from_source_missing_encoding
200.management.rolling_restart_primary_safe,P32_MANAGEMENT_MATRIX_200_REAL,artifacts/phases/P32_MANAGEMENT_MATRIX_200_REAL/management_operation_results.jsonl,rolling_restart_primary_safe,$.missing_fields[283],MISSING,No write outage was observed during controlled primary handoff.,copied_from_source_missing_encoding
200.management.rolling_restart_primary_safe,P32_MANAGEMENT_MATRIX_200_REAL,artifacts/phases/P32_MANAGEMENT_MATRIX_200_REAL/management_operation_results.jsonl,rolling_restart_primary_safe,$.missing_fields[284],MISSING,No read outage was observed during controlled primary handoff.,copied_from_source_missing_encoding
200.management.rolling_restart_primary_safe,P32_MANAGEMENT_MATRIX_200_REAL,artifacts/phases/P32_MANAGEMENT_MATRIX_200_REAL/management_operation_results.jsonl,rolling_restart_primary_safe,$.missing_fields[285],MISSING,No write outage was observed during controlled primary handoff.,copied_from_source_missing_encoding
200.management.rolling_restart_primary_safe,P32_MANAGEMENT_MATRIX_200_REAL,artifacts/phases/P32_MANAGEMENT_MATRIX_200_REAL/management_operation_results.jsonl,rolling_restart_primary_safe,$.missing_fields[286],MISSING,No read outage was observed during controlled primary handoff.,copied_from_source_missing_encoding
200.management.rolling_restart_primary_safe,P32_MANAGEMENT_MATRIX_200_REAL,artifacts/phases/P32_MANAGEMENT_MATRIX_200_REAL/management_operation_results.jsonl,rolling_restart_primary_safe,$.missing_fields[287],MISSING,No write outage was observed during controlled primary handoff.,copied_from_source_missing_encoding
200.management.rolling_restart_primary_safe,P32_MANAGEMENT_MATRIX_200_REAL,artifacts/phases/P32_MANAGEMENT_MATRIX_200_REAL/management_operation_results.jsonl,rolling_restart_primary_safe,$.missing_fields[288],MISSING,No read outage was observed during controlled primary handoff.,copied_from_source_missing_encoding
200.management.rolling_restart_primary_safe,P32_MANAGEMENT_MATRIX_200_REAL,artifacts/phases/P32_MANAGEMENT_MATRIX_200_REAL/management_operation_results.jsonl,rolling_restart_primary_safe,$.missing_fields[289],MISSING,No write outage was observed during controlled primary handoff.,copied_from_source_missing_encoding
200.management.rolling_restart_primary_safe,P32_MANAGEMENT_MATRIX_200_REAL,artifacts/phases/P32_MANAGEMENT_MATRIX_200_REAL/management_operation_results.jsonl,rolling_restart_primary_safe,$.missing_fields[28],MISSING,No read outage was observed during controlled primary handoff.,copied_from_source_missing_encoding
200.management.rolling_restart_primary_safe,P32_MANAGEMENT_MATRIX_200_REAL,artifacts/phases/P32_MANAGEMENT_MATRIX_200_REAL/management_operation_results.jsonl,rolling_restart_primary_safe,$.missing_fields[290],MISSING,No read outage was observed during controlled primary handoff.,copied_from_source_missing_encoding
200.management.rolling_restart_primary_safe,P32_MANAGEMENT_MATRIX_200_REAL,artifacts/phases/P32_MANAGEMENT_MATRIX_200_REAL/management_operation_results.jsonl,rolling_restart_primary_safe,$.missing_fields[291],MISSING,No write outage was observed during controlled primary handoff.,copied_from_source_missing_encoding
200.management.rolling_restart_primary_safe,P32_MANAGEMENT_MATRIX_200_REAL,artifacts/phases/P32_MANAGEMENT_MATRIX_200_REAL/management_operation_results.jsonl,rolling_restart_primary_safe,$.missing_fields[292],MISSING,No read outage was observed during controlled primary handoff.,copied_from_source_missing_encoding
200.management.rolling_restart_primary_safe,P32_MANAGEMENT_MATRIX_200_REAL,artifacts/phases/P32_MANAGEMENT_MATRIX_200_REAL/management_operation_results.jsonl,rolling_restart_primary_safe,$.missing_fields[293],MISSING,No write outage was observed during controlled primary handoff.,copied_from_source_missing_encoding
200.management.rolling_restart_primary_safe,P32_MANAGEMENT_MATRIX_200_REAL,artifacts/phases/P32_MANAGEMENT_MATRIX_200_REAL/management_operation_results.jsonl,rolling_restart_primary_safe,$.missing_fields[294],MISSING,No read outage was observed during controlled primary handoff.,copied_from_source_missing_encoding
200.management.rolling_restart_primary_safe,P32_MANAGEMENT_MATRIX_200_REAL,artifacts/phases/P32_MANAGEMENT_MATRIX_200_REAL/management_operation_results.jsonl,rolling_restart_primary_safe,$.missing_fields[295],MISSING,No write outage was observed during controlled primary handoff.,copied_from_source_missing_encoding
200.management.rolling_restart_primary_safe,P32_MANAGEMENT_MATRIX_200_REAL,artifacts/phases/P32_MANAGEMENT_MATRIX_200_REAL/management_operation_results.jsonl,rolling_restart_primary_safe,$.missing_fields[296],MISSING,No read outage was observed during controlled primary handoff.,copied_from_source_missing_encoding
200.management.rolling_restart_primary_safe,P32_MANAGEMENT_MATRIX_200_REAL,artifacts/phases/P32_MANAGEMENT_MATRIX_200_REAL/management_operation_results.jsonl,rolling_restart_primary_safe,$.missing_fields[297],MISSING,No write outage was observed during controlled primary handoff.,copied_from_source_missing_encoding
200.management.rolling_restart_primary_safe,P32_MANAGEMENT_MATRIX_200_REAL,artifacts/phases/P32_MANAGEMENT_MATRIX_200_REAL/management_operation_results.jsonl,rolling_restart_primary_safe,$.missing_fields[298],MISSING,No read outage was observed during controlled primary handoff.,copied_from_source_missing_encoding
200.management.rolling_restart_primary_safe,P32_MANAGEMENT_MATRIX_200_REAL,artifacts/phases/P32_MANAGEMENT_MATRIX_200_REAL/management_operation_results.jsonl,rolling_restart_primary_safe,$.missing_fields[299],MISSING,No write outage was observed during controlled primary handoff.,copied_from_source_missing_encoding
200.management.rolling_restart_primary_safe,P32_MANAGEMENT_MATRIX_200_REAL,artifacts/phases/P32_MANAGEMENT_MATRIX_200_REAL/management_operation_results.jsonl,rolling_restart_primary_safe,$.missing_fields[29],MISSING,No write outage was observed during controlled primary handoff.,copied_from_source_missing_encoding
200.management.rolling_restart_primary_safe,P32_MANAGEMENT_MATRIX_200_REAL,artifacts/phases/P32_MANAGEMENT_MATRIX_200_REAL/management_operation_results.jsonl,rolling_restart_primary_safe,$.missing_fields[2],MISSING,No read outage was observed during controlled primary handoff.,copied_from_source_missing_encoding
200.management.rolling_restart_primary_safe,P32_MANAGEMENT_MATRIX_200_REAL,artifacts/phases/P32_MANAGEMENT_MATRIX_200_REAL/management_operation_results.jsonl,rolling_restart_primary_safe,$.missing_fields[300],MISSING,No read outage was observed during controlled primary handoff.,copied_from_source_missing_encoding
200.management.rolling_restart_primary_safe,P32_MANAGEMENT_MATRIX_200_REAL,artifacts/phases/P32_MANAGEMENT_MATRIX_200_REAL/management_operation_results.jsonl,rolling_restart_primary_safe,$.missing_fields[301],MISSING,No write outage was observed during controlled primary handoff.,copied_from_source_missing_encoding
200.management.rolling_restart_primary_safe,P32_MANAGEMENT_MATRIX_200_REAL,artifacts/phases/P32_MANAGEMENT_MATRIX_200_REAL/management_operation_results.jsonl,rolling_restart_primary_safe,$.missing_fields[302],MISSING,No read outage was observed during controlled primary handoff.,copied_from_source_missing_encoding
200.management.rolling_restart_primary_safe,P32_MANAGEMENT_MATRIX_200_REAL,artifacts/phases/P32_MANAGEMENT_MATRIX_200_REAL/management_operation_results.jsonl,rolling_restart_primary_safe,$.missing_fields[303],MISSING,No write outage was observed during controlled primary handoff.,copied_from_source_missing_encoding
200.management.rolling_restart_primary_safe,P32_MANAGEMENT_MATRIX_200_REAL,artifacts/phases/P32_MANAGEMENT_MATRIX_200_REAL/management_operation_results.jsonl,rolling_restart_primary_safe,$.missing_fields[304],MISSING,No read outage was observed during controlled primary handoff.,copied_from_source_missing_encoding
200.management.rolling_restart_primary_safe,P32_MANAGEMENT_MATRIX_200_REAL,artifacts/phases/P32_MANAGEMENT_MATRIX_200_REAL/management_operation_results.jsonl,rolling_restart_primary_safe,$.missing_fields[305],MISSING,No write outage was observed during controlled primary handoff.,copied_from_source_missing_encoding
200.management.rolling_restart_primary_safe,P32_MANAGEMENT_MATRIX_200_REAL,artifacts/phases/P32_MANAGEMENT_MATRIX_200_REAL/management_operation_results.jsonl,rolling_restart_primary_safe,$.missing_fields[306],MISSING,No read outage was observed during controlled primary handoff.,copied_from_source_missing_encoding
200.management.rolling_restart_primary_safe,P32_MANAGEMENT_MATRIX_200_REAL,artifacts/phases/P32_MANAGEMENT_MATRIX_200_REAL/management_operation_results.jsonl,rolling_restart_primary_safe,$.missing_fields[307],MISSING,No write outage was observed during controlled primary handoff.,copied_from_source_missing_encoding
200.management.rolling_restart_primary_safe,P32_MANAGEMENT_MATRIX_200_REAL,artifacts/phases/P32_MANAGEMENT_MATRIX_200_REAL/management_operation_results.jsonl,rolling_restart_primary_safe,$.missing_fields[308],MISSING,No read outage was observed during controlled primary handoff.,copied_from_source_missing_encoding
200.management.rolling_restart_primary_safe,P32_MANAGEMENT_MATRIX_200_REAL,artifacts/phases/P32_MANAGEMENT_MATRIX_200_REAL/management_operation_results.jsonl,rolling_restart_primary_safe,$.missing_fields[309],MISSING,No write outage was observed during controlled primary handoff.,copied_from_source_missing_encoding
200.management.rolling_restart_primary_safe,P32_MANAGEMENT_MATRIX_200_REAL,artifacts/phases/P32_MANAGEMENT_MATRIX_200_REAL/management_operation_results.jsonl,rolling_restart_primary_safe,$.missing_fields[30],MISSING,No read outage was observed during controlled primary handoff.,copied_from_source_missing_encoding
200.management.rolling_restart_primary_safe,P32_MANAGEMENT_MATRIX_200_REAL,artifacts/phases/P32_MANAGEMENT_MATRIX_200_REAL/management_operation_results.jsonl,rolling_restart_primary_safe,$.missing_fields[310],MISSING,No read outage was observed during controlled primary handoff.,copied_from_source_missing_encoding
200.management.rolling_restart_primary_safe,P32_MANAGEMENT_MATRIX_200_REAL,artifacts/phases/P32_MANAGEMENT_MATRIX_200_REAL/management_operation_results.jsonl,rolling_restart_primary_safe,$.missing_fields[311],MISSING,No write outage was observed during controlled primary handoff.,copied_from_source_missing_encoding
200.management.rolling_restart_primary_safe,P32_MANAGEMENT_MATRIX_200_REAL,artifacts/phases/P32_MANAGEMENT_MATRIX_200_REAL/management_operation_results.jsonl,rolling_restart_primary_safe,$.missing_fields[312],MISSING,No read outage was observed during controlled primary handoff.,copied_from_source_missing_encoding
200.management.rolling_restart_primary_safe,P32_MANAGEMENT_MATRIX_200_REAL,artifacts/phases/P32_MANAGEMENT_MATRIX_200_REAL/management_operation_results.jsonl,rolling_restart_primary_safe,$.missing_fields[313],MISSING,No write outage was observed during controlled primary handoff.,copied_from_source_missing_encoding
200.management.rolling_restart_primary_safe,P32_MANAGEMENT_MATRIX_200_REAL,artifacts/phases/P32_MANAGEMENT_MATRIX_200_REAL/management_operation_results.jsonl,rolling_restart_primary_safe,$.missing_fields[314],MISSING,No read outage was observed during controlled primary handoff.,copied_from_source_missing_encoding
200.management.rolling_restart_primary_safe,P32_MANAGEMENT_MATRIX_200_REAL,artifacts/phases/P32_MANAGEMENT_MATRIX_200_REAL/management_operation_results.jsonl,rolling_restart_primary_safe,$.missing_fields[315],MISSING,No write outage was observed during controlled primary handoff.,copied_from_source_missing_encoding
200.management.rolling_restart_primary_safe,P32_MANAGEMENT_MATRIX_200_REAL,artifacts/phases/P32_MANAGEMENT_MATRIX_200_REAL/management_operation_results.jsonl,rolling_restart_primary_safe,$.missing_fields[316],MISSING,No read outage was observed during controlled primary handoff.,copied_from_source_missing_encoding
200.management.rolling_restart_primary_safe,P32_MANAGEMENT_MATRIX_200_REAL,artifacts/phases/P32_MANAGEMENT_MATRIX_200_REAL/management_operation_results.jsonl,rolling_restart_primary_safe,$.missing_fields[317],MISSING,No write outage was observed during controlled primary handoff.,copied_from_source_missing_encoding
200.management.rolling_restart_primary_safe,P32_MANAGEMENT_MATRIX_200_REAL,artifacts/phases/P32_MANAGEMENT_MATRIX_200_REAL/management_operation_results.jsonl,rolling_restart_primary_safe,$.missing_fields[318],MISSING,No read outage was observed during controlled primary handoff.,copied_from_source_missing_encoding
200.management.rolling_restart_primary_safe,P32_MANAGEMENT_MATRIX_200_REAL,artifacts/phases/P32_MANAGEMENT_MATRIX_200_REAL/management_operation_results.jsonl,rolling_restart_primary_safe,$.missing_fields[319],MISSING,No write outage was observed during controlled primary handoff.,copied_from_source_missing_encoding
200.management.rolling_restart_primary_safe,P32_MANAGEMENT_MATRIX_200_REAL,artifacts/phases/P32_MANAGEMENT_MATRIX_200_REAL/management_operation_results.jsonl,rolling_restart_primary_safe,$.missing_fields[31],MISSING,No write outage was observed during controlled primary handoff.,copied_from_source_missing_encoding
200.management.rolling_restart_primary_safe,P32_MANAGEMENT_MATRIX_200_REAL,artifacts/phases/P32_MANAGEMENT_MATRIX_200_REAL/management_operation_results.jsonl,rolling_restart_primary_safe,$.missing_fields[320],MISSING,No read outage was observed during controlled primary handoff.,copied_from_source_missing_encoding
200.management.rolling_restart_primary_safe,P32_MANAGEMENT_MATRIX_200_REAL,artifacts/phases/P32_MANAGEMENT_MATRIX_200_REAL/management_operation_results.jsonl,rolling_restart_primary_safe,$.missing_fields[321],MISSING,No write outage was observed during controlled primary handoff.,copied_from_source_missing_encoding
200.management.rolling_restart_primary_safe,P32_MANAGEMENT_MATRIX_200_REAL,artifacts/phases/P32_MANAGEMENT_MATRIX_200_REAL/management_operation_results.jsonl,rolling_restart_primary_safe,$.missing_fields[322],MISSING,No read outage was observed during controlled primary handoff.,copied_from_source_missing_encoding
200.management.rolling_restart_primary_safe,P32_MANAGEMENT_MATRIX_200_REAL,artifacts/phases/P32_MANAGEMENT_MATRIX_200_REAL/management_operation_results.jsonl,rolling_restart_primary_safe,$.missing_fields[323],MISSING,No write outage was observed during controlled primary handoff.,copied_from_source_missing_encoding
200.management.rolling_restart_primary_safe,P32_MANAGEMENT_MATRIX_200_REAL,artifacts/phases/P32_MANAGEMENT_MATRIX_200_REAL/management_operation_results.jsonl,rolling_restart_primary_safe,$.missing_fields[324],MISSING,No read outage was observed during controlled primary handoff.,copied_from_source_missing_encoding
200.management.rolling_restart_primary_safe,P32_MANAGEMENT_MATRIX_200_REAL,artifacts/phases/P32_MANAGEMENT_MATRIX_200_REAL/management_operation_results.jsonl,rolling_restart_primary_safe,$.missing_fields[325],MISSING,No write outage was observed during controlled primary handoff.,copied_from_source_missing_encoding
200.management.rolling_restart_primary_safe,P32_MANAGEMENT_MATRIX_200_REAL,artifacts/phases/P32_MANAGEMENT_MATRIX_200_REAL/management_operation_results.jsonl,rolling_restart_primary_safe,$.missing_fields[326],MISSING,No read outage was observed during controlled primary handoff.,copied_from_source_missing_encoding
200.management.rolling_restart_primary_safe,P32_MANAGEMENT_MATRIX_200_REAL,artifacts/phases/P32_MANAGEMENT_MATRIX_200_REAL/management_operation_results.jsonl,rolling_restart_primary_safe,$.missing_fields[327],MISSING,No write outage was observed during controlled primary handoff.,copied_from_source_missing_encoding
200.management.rolling_restart_primary_safe,P32_MANAGEMENT_MATRIX_200_REAL,artifacts/phases/P32_MANAGEMENT_MATRIX_200_REAL/management_operation_results.jsonl,rolling_restart_primary_safe,$.missing_fields[328],MISSING,No read outage was observed during controlled primary handoff.,copied_from_source_missing_encoding
200.management.rolling_restart_primary_safe,P32_MANAGEMENT_MATRIX_200_REAL,artifacts/phases/P32_MANAGEMENT_MATRIX_200_REAL/management_operation_results.jsonl,rolling_restart_primary_safe,$.missing_fields[329],MISSING,No write outage was observed during controlled primary handoff.,copied_from_source_missing_encoding
200.management.rolling_restart_primary_safe,P32_MANAGEMENT_MATRIX_200_REAL,artifacts/phases/P32_MANAGEMENT_MATRIX_200_REAL/management_operation_results.jsonl,rolling_restart_primary_safe,$.missing_fields[32],MISSING,No read outage was observed during controlled primary handoff.,copied_from_source_missing_encoding
200.management.rolling_restart_primary_safe,P32_MANAGEMENT_MATRIX_200_REAL,artifacts/phases/P32_MANAGEMENT_MATRIX_200_REAL/management_operation_results.jsonl,rolling_restart_primary_safe,$.missing_fields[330],MISSING,No read outage was observed during controlled primary handoff.,copied_from_source_missing_encoding
200.management.rolling_restart_primary_safe,P32_MANAGEMENT_MATRIX_200_REAL,artifacts/phases/P32_MANAGEMENT_MATRIX_200_REAL/management_operation_results.jsonl,rolling_restart_primary_safe,$.missing_fields[331],MISSING,No write outage was observed during controlled primary handoff.,copied_from_source_missing_encoding
200.management.rolling_restart_primary_safe,P32_MANAGEMENT_MATRIX_200_REAL,artifacts/phases/P32_MANAGEMENT_MATRIX_200_REAL/management_operation_results.jsonl,rolling_restart_primary_safe,$.missing_fields[332],MISSING,No read outage was observed during controlled primary handoff.,copied_from_source_missing_encoding
200.management.rolling_restart_primary_safe,P32_MANAGEMENT_MATRIX_200_REAL,artifacts/phases/P32_MANAGEMENT_MATRIX_200_REAL/management_operation_results.jsonl,rolling_restart_primary_safe,$.missing_fields[333],MISSING,No write outage was observed during controlled primary handoff.,copied_from_source_missing_encoding
200.management.rolling_restart_primary_safe,P32_MANAGEMENT_MATRIX_200_REAL,artifacts/phases/P32_MANAGEMENT_MATRIX_200_REAL/management_operation_results.jsonl,rolling_restart_primary_safe,$.missing_fields[334],MISSING,No read outage was observed during controlled primary handoff.,copied_from_source_missing_encoding
200.management.rolling_restart_primary_safe,P32_MANAGEMENT_MATRIX_200_REAL,artifacts/phases/P32_MANAGEMENT_MATRIX_200_REAL/management_operation_results.jsonl,rolling_restart_primary_safe,$.missing_fields[335],MISSING,No write outage was observed during controlled primary handoff.,copied_from_source_missing_encoding
200.management.rolling_restart_primary_safe,P32_MANAGEMENT_MATRIX_200_REAL,artifacts/phases/P32_MANAGEMENT_MATRIX_200_REAL/management_operation_results.jsonl,rolling_restart_primary_safe,$.missing_fields[336],MISSING,No read outage was observed during controlled primary handoff.,copied_from_source_missing_encoding
200.management.rolling_restart_primary_safe,P32_MANAGEMENT_MATRIX_200_REAL,artifacts/phases/P32_MANAGEMENT_MATRIX_200_REAL/management_operation_results.jsonl,rolling_restart_primary_safe,$.missing_fields[337],MISSING,No write outage was observed during controlled primary handoff.,copied_from_source_missing_encoding
200.management.rolling_restart_primary_safe,P32_MANAGEMENT_MATRIX_200_REAL,artifacts/phases/P32_MANAGEMENT_MATRIX_200_REAL/management_operation_results.jsonl,rolling_restart_primary_safe,$.missing_fields[338],MISSING,No read outage was observed during controlled primary handoff.,copied_from_source_missing_encoding
200.management.rolling_restart_primary_safe,P32_MANAGEMENT_MATRIX_200_REAL,artifacts/phases/P32_MANAGEMENT_MATRIX_200_REAL/management_operation_results.jsonl,rolling_restart_primary_safe,$.missing_fields[339],MISSING,No write outage was observed during controlled primary handoff.,copied_from_source_missing_encoding
200.management.rolling_restart_primary_safe,P32_MANAGEMENT_MATRIX_200_REAL,artifacts/phases/P32_MANAGEMENT_MATRIX_200_REAL/management_operation_results.jsonl,rolling_restart_primary_safe,$.missing_fields[33],MISSING,No write outage was observed during controlled primary handoff.,copied_from_source_missing_encoding
200.management.rolling_restart_primary_safe,P32_MANAGEMENT_MATRIX_200_REAL,artifacts/phases/P32_MANAGEMENT_MATRIX_200_REAL/management_operation_results.jsonl,rolling_restart_primary_safe,$.missing_fields[340],MISSING,No read outage was observed during controlled primary handoff.,copied_from_source_missing_encoding
200.management.rolling_restart_primary_safe,P32_MANAGEMENT_MATRIX_200_REAL,artifacts/phases/P32_MANAGEMENT_MATRIX_200_REAL/management_operation_results.jsonl,rolling_restart_primary_safe,$.missing_fields[341],MISSING,No write outage was observed during controlled primary handoff.,copied_from_source_missing_encoding
200.management.rolling_restart_primary_safe,P32_MANAGEMENT_MATRIX_200_REAL,artifacts/phases/P32_MANAGEMENT_MATRIX_200_REAL/management_operation_results.jsonl,rolling_restart_primary_safe,$.missing_fields[342],MISSING,No read outage was observed during controlled primary handoff.,copied_from_source_missing_encoding
200.management.rolling_restart_primary_safe,P32_MANAGEMENT_MATRIX_200_REAL,artifacts/phases/P32_MANAGEMENT_MATRIX_200_REAL/management_operation_results.jsonl,rolling_restart_primary_safe,$.missing_fields[343],MISSING,No write outage was observed during controlled primary handoff.,copied_from_source_missing_encoding
200.management.rolling_restart_primary_safe,P32_MANAGEMENT_MATRIX_200_REAL,artifacts/phases/P32_MANAGEMENT_MATRIX_200_REAL/management_operation_results.jsonl,rolling_restart_primary_safe,$.missing_fields[344],MISSING,No read outage was observed during controlled primary handoff.,copied_from_source_missing_encoding
200.management.rolling_restart_primary_safe,P32_MANAGEMENT_MATRIX_200_REAL,artifacts/phases/P32_MANAGEMENT_MATRIX_200_REAL/management_operation_results.jsonl,rolling_restart_primary_safe,$.missing_fields[345],MISSING,No write outage was observed during controlled primary handoff.,copied_from_source_missing_encoding
200.management.rolling_restart_primary_safe,P32_MANAGEMENT_MATRIX_200_REAL,artifacts/phases/P32_MANAGEMENT_MATRIX_200_REAL/management_operation_results.jsonl,rolling_restart_primary_safe,$.missing_fields[346],MISSING,No read outage was observed during controlled primary handoff.,copied_from_source_missing_encoding
200.management.rolling_restart_primary_safe,P32_MANAGEMENT_MATRIX_200_REAL,artifacts/phases/P32_MANAGEMENT_MATRIX_200_REAL/management_operation_results.jsonl,rolling_restart_primary_safe,$.missing_fields[347],MISSING,No write outage was observed during controlled primary handoff.,copied_from_source_missing_encoding
200.management.rolling_restart_primary_safe,P32_MANAGEMENT_MATRIX_200_REAL,artifacts/phases/P32_MANAGEMENT_MATRIX_200_REAL/management_operation_results.jsonl,rolling_restart_primary_safe,$.missing_fields[348],MISSING,No read outage was observed during controlled primary handoff.,copied_from_source_missing_encoding
200.management.rolling_restart_primary_safe,P32_MANAGEMENT_MATRIX_200_REAL,artifacts/phases/P32_MANAGEMENT_MATRIX_200_REAL/management_operation_results.jsonl,rolling_restart_primary_safe,$.missing_fields[349],MISSING,No write outage was observed during controlled primary handoff.,copied_from_source_missing_encoding
200.management.rolling_restart_primary_safe,P32_MANAGEMENT_MATRIX_200_REAL,artifacts/phases/P32_MANAGEMENT_MATRIX_200_REAL/management_operation_results.jsonl,rolling_restart_primary_safe,$.missing_fields[34],MISSING,No read outage was observed during controlled primary handoff.,copied_from_source_missing_encoding
200.management.rolling_restart_primary_safe,P32_MANAGEMENT_MATRIX_200_REAL,artifacts/phases/P32_MANAGEMENT_MATRIX_200_REAL/management_operation_results.jsonl,rolling_restart_primary_safe,$.missing_fields[350],MISSING,No read outage was observed during controlled primary handoff.,copied_from_source_missing_encoding
200.management.rolling_restart_primary_safe,P32_MANAGEMENT_MATRIX_200_REAL,artifacts/phases/P32_MANAGEMENT_MATRIX_200_REAL/management_operation_results.jsonl,rolling_restart_primary_safe,$.missing_fields[351],MISSING,No write outage was observed during controlled primary handoff.,copied_from_source_missing_encoding
200.management.rolling_restart_primary_safe,P32_MANAGEMENT_MATRIX_200_REAL,artifacts/phases/P32_MANAGEMENT_MATRIX_200_REAL/management_operation_results.jsonl,rolling_restart_primary_safe,$.missing_fields[352],MISSING,No read outage was observed during controlled primary handoff.,copied_from_source_missing_encoding
200.management.rolling_restart_primary_safe,P32_MANAGEMENT_MATRIX_200_REAL,artifacts/phases/P32_MANAGEMENT_MATRIX_200_REAL/management_operation_results.jsonl,rolling_restart_primary_safe,$.missing_fields[353],MISSING,No write outage was observed during controlled primary handoff.,copied_from_source_missing_encoding
200.management.rolling_restart_primary_safe,P32_MANAGEMENT_MATRIX_200_REAL,artifacts/phases/P32_MANAGEMENT_MATRIX_200_REAL/management_operation_results.jsonl,rolling_restart_primary_safe,$.missing_fields[354],MISSING,No read outage was observed during controlled primary handoff.,copied_from_source_missing_encoding
200.management.rolling_restart_primary_safe,P32_MANAGEMENT_MATRIX_200_REAL,artifacts/phases/P32_MANAGEMENT_MATRIX_200_REAL/management_operation_results.jsonl,rolling_restart_primary_safe,$.missing_fields[355],MISSING,No write outage was observed during controlled primary handoff.,copied_from_source_missing_encoding
200.management.rolling_restart_primary_safe,P32_MANAGEMENT_MATRIX_200_REAL,artifacts/phases/P32_MANAGEMENT_MATRIX_200_REAL/management_operation_results.jsonl,rolling_restart_primary_safe,$.missing_fields[356],MISSING,No read outage was observed during controlled primary handoff.,copied_from_source_missing_encoding
200.management.rolling_restart_primary_safe,P32_MANAGEMENT_MATRIX_200_REAL,artifacts/phases/P32_MANAGEMENT_MATRIX_200_REAL/management_operation_results.jsonl,rolling_restart_primary_safe,$.missing_fields[357],MISSING,No write outage was observed during controlled primary handoff.,copied_from_source_missing_encoding
200.management.rolling_restart_primary_safe,P32_MANAGEMENT_MATRIX_200_REAL,artifacts/phases/P32_MANAGEMENT_MATRIX_200_REAL/management_operation_results.jsonl,rolling_restart_primary_safe,$.missing_fields[358],MISSING,No read outage was observed during controlled primary handoff.,copied_from_source_missing_encoding
200.management.rolling_restart_primary_safe,P32_MANAGEMENT_MATRIX_200_REAL,artifacts/phases/P32_MANAGEMENT_MATRIX_200_REAL/management_operation_results.jsonl,rolling_restart_primary_safe,$.missing_fields[359],MISSING,No write outage was observed during controlled primary handoff.,copied_from_source_missing_encoding
200.management.rolling_restart_primary_safe,P32_MANAGEMENT_MATRIX_200_REAL,artifacts/phases/P32_MANAGEMENT_MATRIX_200_REAL/management_operation_results.jsonl,rolling_restart_primary_safe,$.missing_fields[35],MISSING,No write outage was observed during controlled primary handoff.,copied_from_source_missing_encoding
200.management.rolling_restart_primary_safe,P32_MANAGEMENT_MATRIX_200_REAL,artifacts/phases/P32_MANAGEMENT_MATRIX_200_REAL/management_operation_results.jsonl,rolling_restart_primary_safe,$.missing_fields[360],MISSING,No read outage was observed during controlled primary handoff.,copied_from_source_missing_encoding
200.management.rolling_restart_primary_safe,P32_MANAGEMENT_MATRIX_200_REAL,artifacts/phases/P32_MANAGEMENT_MATRIX_200_REAL/management_operation_results.jsonl,rolling_restart_primary_safe,$.missing_fields[361],MISSING,No write outage was observed during controlled primary handoff.,copied_from_source_missing_encoding
200.management.rolling_restart_primary_safe,P32_MANAGEMENT_MATRIX_200_REAL,artifacts/phases/P32_MANAGEMENT_MATRIX_200_REAL/management_operation_results.jsonl,rolling_restart_primary_safe,$.missing_fields[362],MISSING,No read outage was observed during controlled primary handoff.,copied_from_source_missing_encoding
200.management.rolling_restart_primary_safe,P32_MANAGEMENT_MATRIX_200_REAL,artifacts/phases/P32_MANAGEMENT_MATRIX_200_REAL/management_operation_results.jsonl,rolling_restart_primary_safe,$.missing_fields[363],MISSING,No write outage was observed during controlled primary handoff.,copied_from_source_missing_encoding
200.management.rolling_restart_primary_safe,P32_MANAGEMENT_MATRIX_200_REAL,artifacts/phases/P32_MANAGEMENT_MATRIX_200_REAL/management_operation_results.jsonl,rolling_restart_primary_safe,$.missing_fields[364],MISSING,No read outage was observed during controlled primary handoff.,copied_from_source_missing_encoding
200.management.rolling_restart_primary_safe,P32_MANAGEMENT_MATRIX_200_REAL,artifacts/phases/P32_MANAGEMENT_MATRIX_200_REAL/management_operation_results.jsonl,rolling_restart_primary_safe,$.missing_fields[365],MISSING,No write outage was observed during controlled primary handoff.,copied_from_source_missing_encoding
200.management.rolling_restart_primary_safe,P32_MANAGEMENT_MATRIX_200_REAL,artifacts/phases/P32_MANAGEMENT_MATRIX_200_REAL/management_operation_results.jsonl,rolling_restart_primary_safe,$.missing_fields[366],MISSING,No read outage was observed during controlled primary handoff.,copied_from_source_missing_encoding
200.management.rolling_restart_primary_safe,P32_MANAGEMENT_MATRIX_200_REAL,artifacts/phases/P32_MANAGEMENT_MATRIX_200_REAL/management_operation_results.jsonl,rolling_restart_primary_safe,$.missing_fields[367],MISSING,No write outage was observed during controlled primary handoff.,copied_from_source_missing_encoding
200.management.rolling_restart_primary_safe,P32_MANAGEMENT_MATRIX_200_REAL,artifacts/phases/P32_MANAGEMENT_MATRIX_200_REAL/management_operation_results.jsonl,rolling_restart_primary_safe,$.missing_fields[368],MISSING,No read outage was observed during controlled primary handoff.,copied_from_source_missing_encoding
200.management.rolling_restart_primary_safe,P32_MANAGEMENT_MATRIX_200_REAL,artifacts/phases/P32_MANAGEMENT_MATRIX_200_REAL/management_operation_results.jsonl,rolling_restart_primary_safe,$.missing_fields[369],MISSING,No write outage was observed during controlled primary handoff.,copied_from_source_missing_encoding
200.management.rolling_restart_primary_safe,P32_MANAGEMENT_MATRIX_200_REAL,artifacts/phases/P32_MANAGEMENT_MATRIX_200_REAL/management_operation_results.jsonl,rolling_restart_primary_safe,$.missing_fields[36],MISSING,No read outage was observed during controlled primary handoff.,copied_from_source_missing_encoding
200.management.rolling_restart_primary_safe,P32_MANAGEMENT_MATRIX_200_REAL,artifacts/phases/P32_MANAGEMENT_MATRIX_200_REAL/management_operation_results.jsonl,rolling_restart_primary_safe,$.missing_fields[370],MISSING,No read outage was observed during controlled primary handoff.,copied_from_source_missing_encoding
200.management.rolling_restart_primary_safe,P32_MANAGEMENT_MATRIX_200_REAL,artifacts/phases/P32_MANAGEMENT_MATRIX_200_REAL/management_operation_results.jsonl,rolling_restart_primary_safe,$.missing_fields[371],MISSING,No write outage was observed during controlled primary handoff.,copied_from_source_missing_encoding
200.management.rolling_restart_primary_safe,P32_MANAGEMENT_MATRIX_200_REAL,artifacts/phases/P32_MANAGEMENT_MATRIX_200_REAL/management_operation_results.jsonl,rolling_restart_primary_safe,$.missing_fields[372],MISSING,No read outage was observed during controlled primary handoff.,copied_from_source_missing_encoding
200.management.rolling_restart_primary_safe,P32_MANAGEMENT_MATRIX_200_REAL,artifacts/phases/P32_MANAGEMENT_MATRIX_200_REAL/management_operation_results.jsonl,rolling_restart_primary_safe,$.missing_fields[373],MISSING,No write outage was observed during controlled primary handoff.,copied_from_source_missing_encoding
200.management.rolling_restart_primary_safe,P32_MANAGEMENT_MATRIX_200_REAL,artifacts/phases/P32_MANAGEMENT_MATRIX_200_REAL/management_operation_results.jsonl,rolling_restart_primary_safe,$.missing_fields[374],MISSING,No read outage was observed during controlled primary handoff.,copied_from_source_missing_encoding
200.management.rolling_restart_primary_safe,P32_MANAGEMENT_MATRIX_200_REAL,artifacts/phases/P32_MANAGEMENT_MATRIX_200_REAL/management_operation_results.jsonl,rolling_restart_primary_safe,$.missing_fields[375],MISSING,No write outage was observed during controlled primary handoff.,copied_from_source_missing_encoding
200.management.rolling_restart_primary_safe,P32_MANAGEMENT_MATRIX_200_REAL,artifacts/phases/P32_MANAGEMENT_MATRIX_200_REAL/management_operation_results.jsonl,rolling_restart_primary_safe,$.missing_fields[376],MISSING,No read outage was observed during controlled primary handoff.,copied_from_source_missing_encoding
200.management.rolling_restart_primary_safe,P32_MANAGEMENT_MATRIX_200_REAL,artifacts/phases/P32_MANAGEMENT_MATRIX_200_REAL/management_operation_results.jsonl,rolling_restart_primary_safe,$.missing_fields[377],MISSING,No write outage was observed during controlled primary handoff.,copied_from_source_missing_encoding
200.management.rolling_restart_primary_safe,P32_MANAGEMENT_MATRIX_200_REAL,artifacts/phases/P32_MANAGEMENT_MATRIX_200_REAL/management_operation_results.jsonl,rolling_restart_primary_safe,$.missing_fields[378],MISSING,No read outage was observed during controlled primary handoff.,copied_from_source_missing_encoding
200.management.rolling_restart_primary_safe,P32_MANAGEMENT_MATRIX_200_REAL,artifacts/phases/P32_MANAGEMENT_MATRIX_200_REAL/management_operation_results.jsonl,rolling_restart_primary_safe,$.missing_fields[379],MISSING,No write outage was observed during controlled primary handoff.,copied_from_source_missing_encoding
200.management.rolling_restart_primary_safe,P32_MANAGEMENT_MATRIX_200_REAL,artifacts/phases/P32_MANAGEMENT_MATRIX_200_REAL/management_operation_results.jsonl,rolling_restart_primary_safe,$.missing_fields[37],MISSING,No write outage was observed during controlled primary handoff.,copied_from_source_missing_encoding
200.management.rolling_restart_primary_safe,P32_MANAGEMENT_MATRIX_200_REAL,artifacts/phases/P32_MANAGEMENT_MATRIX_200_REAL/management_operation_results.jsonl,rolling_restart_primary_safe,$.missing_fields[380],MISSING,No read outage was observed during controlled primary handoff.,copied_from_source_missing_encoding
200.management.rolling_restart_primary_safe,P32_MANAGEMENT_MATRIX_200_REAL,artifacts/phases/P32_MANAGEMENT_MATRIX_200_REAL/management_operation_results.jsonl,rolling_restart_primary_safe,$.missing_fields[381],MISSING,No write outage was observed during controlled primary handoff.,copied_from_source_missing_encoding
200.management.rolling_restart_primary_safe,P32_MANAGEMENT_MATRIX_200_REAL,artifacts/phases/P32_MANAGEMENT_MATRIX_200_REAL/management_operation_results.jsonl,rolling_restart_primary_safe,$.missing_fields[382],MISSING,No read outage was observed during controlled primary handoff.,copied_from_source_missing_encoding
200.management.rolling_restart_primary_safe,P32_MANAGEMENT_MATRIX_200_REAL,artifacts/phases/P32_MANAGEMENT_MATRIX_200_REAL/management_operation_results.jsonl,rolling_restart_primary_safe,$.missing_fields[383],MISSING,No write outage was observed during controlled primary handoff.,copied_from_source_missing_encoding
200.management.rolling_restart_primary_safe,P32_MANAGEMENT_MATRIX_200_REAL,artifacts/phases/P32_MANAGEMENT_MATRIX_200_REAL/management_operation_results.jsonl,rolling_restart_primary_safe,$.missing_fields[384],MISSING,No read outage was observed during controlled primary handoff.,copied_from_source_missing_encoding
200.management.rolling_restart_primary_safe,P32_MANAGEMENT_MATRIX_200_REAL,artifacts/phases/P32_MANAGEMENT_MATRIX_200_REAL/management_operation_results.jsonl,rolling_restart_primary_safe,$.missing_fields[385],MISSING,No write outage was observed during controlled primary handoff.,copied_from_source_missing_encoding
200.management.rolling_restart_primary_safe,P32_MANAGEMENT_MATRIX_200_REAL,artifacts/phases/P32_MANAGEMENT_MATRIX_200_REAL/management_operation_results.jsonl,rolling_restart_primary_safe,$.missing_fields[386],MISSING,No read outage was observed during controlled primary handoff.,copied_from_source_missing_encoding
200.management.rolling_restart_primary_safe,P32_MANAGEMENT_MATRIX_200_REAL,artifacts/phases/P32_MANAGEMENT_MATRIX_200_REAL/management_operation_results.jsonl,rolling_restart_primary_safe,$.missing_fields[387],MISSING,No write outage was observed during controlled primary handoff.,copied_from_source_missing_encoding
200.management.rolling_restart_primary_safe,P32_MANAGEMENT_MATRIX_200_REAL,artifacts/phases/P32_MANAGEMENT_MATRIX_200_REAL/management_operation_results.jsonl,rolling_restart_primary_safe,$.missing_fields[388],MISSING,No read outage was observed during controlled primary handoff.,copied_from_source_missing_encoding
200.management.rolling_restart_primary_safe,P32_MANAGEMENT_MATRIX_200_REAL,artifacts/phases/P32_MANAGEMENT_MATRIX_200_REAL/management_operation_results.jsonl,rolling_restart_primary_safe,$.missing_fields[389],MISSING,No write outage was observed during controlled primary handoff.,copied_from_source_missing_encoding
200.management.rolling_restart_primary_safe,P32_MANAGEMENT_MATRIX_200_REAL,artifacts/phases/P32_MANAGEMENT_MATRIX_200_REAL/management_operation_results.jsonl,rolling_restart_primary_safe,$.missing_fields[38],MISSING,No read outage was observed during controlled primary handoff.,copied_from_source_missing_encoding
200.management.rolling_restart_primary_safe,P32_MANAGEMENT_MATRIX_200_REAL,artifacts/phases/P32_MANAGEMENT_MATRIX_200_REAL/management_operation_results.jsonl,rolling_restart_primary_safe,$.missing_fields[390],MISSING,No read outage was observed during controlled primary handoff.,copied_from_source_missing_encoding
200.management.rolling_restart_primary_safe,P32_MANAGEMENT_MATRIX_200_REAL,artifacts/phases/P32_MANAGEMENT_MATRIX_200_REAL/management_operation_results.jsonl,rolling_restart_primary_safe,$.missing_fields[391],MISSING,No write outage was observed during controlled primary handoff.,copied_from_source_missing_encoding
200.management.rolling_restart_primary_safe,P32_MANAGEMENT_MATRIX_200_REAL,artifacts/phases/P32_MANAGEMENT_MATRIX_200_REAL/management_operation_results.jsonl,rolling_restart_primary_safe,$.missing_fields[392],MISSING,No read outage was observed during controlled primary handoff.,copied_from_source_missing_encoding
200.management.rolling_restart_primary_safe,P32_MANAGEMENT_MATRIX_200_REAL,artifacts/phases/P32_MANAGEMENT_MATRIX_200_REAL/management_operation_results.jsonl,rolling_restart_primary_safe,$.missing_fields[393],MISSING,No write outage was observed during controlled primary handoff.,copied_from_source_missing_encoding
200.management.rolling_restart_primary_safe,P32_MANAGEMENT_MATRIX_200_REAL,artifacts/phases/P32_MANAGEMENT_MATRIX_200_REAL/management_operation_results.jsonl,rolling_restart_primary_safe,$.missing_fields[394],MISSING,No read outage was observed during controlled primary handoff.,copied_from_source_missing_encoding
200.management.rolling_restart_primary_safe,P32_MANAGEMENT_MATRIX_200_REAL,artifacts/phases/P32_MANAGEMENT_MATRIX_200_REAL/management_operation_results.jsonl,rolling_restart_primary_safe,$.missing_fields[395],MISSING,No write outage was observed during controlled primary handoff.,copied_from_source_missing_encoding
200.management.rolling_restart_primary_safe,P32_MANAGEMENT_MATRIX_200_REAL,artifacts/phases/P32_MANAGEMENT_MATRIX_200_REAL/management_operation_results.jsonl,rolling_restart_primary_safe,$.missing_fields[396],MISSING,No read outage was observed during controlled primary handoff.,copied_from_source_missing_encoding
200.management.rolling_restart_primary_safe,P32_MANAGEMENT_MATRIX_200_REAL,artifacts/phases/P32_MANAGEMENT_MATRIX_200_REAL/management_operation_results.jsonl,rolling_restart_primary_safe,$.missing_fields[397],MISSING,No write outage was observed during controlled primary handoff.,copied_from_source_missing_encoding
200.management.rolling_restart_primary_safe,P32_MANAGEMENT_MATRIX_200_REAL,artifacts/phases/P32_MANAGEMENT_MATRIX_200_REAL/management_operation_results.jsonl,rolling_restart_primary_safe,$.missing_fields[398],MISSING,No read outage was observed during controlled primary handoff.,copied_from_source_missing_encoding
200.management.rolling_restart_primary_safe,P32_MANAGEMENT_MATRIX_200_REAL,artifacts/phases/P32_MANAGEMENT_MATRIX_200_REAL/management_operation_results.jsonl,rolling_restart_primary_safe,$.missing_fields[399],MISSING,No write outage was observed during controlled primary handoff.,copied_from_source_missing_encoding
200.management.rolling_restart_primary_safe,P32_MANAGEMENT_MATRIX_200_REAL,artifacts/phases/P32_MANAGEMENT_MATRIX_200_REAL/management_operation_results.jsonl,rolling_restart_primary_safe,$.missing_fields[39],MISSING,No write outage was observed during controlled primary handoff.,copied_from_source_missing_encoding
200.management.rolling_restart_primary_safe,P32_MANAGEMENT_MATRIX_200_REAL,artifacts/phases/P32_MANAGEMENT_MATRIX_200_REAL/management_operation_results.jsonl,rolling_restart_primary_safe,$.missing_fields[3],MISSING,No write outage was observed during controlled primary handoff.,copied_from_source_missing_encoding
200.management.rolling_restart_primary_safe,P32_MANAGEMENT_MATRIX_200_REAL,artifacts/phases/P32_MANAGEMENT_MATRIX_200_REAL/management_operation_results.jsonl,rolling_restart_primary_safe,$.missing_fields[40],MISSING,No read outage was observed during controlled primary handoff.,copied_from_source_missing_encoding
200.management.rolling_restart_primary_safe,P32_MANAGEMENT_MATRIX_200_REAL,artifacts/phases/P32_MANAGEMENT_MATRIX_200_REAL/management_operation_results.jsonl,rolling_restart_primary_safe,$.missing_fields[41],MISSING,No write outage was observed during controlled primary handoff.,copied_from_source_missing_encoding
200.management.rolling_restart_primary_safe,P32_MANAGEMENT_MATRIX_200_REAL,artifacts/phases/P32_MANAGEMENT_MATRIX_200_REAL/management_operation_results.jsonl,rolling_restart_primary_safe,$.missing_fields[42],MISSING,No read outage was observed during controlled primary handoff.,copied_from_source_missing_encoding
200.management.rolling_restart_primary_safe,P32_MANAGEMENT_MATRIX_200_REAL,artifacts/phases/P32_MANAGEMENT_MATRIX_200_REAL/management_operation_results.jsonl,rolling_restart_primary_safe,$.missing_fields[43],MISSING,No write outage was observed during controlled primary handoff.,copied_from_source_missing_encoding
200.management.rolling_restart_primary_safe,P32_MANAGEMENT_MATRIX_200_REAL,artifacts/phases/P32_MANAGEMENT_MATRIX_200_REAL/management_operation_results.jsonl,rolling_restart_primary_safe,$.missing_fields[44],MISSING,No read outage was observed during controlled primary handoff.,copied_from_source_missing_encoding
200.management.rolling_restart_primary_safe,P32_MANAGEMENT_MATRIX_200_REAL,artifacts/phases/P32_MANAGEMENT_MATRIX_200_REAL/management_operation_results.jsonl,rolling_restart_primary_safe,$.missing_fields[45],MISSING,No write outage was observed during controlled primary handoff.,copied_from_source_missing_encoding
200.management.rolling_restart_primary_safe,P32_MANAGEMENT_MATRIX_200_REAL,artifacts/phases/P32_MANAGEMENT_MATRIX_200_REAL/management_operation_results.jsonl,rolling_restart_primary_safe,$.missing_fields[46],MISSING,No read outage was observed during controlled primary handoff.,copied_from_source_missing_encoding
200.management.rolling_restart_primary_safe,P32_MANAGEMENT_MATRIX_200_REAL,artifacts/phases/P32_MANAGEMENT_MATRIX_200_REAL/management_operation_results.jsonl,rolling_restart_primary_safe,$.missing_fields[47],MISSING,No write outage was observed during controlled primary handoff.,copied_from_source_missing_encoding
200.management.rolling_restart_primary_safe,P32_MANAGEMENT_MATRIX_200_REAL,artifacts/phases/P32_MANAGEMENT_MATRIX_200_REAL/management_operation_results.jsonl,rolling_restart_primary_safe,$.missing_fields[48],MISSING,No read outage was observed during controlled primary handoff.,copied_from_source_missing_encoding
200.management.rolling_restart_primary_safe,P32_MANAGEMENT_MATRIX_200_REAL,artifacts/phases/P32_MANAGEMENT_MATRIX_200_REAL/management_operation_results.jsonl,rolling_restart_primary_safe,$.missing_fields[49],MISSING,No write outage was observed during controlled primary handoff.,copied_from_source_missing_encoding
200.management.rolling_restart_primary_safe,P32_MANAGEMENT_MATRIX_200_REAL,artifacts/phases/P32_MANAGEMENT_MATRIX_200_REAL/management_operation_results.jsonl,rolling_restart_primary_safe,$.missing_fields[4],MISSING,No read outage was observed during controlled primary handoff.,copied_from_source_missing_encoding
200.management.rolling_restart_primary_safe,P32_MANAGEMENT_MATRIX_200_REAL,artifacts/phases/P32_MANAGEMENT_MATRIX_200_REAL/management_operation_results.jsonl,rolling_restart_primary_safe,$.missing_fields[50],MISSING,No read outage was observed during controlled primary handoff.,copied_from_source_missing_encoding
200.management.rolling_restart_primary_safe,P32_MANAGEMENT_MATRIX_200_REAL,artifacts/phases/P32_MANAGEMENT_MATRIX_200_REAL/management_operation_results.jsonl,rolling_restart_primary_safe,$.missing_fields[51],MISSING,No write outage was observed during controlled primary handoff.,copied_from_source_missing_encoding
200.management.rolling_restart_primary_safe,P32_MANAGEMENT_MATRIX_200_REAL,artifacts/phases/P32_MANAGEMENT_MATRIX_200_REAL/management_operation_results.jsonl,rolling_restart_primary_safe,$.missing_fields[52],MISSING,No read outage was observed during controlled primary handoff.,copied_from_source_missing_encoding
200.management.rolling_restart_primary_safe,P32_MANAGEMENT_MATRIX_200_REAL,artifacts/phases/P32_MANAGEMENT_MATRIX_200_REAL/management_operation_results.jsonl,rolling_restart_primary_safe,$.missing_fields[53],MISSING,No write outage was observed during controlled primary handoff.,copied_from_source_missing_encoding
200.management.rolling_restart_primary_safe,P32_MANAGEMENT_MATRIX_200_REAL,artifacts/phases/P32_MANAGEMENT_MATRIX_200_REAL/management_operation_results.jsonl,rolling_restart_primary_safe,$.missing_fields[54],MISSING,No read outage was observed during controlled primary handoff.,copied_from_source_missing_encoding
200.management.rolling_restart_primary_safe,P32_MANAGEMENT_MATRIX_200_REAL,artifacts/phases/P32_MANAGEMENT_MATRIX_200_REAL/management_operation_results.jsonl,rolling_restart_primary_safe,$.missing_fields[55],MISSING,No write outage was observed during controlled primary handoff.,copied_from_source_missing_encoding
200.management.rolling_restart_primary_safe,P32_MANAGEMENT_MATRIX_200_REAL,artifacts/phases/P32_MANAGEMENT_MATRIX_200_REAL/management_operation_results.jsonl,rolling_restart_primary_safe,$.missing_fields[56],MISSING,No read outage was observed during controlled primary handoff.,copied_from_source_missing_encoding
200.management.rolling_restart_primary_safe,P32_MANAGEMENT_MATRIX_200_REAL,artifacts/phases/P32_MANAGEMENT_MATRIX_200_REAL/management_operation_results.jsonl,rolling_restart_primary_safe,$.missing_fields[57],MISSING,No write outage was observed during controlled primary handoff.,copied_from_source_missing_encoding
200.management.rolling_restart_primary_safe,P32_MANAGEMENT_MATRIX_200_REAL,artifacts/phases/P32_MANAGEMENT_MATRIX_200_REAL/management_operation_results.jsonl,rolling_restart_primary_safe,$.missing_fields[58],MISSING,No read outage was observed during controlled primary handoff.,copied_from_source_missing_encoding
200.management.rolling_restart_primary_safe,P32_MANAGEMENT_MATRIX_200_REAL,artifacts/phases/P32_MANAGEMENT_MATRIX_200_REAL/management_operation_results.jsonl,rolling_restart_primary_safe,$.missing_fields[59],MISSING,No write outage was observed during controlled primary handoff.,copied_from_source_missing_encoding
200.management.rolling_restart_primary_safe,P32_MANAGEMENT_MATRIX_200_REAL,artifacts/phases/P32_MANAGEMENT_MATRIX_200_REAL/management_operation_results.jsonl,rolling_restart_primary_safe,$.missing_fields[5],MISSING,No write outage was observed during controlled primary handoff.,copied_from_source_missing_encoding
200.management.rolling_restart_primary_safe,P32_MANAGEMENT_MATRIX_200_REAL,artifacts/phases/P32_MANAGEMENT_MATRIX_200_REAL/management_operation_results.jsonl,rolling_restart_primary_safe,$.missing_fields[60],MISSING,No read outage was observed during controlled primary handoff.,copied_from_source_missing_encoding
200.management.rolling_restart_primary_safe,P32_MANAGEMENT_MATRIX_200_REAL,artifacts/phases/P32_MANAGEMENT_MATRIX_200_REAL/management_operation_results.jsonl,rolling_restart_primary_safe,$.missing_fields[61],MISSING,No write outage was observed during controlled primary handoff.,copied_from_source_missing_encoding
200.management.rolling_restart_primary_safe,P32_MANAGEMENT_MATRIX_200_REAL,artifacts/phases/P32_MANAGEMENT_MATRIX_200_REAL/management_operation_results.jsonl,rolling_restart_primary_safe,$.missing_fields[62],MISSING,No read outage was observed during controlled primary handoff.,copied_from_source_missing_encoding
200.management.rolling_restart_primary_safe,P32_MANAGEMENT_MATRIX_200_REAL,artifacts/phases/P32_MANAGEMENT_MATRIX_200_REAL/management_operation_results.jsonl,rolling_restart_primary_safe,$.missing_fields[63],MISSING,No write outage was observed during controlled primary handoff.,copied_from_source_missing_encoding
200.management.rolling_restart_primary_safe,P32_MANAGEMENT_MATRIX_200_REAL,artifacts/phases/P32_MANAGEMENT_MATRIX_200_REAL/management_operation_results.jsonl,rolling_restart_primary_safe,$.missing_fields[64],MISSING,No read outage was observed during controlled primary handoff.,copied_from_source_missing_encoding
200.management.rolling_restart_primary_safe,P32_MANAGEMENT_MATRIX_200_REAL,artifacts/phases/P32_MANAGEMENT_MATRIX_200_REAL/management_operation_results.jsonl,rolling_restart_primary_safe,$.missing_fields[65],MISSING,No write outage was observed during controlled primary handoff.,copied_from_source_missing_encoding
200.management.rolling_restart_primary_safe,P32_MANAGEMENT_MATRIX_200_REAL,artifacts/phases/P32_MANAGEMENT_MATRIX_200_REAL/management_operation_results.jsonl,rolling_restart_primary_safe,$.missing_fields[66],MISSING,No read outage was observed during controlled primary handoff.,copied_from_source_missing_encoding
200.management.rolling_restart_primary_safe,P32_MANAGEMENT_MATRIX_200_REAL,artifacts/phases/P32_MANAGEMENT_MATRIX_200_REAL/management_operation_results.jsonl,rolling_restart_primary_safe,$.missing_fields[67],MISSING,No write outage was observed during controlled primary handoff.,copied_from_source_missing_encoding
200.management.rolling_restart_primary_safe,P32_MANAGEMENT_MATRIX_200_REAL,artifacts/phases/P32_MANAGEMENT_MATRIX_200_REAL/management_operation_results.jsonl,rolling_restart_primary_safe,$.missing_fields[68],MISSING,No read outage was observed during controlled primary handoff.,copied_from_source_missing_encoding
200.management.rolling_restart_primary_safe,P32_MANAGEMENT_MATRIX_200_REAL,artifacts/phases/P32_MANAGEMENT_MATRIX_200_REAL/management_operation_results.jsonl,rolling_restart_primary_safe,$.missing_fields[69],MISSING,No write outage was observed during controlled primary handoff.,copied_from_source_missing_encoding
200.management.rolling_restart_primary_safe,P32_MANAGEMENT_MATRIX_200_REAL,artifacts/phases/P32_MANAGEMENT_MATRIX_200_REAL/management_operation_results.jsonl,rolling_restart_primary_safe,$.missing_fields[6],MISSING,No read outage was observed during controlled primary handoff.,copied_from_source_missing_encoding
200.management.rolling_restart_primary_safe,P32_MANAGEMENT_MATRIX_200_REAL,artifacts/phases/P32_MANAGEMENT_MATRIX_200_REAL/management_operation_results.jsonl,rolling_restart_primary_safe,$.missing_fields[70],MISSING,No read outage was observed during controlled primary handoff.,copied_from_source_missing_encoding
200.management.rolling_restart_primary_safe,P32_MANAGEMENT_MATRIX_200_REAL,artifacts/phases/P32_MANAGEMENT_MATRIX_200_REAL/management_operation_results.jsonl,rolling_restart_primary_safe,$.missing_fields[71],MISSING,No write outage was observed during controlled primary handoff.,copied_from_source_missing_encoding
200.management.rolling_restart_primary_safe,P32_MANAGEMENT_MATRIX_200_REAL,artifacts/phases/P32_MANAGEMENT_MATRIX_200_REAL/management_operation_results.jsonl,rolling_restart_primary_safe,$.missing_fields[72],MISSING,No read outage was observed during controlled primary handoff.,copied_from_source_missing_encoding
200.management.rolling_restart_primary_safe,P32_MANAGEMENT_MATRIX_200_REAL,artifacts/phases/P32_MANAGEMENT_MATRIX_200_REAL/management_operation_results.jsonl,rolling_restart_primary_safe,$.missing_fields[73],MISSING,No write outage was observed during controlled primary handoff.,copied_from_source_missing_encoding
200.management.rolling_restart_primary_safe,P32_MANAGEMENT_MATRIX_200_REAL,artifacts/phases/P32_MANAGEMENT_MATRIX_200_REAL/management_operation_results.jsonl,rolling_restart_primary_safe,$.missing_fields[74],MISSING,No read outage was observed during controlled primary handoff.,copied_from_source_missing_encoding
200.management.rolling_restart_primary_safe,P32_MANAGEMENT_MATRIX_200_REAL,artifacts/phases/P32_MANAGEMENT_MATRIX_200_REAL/management_operation_results.jsonl,rolling_restart_primary_safe,$.missing_fields[75],MISSING,No write outage was observed during controlled primary handoff.,copied_from_source_missing_encoding
200.management.rolling_restart_primary_safe,P32_MANAGEMENT_MATRIX_200_REAL,artifacts/phases/P32_MANAGEMENT_MATRIX_200_REAL/management_operation_results.jsonl,rolling_restart_primary_safe,$.missing_fields[76],MISSING,No read outage was observed during controlled primary handoff.,copied_from_source_missing_encoding
200.management.rolling_restart_primary_safe,P32_MANAGEMENT_MATRIX_200_REAL,artifacts/phases/P32_MANAGEMENT_MATRIX_200_REAL/management_operation_results.jsonl,rolling_restart_primary_safe,$.missing_fields[77],MISSING,No write outage was observed during controlled primary handoff.,copied_from_source_missing_encoding
200.management.rolling_restart_primary_safe,P32_MANAGEMENT_MATRIX_200_REAL,artifacts/phases/P32_MANAGEMENT_MATRIX_200_REAL/management_operation_results.jsonl,rolling_restart_primary_safe,$.missing_fields[78],MISSING,No read outage was observed during controlled primary handoff.,copied_from_source_missing_encoding
200.management.rolling_restart_primary_safe,P32_MANAGEMENT_MATRIX_200_REAL,artifacts/phases/P32_MANAGEMENT_MATRIX_200_REAL/management_operation_results.jsonl,rolling_restart_primary_safe,$.missing_fields[79],MISSING,No write outage was observed during controlled primary handoff.,copied_from_source_missing_encoding
200.management.rolling_restart_primary_safe,P32_MANAGEMENT_MATRIX_200_REAL,artifacts/phases/P32_MANAGEMENT_MATRIX_200_REAL/management_operation_results.jsonl,rolling_restart_primary_safe,$.missing_fields[7],MISSING,No write outage was observed during controlled primary handoff.,copied_from_source_missing_encoding
200.management.rolling_restart_primary_safe,P32_MANAGEMENT_MATRIX_200_REAL,artifacts/phases/P32_MANAGEMENT_MATRIX_200_REAL/management_operation_results.jsonl,rolling_restart_primary_safe,$.missing_fields[80],MISSING,No read outage was observed during controlled primary handoff.,copied_from_source_missing_encoding
200.management.rolling_restart_primary_safe,P32_MANAGEMENT_MATRIX_200_REAL,artifacts/phases/P32_MANAGEMENT_MATRIX_200_REAL/management_operation_results.jsonl,rolling_restart_primary_safe,$.missing_fields[81],MISSING,No write outage was observed during controlled primary handoff.,copied_from_source_missing_encoding
200.management.rolling_restart_primary_safe,P32_MANAGEMENT_MATRIX_200_REAL,artifacts/phases/P32_MANAGEMENT_MATRIX_200_REAL/management_operation_results.jsonl,rolling_restart_primary_safe,$.missing_fields[82],MISSING,No read outage was observed during controlled primary handoff.,copied_from_source_missing_encoding
200.management.rolling_restart_primary_safe,P32_MANAGEMENT_MATRIX_200_REAL,artifacts/phases/P32_MANAGEMENT_MATRIX_200_REAL/management_operation_results.jsonl,rolling_restart_primary_safe,$.missing_fields[83],MISSING,No write outage was observed during controlled primary handoff.,copied_from_source_missing_encoding
200.management.rolling_restart_primary_safe,P32_MANAGEMENT_MATRIX_200_REAL,artifacts/phases/P32_MANAGEMENT_MATRIX_200_REAL/management_operation_results.jsonl,rolling_restart_primary_safe,$.missing_fields[84],MISSING,No read outage was observed during controlled primary handoff.,copied_from_source_missing_encoding
200.management.rolling_restart_primary_safe,P32_MANAGEMENT_MATRIX_200_REAL,artifacts/phases/P32_MANAGEMENT_MATRIX_200_REAL/management_operation_results.jsonl,rolling_restart_primary_safe,$.missing_fields[85],MISSING,No write outage was observed during controlled primary handoff.,copied_from_source_missing_encoding
200.management.rolling_restart_primary_safe,P32_MANAGEMENT_MATRIX_200_REAL,artifacts/phases/P32_MANAGEMENT_MATRIX_200_REAL/management_operation_results.jsonl,rolling_restart_primary_safe,$.missing_fields[86],MISSING,No read outage was observed during controlled primary handoff.,copied_from_source_missing_encoding
200.management.rolling_restart_primary_safe,P32_MANAGEMENT_MATRIX_200_REAL,artifacts/phases/P32_MANAGEMENT_MATRIX_200_REAL/management_operation_results.jsonl,rolling_restart_primary_safe,$.missing_fields[87],MISSING,No write outage was observed during controlled primary handoff.,copied_from_source_missing_encoding
200.management.rolling_restart_primary_safe,P32_MANAGEMENT_MATRIX_200_REAL,artifacts/phases/P32_MANAGEMENT_MATRIX_200_REAL/management_operation_results.jsonl,rolling_restart_primary_safe,$.missing_fields[88],MISSING,No read outage was observed during controlled primary handoff.,copied_from_source_missing_encoding
200.management.rolling_restart_primary_safe,P32_MANAGEMENT_MATRIX_200_REAL,artifacts/phases/P32_MANAGEMENT_MATRIX_200_REAL/management_operation_results.jsonl,rolling_restart_primary_safe,$.missing_fields[89],MISSING,No write outage was observed during controlled primary handoff.,copied_from_source_missing_encoding
200.management.rolling_restart_primary_safe,P32_MANAGEMENT_MATRIX_200_REAL,artifacts/phases/P32_MANAGEMENT_MATRIX_200_REAL/management_operation_results.jsonl,rolling_restart_primary_safe,$.missing_fields[8],MISSING,No read outage was observed during controlled primary handoff.,copied_from_source_missing_encoding
200.management.rolling_restart_primary_safe,P32_MANAGEMENT_MATRIX_200_REAL,artifacts/phases/P32_MANAGEMENT_MATRIX_200_REAL/management_operation_results.jsonl,rolling_restart_primary_safe,$.missing_fields[90],MISSING,No read outage was observed during controlled primary handoff.,copied_from_source_missing_encoding
200.management.rolling_restart_primary_safe,P32_MANAGEMENT_MATRIX_200_REAL,artifacts/phases/P32_MANAGEMENT_MATRIX_200_REAL/management_operation_results.jsonl,rolling_restart_primary_safe,$.missing_fields[91],MISSING,No write outage was observed during controlled primary handoff.,copied_from_source_missing_encoding
200.management.rolling_restart_primary_safe,P32_MANAGEMENT_MATRIX_200_REAL,artifacts/phases/P32_MANAGEMENT_MATRIX_200_REAL/management_operation_results.jsonl,rolling_restart_primary_safe,$.missing_fields[92],MISSING,No read outage was observed during controlled primary handoff.,copied_from_source_missing_encoding
200.management.rolling_restart_primary_safe,P32_MANAGEMENT_MATRIX_200_REAL,artifacts/phases/P32_MANAGEMENT_MATRIX_200_REAL/management_operation_results.jsonl,rolling_restart_primary_safe,$.missing_fields[93],MISSING,No write outage was observed during controlled primary handoff.,copied_from_source_missing_encoding
200.management.rolling_restart_primary_safe,P32_MANAGEMENT_MATRIX_200_REAL,artifacts/phases/P32_MANAGEMENT_MATRIX_200_REAL/management_operation_results.jsonl,rolling_restart_primary_safe,$.missing_fields[94],MISSING,No read outage was observed during controlled primary handoff.,copied_from_source_missing_encoding
200.management.rolling_restart_primary_safe,P32_MANAGEMENT_MATRIX_200_REAL,artifacts/phases/P32_MANAGEMENT_MATRIX_200_REAL/management_operation_results.jsonl,rolling_restart_primary_safe,$.missing_fields[95],MISSING,No write outage was observed during controlled primary handoff.,copied_from_source_missing_encoding
200.management.rolling_restart_primary_safe,P32_MANAGEMENT_MATRIX_200_REAL,artifacts/phases/P32_MANAGEMENT_MATRIX_200_REAL/management_operation_results.jsonl,rolling_restart_primary_safe,$.missing_fields[96],MISSING,No read outage was observed during controlled primary handoff.,copied_from_source_missing_encoding
200.management.rolling_restart_primary_safe,P32_MANAGEMENT_MATRIX_200_REAL,artifacts/phases/P32_MANAGEMENT_MATRIX_200_REAL/management_operation_results.jsonl,rolling_restart_primary_safe,$.missing_fields[97],MISSING,No write outage was observed during controlled primary handoff.,copied_from_source_missing_encoding
200.management.rolling_restart_primary_safe,P32_MANAGEMENT_MATRIX_200_REAL,artifacts/phases/P32_MANAGEMENT_MATRIX_200_REAL/management_operation_results.jsonl,rolling_restart_primary_safe,$.missing_fields[98],MISSING,No read outage was observed during controlled primary handoff.,copied_from_source_missing_encoding
200.management.rolling_restart_primary_safe,P32_MANAGEMENT_MATRIX_200_REAL,artifacts/phases/P32_MANAGEMENT_MATRIX_200_REAL/management_operation_results.jsonl,rolling_restart_primary_safe,$.missing_fields[99],MISSING,No write outage was observed during controlled primary handoff.,copied_from_source_missing_encoding
200.management.rolling_restart_primary_safe,P32_MANAGEMENT_MATRIX_200_REAL,artifacts/phases/P32_MANAGEMENT_MATRIX_200_REAL/management_operation_results.jsonl,rolling_restart_primary_safe,$.missing_fields[9],MISSING,No write outage was observed during controlled primary handoff.,copied_from_source_missing_encoding
200.management.rolling_restart_primary_safe,P32_MANAGEMENT_MATRIX_200_REAL,artifacts/phases/P32_MANAGEMENT_MATRIX_200_REAL/management_operation_results.jsonl,rolling_restart_primary_safe,read_unavailability_ms,MISSING,No read outage was observed during controlled primary handoff.,copied_from_source_missing_encoding
200.management.rolling_restart_primary_safe,P32_MANAGEMENT_MATRIX_200_REAL,artifacts/phases/P32_MANAGEMENT_MATRIX_200_REAL/management_operation_results.jsonl,rolling_restart_primary_safe,write_unavailability_ms,MISSING,No write outage was observed during controlled primary handoff.,copied_from_source_missing_encoding
200.management.rolling_restart_replica_first,P32_MANAGEMENT_MATRIX_200_REAL,artifacts/phases/P32_MANAGEMENT_MATRIX_200_REAL/management_operation_results.jsonl,rolling_restart_replica_first,$.bytes_migrated,MISSING,Valkey command path did not expose migrated byte counts for this operation.,copied_from_source_missing_encoding
P32_MANAGEMENT_MATRIX_200_REAL.analysis.phase_summary,P32_MANAGEMENT_MATRIX_200_REAL,artifacts/phases/P32_MANAGEMENT_MATRIX_200_REAL/phase_summary.json,phase_summary,$.missing_metrics[0],MISSING,create_cluster timing is captured in runtime_timing_breakdown and cluster setup operations before matrix row emission.,copied_from_source_missing_encoding
P32_MANAGEMENT_MATRIX_200_REAL.analysis.phase_summary,P32_MANAGEMENT_MATRIX_200_REAL,artifacts/phases/P32_MANAGEMENT_MATRIX_200_REAL/phase_summary.json,phase_summary,$.missing_metrics[100],MISSING,No read outage was observed during controlled primary handoff.,copied_from_source_missing_encoding
P32_MANAGEMENT_MATRIX_200_REAL.analysis.phase_summary,P32_MANAGEMENT_MATRIX_200_REAL,artifacts/phases/P32_MANAGEMENT_MATRIX_200_REAL/phase_summary.json,phase_summary,$.missing_metrics[101],MISSING,No write outage was observed during controlled primary handoff.,copied_from_source_missing_encoding
P32_MANAGEMENT_MATRIX_200_REAL.analysis.phase_summary,P32_MANAGEMENT_MATRIX_200_REAL,artifacts/phases/P32_MANAGEMENT_MATRIX_200_REAL/phase_summary.json,phase_summary,$.missing_metrics[102],MISSING,No read outage was observed during controlled primary handoff.,copied_from_source_missing_encoding
P32_MANAGEMENT_MATRIX_200_REAL.analysis.phase_summary,P32_MANAGEMENT_MATRIX_200_REAL,artifacts/phases/P32_MANAGEMENT_MATRIX_200_REAL/phase_summary.json,phase_summary,$.missing_metrics[103],MISSING,No write outage was observed during controlled primary handoff.,copied_from_source_missing_encoding
P32_MANAGEMENT_MATRIX_200_REAL.analysis.phase_summary,P32_MANAGEMENT_MATRIX_200_REAL,artifacts/phases/P32_MANAGEMENT_MATRIX_200_REAL/phase_summary.json,phase_summary,$.missing_metrics[104],MISSING,No read outage was observed during controlled primary handoff.,copied_from_source_missing_encoding
P32_MANAGEMENT_MATRIX_200_REAL.analysis.phase_summary,P32_MANAGEMENT_MATRIX_200_REAL,artifacts/phases/P32_MANAGEMENT_MATRIX_200_REAL/phase_summary.json,phase_summary,$.missing_metrics[105],MISSING,No write outage was observed during controlled primary handoff.,copied_from_source_missing_encoding
P32_MANAGEMENT_MATRIX_200_REAL.analysis.phase_summary,P32_MANAGEMENT_MATRIX_200_REAL,artifacts/phases/P32_MANAGEMENT_MATRIX_200_REAL/phase_summary.json,phase_summary,$.missing_metrics[106],MISSING,No read outage was observed during controlled primary handoff.,copied_from_source_missing_encoding
P32_MANAGEMENT_MATRIX_200_REAL.analysis.phase_summary,P32_MANAGEMENT_MATRIX_200_REAL,artifacts/phases/P32_MANAGEMENT_MATRIX_200_REAL/phase_summary.json,phase_summary,$.missing_metrics[107],MISSING,No write outage was observed during controlled primary handoff.,copied_from_source_missing_encoding
P32_MANAGEMENT_MATRIX_200_REAL.analysis.phase_summary,P32_MANAGEMENT_MATRIX_200_REAL,artifacts/phases/P32_MANAGEMENT_MATRIX_200_REAL/phase_summary.json,phase_summary,$.missing_metrics[108],MISSING,No read outage was observed during controlled primary handoff.,copied_from_source_missing_encoding
P32_MANAGEMENT_MATRIX_200_REAL.analysis.phase_summary,P32_MANAGEMENT_MATRIX_200_REAL,artifacts/phases/P32_MANAGEMENT_MATRIX_200_REAL/phase_summary.json,phase_summary,$.missing_metrics[109],MISSING,No write outage was observed during controlled primary handoff.,copied_from_source_missing_encoding
P32_MANAGEMENT_MATRIX_200_REAL.analysis.phase_summary,P32_MANAGEMENT_MATRIX_200_REAL,artifacts/phases/P32_MANAGEMENT_MATRIX_200_REAL/phase_summary.json,phase_summary,$.missing_metrics[10],MISSING,No read outage was observed during controlled primary handoff.,copied_from_source_missing_encoding
P32_MANAGEMENT_MATRIX_200_REAL.analysis.phase_summary,P32_MANAGEMENT_MATRIX_200_REAL,artifacts/phases/P32_MANAGEMENT_MATRIX_200_REAL/phase_summary.json,phase_summary,$.missing_metrics[110],MISSING,No read outage was observed during controlled primary handoff.,copied_from_source_missing_encoding
P32_MANAGEMENT_MATRIX_200_REAL.analysis.phase_summary,P32_MANAGEMENT_MATRIX_200_REAL,artifacts/phases/P32_MANAGEMENT_MATRIX_200_REAL/phase_summary.json,phase_summary,$.missing_metrics[111],MISSING,No write outage was observed during controlled primary handoff.,copied_from_source_missing_encoding
P32_MANAGEMENT_MATRIX_200_REAL.analysis.phase_summary,P32_MANAGEMENT_MATRIX_200_REAL,artifacts/phases/P32_MANAGEMENT_MATRIX_200_REAL/phase_summary.json,phase_summary,$.missing_metrics[112],MISSING,No read outage was observed during controlled primary handoff.,copied_from_source_missing_encoding
P32_MANAGEMENT_MATRIX_200_REAL.analysis.phase_summary,P32_MANAGEMENT_MATRIX_200_REAL,artifacts/phases/P32_MANAGEMENT_MATRIX_200_REAL/phase_summary.json,phase_summary,$.missing_metrics[113],MISSING,No write outage was observed during controlled primary handoff.,copied_from_source_missing_encoding
P32_MANAGEMENT_MATRIX_200_REAL.analysis.phase_summary,P32_MANAGEMENT_MATRIX_200_REAL,artifacts/phases/P32_MANAGEMENT_MATRIX_200_REAL/phase_summary.json,phase_summary,$.missing_metrics[114],MISSING,No read outage was observed during controlled primary handoff.,copied_from_source_missing_encoding
P32_MANAGEMENT_MATRIX_200_REAL.analysis.phase_summary,P32_MANAGEMENT_MATRIX_200_REAL,artifacts/phases/P32_MANAGEMENT_MATRIX_200_REAL/phase_summary.json,phase_summary,$.missing_metrics[115],MISSING,No write outage was observed during controlled primary handoff.,copied_from_source_missing_encoding
P32_MANAGEMENT_MATRIX_200_REAL.analysis.phase_summary,P32_MANAGEMENT_MATRIX_200_REAL,artifacts/phases/P32_MANAGEMENT_MATRIX_200_REAL/phase_summary.json,phase_summary,$.missing_metrics[116],MISSING,No read outage was observed during controlled primary handoff.,copied_from_source_missing_encoding
P32_MANAGEMENT_MATRIX_200_REAL.analysis.phase_summary,P32_MANAGEMENT_MATRIX_200_REAL,artifacts/phases/P32_MANAGEMENT_MATRIX_200_REAL/phase_summary.json,phase_summary,$.missing_metrics[117],MISSING,No write outage was observed during controlled primary handoff.,copied_from_source_missing_encoding
P32_MANAGEMENT_MATRIX_200_REAL.analysis.phase_summary,P32_MANAGEMENT_MATRIX_200_REAL,artifacts/phases/P32_MANAGEMENT_MATRIX_200_REAL/phase_summary.json,phase_summary,$.missing_metrics[118],MISSING,No read outage was observed during controlled primary handoff.,copied_from_source_missing_encoding
P32_MANAGEMENT_MATRIX_200_REAL.analysis.phase_summary,P32_MANAGEMENT_MATRIX_200_REAL,artifacts/phases/P32_MANAGEMENT_MATRIX_200_REAL/phase_summary.json,phase_summary,$.missing_metrics[119],MISSING,No write outage was observed during controlled primary handoff.,copied_from_source_missing_encoding
P32_MANAGEMENT_MATRIX_200_REAL.analysis.phase_summary,P32_MANAGEMENT_MATRIX_200_REAL,artifacts/phases/P32_MANAGEMENT_MATRIX_200_REAL/phase_summary.json,phase_summary,$.missing_metrics[11],MISSING,No write outage was observed during controlled primary handoff.,copied_from_source_missing_encoding
P32_MANAGEMENT_MATRIX_200_REAL.analysis.phase_summary,P32_MANAGEMENT_MATRIX_200_REAL,artifacts/phases/P32_MANAGEMENT_MATRIX_200_REAL/phase_summary.json,phase_summary,$.missing_metrics[120],MISSING,No read outage was observed during controlled primary handoff.,copied_from_source_missing_encoding
P32_MANAGEMENT_MATRIX_200_REAL.analysis.phase_summary,P32_MANAGEMENT_MATRIX_200_REAL,artifacts/phases/P32_MANAGEMENT_MATRIX_200_REAL/phase_summary.json,phase_summary,$.missing_metrics[121],MISSING,No write outage was observed during controlled primary handoff.,copied_from_source_missing_encoding
P32_MANAGEMENT_MATRIX_200_REAL.analysis.phase_summary,P32_MANAGEMENT_MATRIX_200_REAL,artifacts/phases/P32_MANAGEMENT_MATRIX_200_REAL/phase_summary.json,phase_summary,$.missing_metrics[122],MISSING,No read outage was observed during controlled primary handoff.,copied_from_source_missing_encoding
P32_MANAGEMENT_MATRIX_200_REAL.analysis.phase_summary,P32_MANAGEMENT_MATRIX_200_REAL,artifacts/phases/P32_MANAGEMENT_MATRIX_200_REAL/phase_summary.json,phase_summary,$.missing_metrics[123],MISSING,No write outage was observed during controlled primary handoff.,copied_from_source_missing_encoding
P32_MANAGEMENT_MATRIX_200_REAL.analysis.phase_summary,P32_MANAGEMENT_MATRIX_200_REAL,artifacts/phases/P32_MANAGEMENT_MATRIX_200_REAL/phase_summary.json,phase_summary,$.missing_metrics[124],MISSING,No read outage was observed during controlled primary handoff.,copied_from_source_missing_encoding
P32_MANAGEMENT_MATRIX_200_REAL.analysis.phase_summary,P32_MANAGEMENT_MATRIX_200_REAL,artifacts/phases/P32_MANAGEMENT_MATRIX_200_REAL/phase_summary.json,phase_summary,$.missing_metrics[125],MISSING,No write outage was observed during controlled primary handoff.,copied_from_source_missing_encoding
P32_MANAGEMENT_MATRIX_200_REAL.analysis.phase_summary,P32_MANAGEMENT_MATRIX_200_REAL,artifacts/phases/P32_MANAGEMENT_MATRIX_200_REAL/phase_summary.json,phase_summary,$.missing_metrics[126],MISSING,No read outage was observed during controlled primary handoff.,copied_from_source_missing_encoding
P32_MANAGEMENT_MATRIX_200_REAL.analysis.phase_summary,P32_MANAGEMENT_MATRIX_200_REAL,artifacts/phases/P32_MANAGEMENT_MATRIX_200_REAL/phase_summary.json,phase_summary,$.missing_metrics[127],MISSING,No write outage was observed during controlled primary handoff.,copied_from_source_missing_encoding
P32_MANAGEMENT_MATRIX_200_REAL.analysis.phase_summary,P32_MANAGEMENT_MATRIX_200_REAL,artifacts/phases/P32_MANAGEMENT_MATRIX_200_REAL/phase_summary.json,phase_summary,$.missing_metrics[128],MISSING,No read outage was observed during controlled primary handoff.,copied_from_source_missing_encoding
P32_MANAGEMENT_MATRIX_200_REAL.analysis.phase_summary,P32_MANAGEMENT_MATRIX_200_REAL,artifacts/phases/P32_MANAGEMENT_MATRIX_200_REAL/phase_summary.json,phase_summary,$.missing_metrics[129],MISSING,No write outage was observed during controlled primary handoff.,copied_from_source_missing_encoding
P32_MANAGEMENT_MATRIX_200_REAL.analysis.phase_summary,P32_MANAGEMENT_MATRIX_200_REAL,artifacts/phases/P32_MANAGEMENT_MATRIX_200_REAL/phase_summary.json,phase_summary,$.missing_metrics[12],MISSING,No read outage was observed during controlled primary handoff.,copied_from_source_missing_encoding
P32_MANAGEMENT_MATRIX_200_REAL.analysis.phase_summary,P32_MANAGEMENT_MATRIX_200_REAL,artifacts/phases/P32_MANAGEMENT_MATRIX_200_REAL/phase_summary.json,phase_summary,$.missing_metrics[130],MISSING,No read outage was observed during controlled primary handoff.,copied_from_source_missing_encoding
P32_MANAGEMENT_MATRIX_200_REAL.analysis.phase_summary,P32_MANAGEMENT_MATRIX_200_REAL,artifacts/phases/P32_MANAGEMENT_MATRIX_200_REAL/phase_summary.json,phase_summary,$.missing_metrics[131],MISSING,No write outage was observed during controlled primary handoff.,copied_from_source_missing_encoding
P32_MANAGEMENT_MATRIX_200_REAL.analysis.phase_summary,P32_MANAGEMENT_MATRIX_200_REAL,artifacts/phases/P32_MANAGEMENT_MATRIX_200_REAL/phase_summary.json,phase_summary,$.missing_metrics[132],MISSING,No read outage was observed during controlled primary handoff.,copied_from_source_missing_encoding
P32_MANAGEMENT_MATRIX_200_REAL.analysis.phase_summary,P32_MANAGEMENT_MATRIX_200_REAL,artifacts/phases/P32_MANAGEMENT_MATRIX_200_REAL/phase_summary.json,phase_summary,$.missing_metrics[133],MISSING,No write outage was observed during controlled primary handoff.,copied_from_source_missing_encoding
P32_MANAGEMENT_MATRIX_200_REAL.analysis.phase_summary,P32_MANAGEMENT_MATRIX_200_REAL,artifacts/phases/P32_MANAGEMENT_MATRIX_200_REAL/phase_summary.json,phase_summary,$.missing_metrics[134],MISSING,No read outage was observed during controlled primary handoff.,copied_from_source_missing_encoding
P32_MANAGEMENT_MATRIX_200_REAL.analysis.phase_summary,P32_MANAGEMENT_MATRIX_200_REAL,artifacts/phases/P32_MANAGEMENT_MATRIX_200_REAL/phase_summary.json,phase_summary,$.missing_metrics[135],MISSING,No write outage was observed during controlled primary handoff.,copied_from_source_missing_encoding
P32_MANAGEMENT_MATRIX_200_REAL.analysis.phase_summary,P32_MANAGEMENT_MATRIX_200_REAL,artifacts/phases/P32_MANAGEMENT_MATRIX_200_REAL/phase_summary.json,phase_summary,$.missing_metrics[136],MISSING,No read outage was observed during controlled primary handoff.,copied_from_source_missing_encoding
P32_MANAGEMENT_MATRIX_200_REAL.analysis.phase_summary,P32_MANAGEMENT_MATRIX_200_REAL,artifacts/phases/P32_MANAGEMENT_MATRIX_200_REAL/phase_summary.json,phase_summary,$.missing_metrics[137],MISSING,No write outage was observed during controlled primary handoff.,copied_from_source_missing_encoding
P32_MANAGEMENT_MATRIX_200_REAL.analysis.phase_summary,P32_MANAGEMENT_MATRIX_200_REAL,artifacts/phases/P32_MANAGEMENT_MATRIX_200_REAL/phase_summary.json,phase_summary,$.missing_metrics[138],MISSING,No read outage was observed during controlled primary handoff.,copied_from_source_missing_encoding
P32_MANAGEMENT_MATRIX_200_REAL.analysis.phase_summary,P32_MANAGEMENT_MATRIX_200_REAL,artifacts/phases/P32_MANAGEMENT_MATRIX_200_REAL/phase_summary.json,phase_summary,$.missing_metrics[139],MISSING,No write outage was observed during controlled primary handoff.,copied_from_source_missing_encoding
P32_MANAGEMENT_MATRIX_200_REAL.analysis.phase_summary,P32_MANAGEMENT_MATRIX_200_REAL,artifacts/phases/P32_MANAGEMENT_MATRIX_200_REAL/phase_summary.json,phase_summary,$.missing_metrics[13],MISSING,No write outage was observed during controlled primary handoff.,copied_from_source_missing_encoding
P32_MANAGEMENT_MATRIX_200_REAL.analysis.phase_summary,P32_MANAGEMENT_MATRIX_200_REAL,artifacts/phases/P32_MANAGEMENT_MATRIX_200_REAL/phase_summary.json,phase_summary,$.missing_metrics[140],MISSING,No read outage was observed during controlled primary handoff.,copied_from_source_missing_encoding
P32_MANAGEMENT_MATRIX_200_REAL.analysis.phase_summary,P32_MANAGEMENT_MATRIX_200_REAL,artifacts/phases/P32_MANAGEMENT_MATRIX_200_REAL/phase_summary.json,phase_summary,$.missing_metrics[141],MISSING,No write outage was observed during controlled primary handoff.,copied_from_source_missing_encoding
P32_MANAGEMENT_MATRIX_200_REAL.analysis.phase_summary,P32_MANAGEMENT_MATRIX_200_REAL,artifacts/phases/P32_MANAGEMENT_MATRIX_200_REAL/phase_summary.json,phase_summary,$.missing_metrics[142],MISSING,No read outage was observed during controlled primary handoff.,copied_from_source_missing_encoding
P32_MANAGEMENT_MATRIX_200_REAL.analysis.phase_summary,P32_MANAGEMENT_MATRIX_200_REAL,artifacts/phases/P32_MANAGEMENT_MATRIX_200_REAL/phase_summary.json,phase_summary,$.missing_metrics[143],MISSING,No write outage was observed during controlled primary handoff.,copied_from_source_missing_encoding
P32_MANAGEMENT_MATRIX_200_REAL.analysis.phase_summary,P32_MANAGEMENT_MATRIX_200_REAL,artifacts/phases/P32_MANAGEMENT_MATRIX_200_REAL/phase_summary.json,phase_summary,$.missing_metrics[144],MISSING,No read outage was observed during controlled primary handoff.,copied_from_source_missing_encoding
P32_MANAGEMENT_MATRIX_200_REAL.analysis.phase_summary,P32_MANAGEMENT_MATRIX_200_REAL,artifacts/phases/P32_MANAGEMENT_MATRIX_200_REAL/phase_summary.json,phase_summary,$.missing_metrics[145],MISSING,No write outage was observed during controlled primary handoff.,copied_from_source_missing_encoding
P32_MANAGEMENT_MATRIX_200_REAL.analysis.phase_summary,P32_MANAGEMENT_MATRIX_200_REAL,artifacts/phases/P32_MANAGEMENT_MATRIX_200_REAL/phase_summary.json,phase_summary,$.missing_metrics[146],MISSING,No read outage was observed during controlled primary handoff.,copied_from_source_missing_encoding
P32_MANAGEMENT_MATRIX_200_REAL.analysis.phase_summary,P32_MANAGEMENT_MATRIX_200_REAL,artifacts/phases/P32_MANAGEMENT_MATRIX_200_REAL/phase_summary.json,phase_summary,$.missing_metrics[147],MISSING,No write outage was observed during controlled primary handoff.,copied_from_source_missing_encoding
P32_MANAGEMENT_MATRIX_200_REAL.analysis.phase_summary,P32_MANAGEMENT_MATRIX_200_REAL,artifacts/phases/P32_MANAGEMENT_MATRIX_200_REAL/phase_summary.json,phase_summary,$.missing_metrics[148],MISSING,No read outage was observed during controlled primary handoff.,copied_from_source_missing_encoding
P32_MANAGEMENT_MATRIX_200_REAL.analysis.phase_summary,P32_MANAGEMENT_MATRIX_200_REAL,artifacts/phases/P32_MANAGEMENT_MATRIX_200_REAL/phase_summary.json,phase_summary,$.missing_metrics[149],MISSING,No write outage was observed during controlled primary handoff.,copied_from_source_missing_encoding
P32_MANAGEMENT_MATRIX_200_REAL.analysis.phase_summary,P32_MANAGEMENT_MATRIX_200_REAL,artifacts/phases/P32_MANAGEMENT_MATRIX_200_REAL/phase_summary.json,phase_summary,$.missing_metrics[14],MISSING,No read outage was observed during controlled primary handoff.,copied_from_source_missing_encoding
P32_MANAGEMENT_MATRIX_200_REAL.analysis.phase_summary,P32_MANAGEMENT_MATRIX_200_REAL,artifacts/phases/P32_MANAGEMENT_MATRIX_200_REAL/phase_summary.json,phase_summary,$.missing_metrics[150],MISSING,No read outage was observed during controlled primary handoff.,copied_from_source_missing_encoding
P32_MANAGEMENT_MATRIX_200_REAL.analysis.phase_summary,P32_MANAGEMENT_MATRIX_200_REAL,artifacts/phases/P32_MANAGEMENT_MATRIX_200_REAL/phase_summary.json,phase_summary,$.missing_metrics[151],MISSING,No write outage was observed during controlled primary handoff.,copied_from_source_missing_encoding
P32_MANAGEMENT_MATRIX_200_REAL.analysis.phase_summary,P32_MANAGEMENT_MATRIX_200_REAL,artifacts/phases/P32_MANAGEMENT_MATRIX_200_REAL/phase_summary.json,phase_summary,$.missing_metrics[152],MISSING,No read outage was observed during controlled primary handoff.,copied_from_source_missing_encoding
P32_MANAGEMENT_MATRIX_200_REAL.analysis.phase_summary,P32_MANAGEMENT_MATRIX_200_REAL,artifacts/phases/P32_MANAGEMENT_MATRIX_200_REAL/phase_summary.json,phase_summary,$.missing_metrics[153],MISSING,No write outage was observed during controlled primary handoff.,copied_from_source_missing_encoding
P32_MANAGEMENT_MATRIX_200_REAL.analysis.phase_summary,P32_MANAGEMENT_MATRIX_200_REAL,artifacts/phases/P32_MANAGEMENT_MATRIX_200_REAL/phase_summary.json,phase_summary,$.missing_metrics[154],MISSING,No read outage was observed during controlled primary handoff.,copied_from_source_missing_encoding
P32_MANAGEMENT_MATRIX_200_REAL.analysis.phase_summary,P32_MANAGEMENT_MATRIX_200_REAL,artifacts/phases/P32_MANAGEMENT_MATRIX_200_REAL/phase_summary.json,phase_summary,$.missing_metrics[155],MISSING,No write outage was observed during controlled primary handoff.,copied_from_source_missing_encoding
P32_MANAGEMENT_MATRIX_200_REAL.analysis.phase_summary,P32_MANAGEMENT_MATRIX_200_REAL,artifacts/phases/P32_MANAGEMENT_MATRIX_200_REAL/phase_summary.json,phase_summary,$.missing_metrics[156],MISSING,No read outage was observed during controlled primary handoff.,copied_from_source_missing_encoding
P32_MANAGEMENT_MATRIX_200_REAL.analysis.phase_summary,P32_MANAGEMENT_MATRIX_200_REAL,artifacts/phases/P32_MANAGEMENT_MATRIX_200_REAL/phase_summary.json,phase_summary,$.missing_metrics[157],MISSING,No write outage was observed during controlled primary handoff.,copied_from_source_missing_encoding
P32_MANAGEMENT_MATRIX_200_REAL.analysis.phase_summary,P32_MANAGEMENT_MATRIX_200_REAL,artifacts/phases/P32_MANAGEMENT_MATRIX_200_REAL/phase_summary.json,phase_summary,$.missing_metrics[158],MISSING,No read outage was observed during controlled primary handoff.,copied_from_source_missing_encoding
P32_MANAGEMENT_MATRIX_200_REAL.analysis.phase_summary,P32_MANAGEMENT_MATRIX_200_REAL,artifacts/phases/P32_MANAGEMENT_MATRIX_200_REAL/phase_summary.json,phase_summary,$.missing_metrics[159],MISSING,No write outage was observed during controlled primary handoff.,copied_from_source_missing_encoding
P32_MANAGEMENT_MATRIX_200_REAL.analysis.phase_summary,P32_MANAGEMENT_MATRIX_200_REAL,artifacts/phases/P32_MANAGEMENT_MATRIX_200_REAL/phase_summary.json,phase_summary,$.missing_metrics[15],MISSING,No write outage was observed during controlled primary handoff.,copied_from_source_missing_encoding
P32_MANAGEMENT_MATRIX_200_REAL.analysis.phase_summary,P32_MANAGEMENT_MATRIX_200_REAL,artifacts/phases/P32_MANAGEMENT_MATRIX_200_REAL/phase_summary.json,phase_summary,$.missing_metrics[160],MISSING,No read outage was observed during controlled primary handoff.,copied_from_source_missing_encoding
P32_MANAGEMENT_MATRIX_200_REAL.analysis.phase_summary,P32_MANAGEMENT_MATRIX_200_REAL,artifacts/phases/P32_MANAGEMENT_MATRIX_200_REAL/phase_summary.json,phase_summary,$.missing_metrics[161],MISSING,No write outage was observed during controlled primary handoff.,copied_from_source_missing_encoding
P32_MANAGEMENT_MATRIX_200_REAL.analysis.phase_summary,P32_MANAGEMENT_MATRIX_200_REAL,artifacts/phases/P32_MANAGEMENT_MATRIX_200_REAL/phase_summary.json,phase_summary,$.missing_metrics[162],MISSING,No read outage was observed during controlled primary handoff.,copied_from_source_missing_encoding
P32_MANAGEMENT_MATRIX_200_REAL.analysis.phase_summary,P32_MANAGEMENT_MATRIX_200_REAL,artifacts/phases/P32_MANAGEMENT_MATRIX_200_REAL/phase_summary.json,phase_summary,$.missing_metrics[163],MISSING,No write outage was observed during controlled primary handoff.,copied_from_source_missing_encoding
P32_MANAGEMENT_MATRIX_200_REAL.analysis.phase_summary,P32_MANAGEMENT_MATRIX_200_REAL,artifacts/phases/P32_MANAGEMENT_MATRIX_200_REAL/phase_summary.json,phase_summary,$.missing_metrics[164],MISSING,No read outage was observed during controlled primary handoff.,copied_from_source_missing_encoding
P32_MANAGEMENT_MATRIX_200_REAL.analysis.phase_summary,P32_MANAGEMENT_MATRIX_200_REAL,artifacts/phases/P32_MANAGEMENT_MATRIX_200_REAL/phase_summary.json,phase_summary,$.missing_metrics[165],MISSING,No write outage was observed during controlled primary handoff.,copied_from_source_missing_encoding
P32_MANAGEMENT_MATRIX_200_REAL.analysis.phase_summary,P32_MANAGEMENT_MATRIX_200_REAL,artifacts/phases/P32_MANAGEMENT_MATRIX_200_REAL/phase_summary.json,phase_summary,$.missing_metrics[166],MISSING,No read outage was observed during controlled primary handoff.,copied_from_source_missing_encoding
P32_MANAGEMENT_MATRIX_200_REAL.analysis.phase_summary,P32_MANAGEMENT_MATRIX_200_REAL,artifacts/phases/P32_MANAGEMENT_MATRIX_200_REAL/phase_summary.json,phase_summary,$.missing_metrics[167],MISSING,No write outage was observed during controlled primary handoff.,copied_from_source_missing_encoding
P32_MANAGEMENT_MATRIX_200_REAL.analysis.phase_summary,P32_MANAGEMENT_MATRIX_200_REAL,artifacts/phases/P32_MANAGEMENT_MATRIX_200_REAL/phase_summary.json,phase_summary,$.missing_metrics[168],MISSING,No read outage was observed during controlled primary handoff.,copied_from_source_missing_encoding
P32_MANAGEMENT_MATRIX_200_REAL.analysis.phase_summary,P32_MANAGEMENT_MATRIX_200_REAL,artifacts/phases/P32_MANAGEMENT_MATRIX_200_REAL/phase_summary.json,phase_summary,$.missing_metrics[169],MISSING,No write outage was observed during controlled primary handoff.,copied_from_source_missing_encoding
P32_MANAGEMENT_MATRIX_200_REAL.analysis.phase_summary,P32_MANAGEMENT_MATRIX_200_REAL,artifacts/phases/P32_MANAGEMENT_MATRIX_200_REAL/phase_summary.json,phase_summary,$.missing_metrics[16],MISSING,No read outage was observed during controlled primary handoff.,copied_from_source_missing_encoding
P32_MANAGEMENT_MATRIX_200_REAL.analysis.phase_summary,P32_MANAGEMENT_MATRIX_200_REAL,artifacts/phases/P32_MANAGEMENT_MATRIX_200_REAL/phase_summary.json,phase_summary,$.missing_metrics[170],MISSING,No read outage was observed during controlled primary handoff.,copied_from_source_missing_encoding
P32_MANAGEMENT_MATRIX_200_REAL.analysis.phase_summary,P32_MANAGEMENT_MATRIX_200_REAL,artifacts/phases/P32_MANAGEMENT_MATRIX_200_REAL/phase_summary.json,phase_summary,$.missing_metrics[171],MISSING,No write outage was observed during controlled primary handoff.,copied_from_source_missing_encoding
P32_MANAGEMENT_MATRIX_200_REAL.analysis.phase_summary,P32_MANAGEMENT_MATRIX_200_REAL,artifacts/phases/P32_MANAGEMENT_MATRIX_200_REAL/phase_summary.json,phase_summary,$.missing_metrics[172],MISSING,No read outage was observed during controlled primary handoff.,copied_from_source_missing_encoding
P32_MANAGEMENT_MATRIX_200_REAL.analysis.phase_summary,P32_MANAGEMENT_MATRIX_200_REAL,artifacts/phases/P32_MANAGEMENT_MATRIX_200_REAL/phase_summary.json,phase_summary,$.missing_metrics[173],MISSING,No write outage was observed during controlled primary handoff.,copied_from_source_missing_encoding
P32_MANAGEMENT_MATRIX_200_REAL.analysis.phase_summary,P32_MANAGEMENT_MATRIX_200_REAL,artifacts/phases/P32_MANAGEMENT_MATRIX_200_REAL/phase_summary.json,phase_summary,$.missing_metrics[174],MISSING,No read outage was observed during controlled primary handoff.,copied_from_source_missing_encoding
P32_MANAGEMENT_MATRIX_200_REAL.analysis.phase_summary,P32_MANAGEMENT_MATRIX_200_REAL,artifacts/phases/P32_MANAGEMENT_MATRIX_200_REAL/phase_summary.json,phase_summary,$.missing_metrics[175],MISSING,No write outage was observed during controlled primary handoff.,copied_from_source_missing_encoding
P32_MANAGEMENT_MATRIX_200_REAL.analysis.phase_summary,P32_MANAGEMENT_MATRIX_200_REAL,artifacts/phases/P32_MANAGEMENT_MATRIX_200_REAL/phase_summary.json,phase_summary,$.missing_metrics[176],MISSING,No read outage was observed during controlled primary handoff.,copied_from_source_missing_encoding
P32_MANAGEMENT_MATRIX_200_REAL.analysis.phase_summary,P32_MANAGEMENT_MATRIX_200_REAL,artifacts/phases/P32_MANAGEMENT_MATRIX_200_REAL/phase_summary.json,phase_summary,$.missing_metrics[177],MISSING,No write outage was observed during controlled primary handoff.,copied_from_source_missing_encoding
P32_MANAGEMENT_MATRIX_200_REAL.analysis.phase_summary,P32_MANAGEMENT_MATRIX_200_REAL,artifacts/phases/P32_MANAGEMENT_MATRIX_200_REAL/phase_summary.json,phase_summary,$.missing_metrics[178],MISSING,No read outage was observed during controlled primary handoff.,copied_from_source_missing_encoding
P32_MANAGEMENT_MATRIX_200_REAL.analysis.phase_summary,P32_MANAGEMENT_MATRIX_200_REAL,artifacts/phases/P32_MANAGEMENT_MATRIX_200_REAL/phase_summary.json,phase_summary,$.missing_metrics[179],MISSING,No write outage was observed during controlled primary handoff.,copied_from_source_missing_encoding
P32_MANAGEMENT_MATRIX_200_REAL.analysis.phase_summary,P32_MANAGEMENT_MATRIX_200_REAL,artifacts/phases/P32_MANAGEMENT_MATRIX_200_REAL/phase_summary.json,phase_summary,$.missing_metrics[17],MISSING,No write outage was observed during controlled primary handoff.,copied_from_source_missing_encoding
P32_MANAGEMENT_MATRIX_200_REAL.analysis.phase_summary,P32_MANAGEMENT_MATRIX_200_REAL,artifacts/phases/P32_MANAGEMENT_MATRIX_200_REAL/phase_summary.json,phase_summary,$.missing_metrics[180],MISSING,No read outage was observed during controlled primary handoff.,copied_from_source_missing_encoding
P32_MANAGEMENT_MATRIX_200_REAL.analysis.phase_summary,P32_MANAGEMENT_MATRIX_200_REAL,artifacts/phases/P32_MANAGEMENT_MATRIX_200_REAL/phase_summary.json,phase_summary,$.missing_metrics[181],MISSING,No write outage was observed during controlled primary handoff.,copied_from_source_missing_encoding
P32_MANAGEMENT_MATRIX_200_REAL.analysis.phase_summary,P32_MANAGEMENT_MATRIX_200_REAL,artifacts/phases/P32_MANAGEMENT_MATRIX_200_REAL/phase_summary.json,phase_summary,$.missing_metrics[182],MISSING,No read outage was observed during controlled primary handoff.,copied_from_source_missing_encoding
P32_MANAGEMENT_MATRIX_200_REAL.analysis.phase_summary,P32_MANAGEMENT_MATRIX_200_REAL,artifacts/phases/P32_MANAGEMENT_MATRIX_200_REAL/phase_summary.json,phase_summary,$.missing_metrics[183],MISSING,No write outage was observed during controlled primary handoff.,copied_from_source_missing_encoding
P32_MANAGEMENT_MATRIX_200_REAL.analysis.phase_summary,P32_MANAGEMENT_MATRIX_200_REAL,artifacts/phases/P32_MANAGEMENT_MATRIX_200_REAL/phase_summary.json,phase_summary,$.missing_metrics[184],MISSING,No read outage was observed during controlled primary handoff.,copied_from_source_missing_encoding
P32_MANAGEMENT_MATRIX_200_REAL.analysis.phase_summary,P32_MANAGEMENT_MATRIX_200_REAL,artifacts/phases/P32_MANAGEMENT_MATRIX_200_REAL/phase_summary.json,phase_summary,$.missing_metrics[185],MISSING,No write outage was observed during controlled primary handoff.,copied_from_source_missing_encoding
P32_MANAGEMENT_MATRIX_200_REAL.analysis.phase_summary,P32_MANAGEMENT_MATRIX_200_REAL,artifacts/phases/P32_MANAGEMENT_MATRIX_200_REAL/phase_summary.json,phase_summary,$.missing_metrics[186],MISSING,No read outage was observed during controlled primary handoff.,copied_from_source_missing_encoding
P32_MANAGEMENT_MATRIX_200_REAL.analysis.phase_summary,P32_MANAGEMENT_MATRIX_200_REAL,artifacts/phases/P32_MANAGEMENT_MATRIX_200_REAL/phase_summary.json,phase_summary,$.missing_metrics[187],MISSING,No write outage was observed during controlled primary handoff.,copied_from_source_missing_encoding
P32_MANAGEMENT_MATRIX_200_REAL.analysis.phase_summary,P32_MANAGEMENT_MATRIX_200_REAL,artifacts/phases/P32_MANAGEMENT_MATRIX_200_REAL/phase_summary.json,phase_summary,$.missing_metrics[188],MISSING,No read outage was observed during controlled primary handoff.,copied_from_source_missing_encoding
P32_MANAGEMENT_MATRIX_200_REAL.analysis.phase_summary,P32_MANAGEMENT_MATRIX_200_REAL,artifacts/phases/P32_MANAGEMENT_MATRIX_200_REAL/phase_summary.json,phase_summary,$.missing_metrics[189],MISSING,No write outage was observed during controlled primary handoff.,copied_from_source_missing_encoding
P32_MANAGEMENT_MATRIX_200_REAL.analysis.phase_summary,P32_MANAGEMENT_MATRIX_200_REAL,artifacts/phases/P32_MANAGEMENT_MATRIX_200_REAL/phase_summary.json,phase_summary,$.missing_metrics[18],MISSING,No read outage was observed during controlled primary handoff.,copied_from_source_missing_encoding
P32_MANAGEMENT_MATRIX_200_REAL.analysis.phase_summary,P32_MANAGEMENT_MATRIX_200_REAL,artifacts/phases/P32_MANAGEMENT_MATRIX_200_REAL/phase_summary.json,phase_summary,$.missing_metrics[190],MISSING,No read outage was observed during controlled primary handoff.,copied_from_source_missing_encoding
P32_MANAGEMENT_MATRIX_200_REAL.analysis.phase_summary,P32_MANAGEMENT_MATRIX_200_REAL,artifacts/phases/P32_MANAGEMENT_MATRIX_200_REAL/phase_summary.json,phase_summary,$.missing_metrics[191],MISSING,No write outage was observed during controlled primary handoff.,copied_from_source_missing_encoding
P32_MANAGEMENT_MATRIX_200_REAL.analysis.phase_summary,P32_MANAGEMENT_MATRIX_200_REAL,artifacts/phases/P32_MANAGEMENT_MATRIX_200_REAL/phase_summary.json,phase_summary,$.missing_metrics[192],MISSING,No read outage was observed during controlled primary handoff.,copied_from_source_missing_encoding
P32_MANAGEMENT_MATRIX_200_REAL.analysis.phase_summary,P32_MANAGEMENT_MATRIX_200_REAL,artifacts/phases/P32_MANAGEMENT_MATRIX_200_REAL/phase_summary.json,phase_summary,$.missing_metrics[193],MISSING,No write outage was observed during controlled primary handoff.,copied_from_source_missing_encoding
P32_MANAGEMENT_MATRIX_200_REAL.analysis.phase_summary,P32_MANAGEMENT_MATRIX_200_REAL,artifacts/phases/P32_MANAGEMENT_MATRIX_200_REAL/phase_summary.json,phase_summary,$.missing_metrics[194],MISSING,No read outage was observed during controlled primary handoff.,copied_from_source_missing_encoding
P32_MANAGEMENT_MATRIX_200_REAL.analysis.phase_summary,P32_MANAGEMENT_MATRIX_200_REAL,artifacts/phases/P32_MANAGEMENT_MATRIX_200_REAL/phase_summary.json,phase_summary,$.missing_metrics[195],MISSING,No write outage was observed during controlled primary handoff.,copied_from_source_missing_encoding
P32_MANAGEMENT_MATRIX_200_REAL.analysis.phase_summary,P32_MANAGEMENT_MATRIX_200_REAL,artifacts/phases/P32_MANAGEMENT_MATRIX_200_REAL/phase_summary.json,phase_summary,$.missing_metrics[196],MISSING,No read outage was observed during controlled primary handoff.,copied_from_source_missing_encoding
P32_MANAGEMENT_MATRIX_200_REAL.analysis.phase_summary,P32_MANAGEMENT_MATRIX_200_REAL,artifacts/phases/P32_MANAGEMENT_MATRIX_200_REAL/phase_summary.json,phase_summary,$.missing_metrics[197],MISSING,No write outage was observed during controlled primary handoff.,copied_from_source_missing_encoding
P32_MANAGEMENT_MATRIX_200_REAL.analysis.phase_summary,P32_MANAGEMENT_MATRIX_200_REAL,artifacts/phases/P32_MANAGEMENT_MATRIX_200_REAL/phase_summary.json,phase_summary,$.missing_metrics[198],MISSING,No read outage was observed during controlled primary handoff.,copied_from_source_missing_encoding
P32_MANAGEMENT_MATRIX_200_REAL.analysis.phase_summary,P32_MANAGEMENT_MATRIX_200_REAL,artifacts/phases/P32_MANAGEMENT_MATRIX_200_REAL/phase_summary.json,phase_summary,$.missing_metrics[199],MISSING,No write outage was observed during controlled primary handoff.,copied_from_source_missing_encoding
P32_MANAGEMENT_MATRIX_200_REAL.analysis.phase_summary,P32_MANAGEMENT_MATRIX_200_REAL,artifacts/phases/P32_MANAGEMENT_MATRIX_200_REAL/phase_summary.json,phase_summary,$.missing_metrics[19],MISSING,No write outage was observed during controlled primary handoff.,copied_from_source_missing_encoding
P32_MANAGEMENT_MATRIX_200_REAL.analysis.phase_summary,P32_MANAGEMENT_MATRIX_200_REAL,artifacts/phases/P32_MANAGEMENT_MATRIX_200_REAL/phase_summary.json,phase_summary,$.missing_metrics[1],MISSING,meet_nodes timing is captured in runtime_timing_breakdown and cluster setup operations before matrix row emission.,copied_from_source_missing_encoding
P32_MANAGEMENT_MATRIX_200_REAL.analysis.phase_summary,P32_MANAGEMENT_MATRIX_200_REAL,artifacts/phases/P32_MANAGEMENT_MATRIX_200_REAL/phase_summary.json,phase_summary,$.missing_metrics[200],MISSING,No read outage was observed during controlled primary handoff.,copied_from_source_missing_encoding
P32_MANAGEMENT_MATRIX_200_REAL.analysis.phase_summary,P32_MANAGEMENT_MATRIX_200_REAL,artifacts/phases/P32_MANAGEMENT_MATRIX_200_REAL/phase_summary.json,phase_summary,$.missing_metrics[201],MISSING,No write outage was observed during controlled primary handoff.,copied_from_source_missing_encoding
P32_MANAGEMENT_MATRIX_200_REAL.analysis.phase_summary,P32_MANAGEMENT_MATRIX_200_REAL,artifacts/phases/P32_MANAGEMENT_MATRIX_200_REAL/phase_summary.json,phase_summary,$.missing_metrics[202],MISSING,No read outage was observed during controlled primary handoff.,copied_from_source_missing_encoding
P32_MANAGEMENT_MATRIX_200_REAL.analysis.phase_summary,P32_MANAGEMENT_MATRIX_200_REAL,artifacts/phases/P32_MANAGEMENT_MATRIX_200_REAL/phase_summary.json,phase_summary,$.missing_metrics[203],MISSING,No write outage was observed during controlled primary handoff.,copied_from_source_missing_encoding
P32_MANAGEMENT_MATRIX_200_REAL.analysis.phase_summary,P32_MANAGEMENT_MATRIX_200_REAL,artifacts/phases/P32_MANAGEMENT_MATRIX_200_REAL/phase_summary.json,phase_summary,$.missing_metrics[204],MISSING,No read outage was observed during controlled primary handoff.,copied_from_source_missing_encoding
P32_MANAGEMENT_MATRIX_200_REAL.analysis.phase_summary,P32_MANAGEMENT_MATRIX_200_REAL,artifacts/phases/P32_MANAGEMENT_MATRIX_200_REAL/phase_summary.json,phase_summary,$.missing_metrics[205],MISSING,No write outage was observed during controlled primary handoff.,copied_from_source_missing_encoding
P32_MANAGEMENT_MATRIX_200_REAL.analysis.phase_summary,P32_MANAGEMENT_MATRIX_200_REAL,artifacts/phases/P32_MANAGEMENT_MATRIX_200_REAL/phase_summary.json,phase_summary,$.missing_metrics[206],MISSING,No read outage was observed during controlled primary handoff.,copied_from_source_missing_encoding
P32_MANAGEMENT_MATRIX_200_REAL.analysis.phase_summary,P32_MANAGEMENT_MATRIX_200_REAL,artifacts/phases/P32_MANAGEMENT_MATRIX_200_REAL/phase_summary.json,phase_summary,$.missing_metrics[207],MISSING,No write outage was observed during controlled primary handoff.,copied_from_source_missing_encoding
P32_MANAGEMENT_MATRIX_200_REAL.analysis.phase_summary,P32_MANAGEMENT_MATRIX_200_REAL,artifacts/phases/P32_MANAGEMENT_MATRIX_200_REAL/phase_summary.json,phase_summary,$.missing_metrics[208],MISSING,No read outage was observed during controlled primary handoff.,copied_from_source_missing_encoding
P32_MANAGEMENT_MATRIX_200_REAL.analysis.phase_summary,P32_MANAGEMENT_MATRIX_200_REAL,artifacts/phases/P32_MANAGEMENT_MATRIX_200_REAL/phase_summary.json,phase_summary,$.missing_metrics[209],MISSING,No write outage was observed during controlled primary handoff.,copied_from_source_missing_encoding
P32_MANAGEMENT_MATRIX_200_REAL.analysis.phase_summary,P32_MANAGEMENT_MATRIX_200_REAL,artifacts/phases/P32_MANAGEMENT_MATRIX_200_REAL/phase_summary.json,phase_summary,$.missing_metrics[20],MISSING,No read outage was observed during controlled primary handoff.,copied_from_source_missing_encoding
P32_MANAGEMENT_MATRIX_200_REAL.analysis.phase_summary,P32_MANAGEMENT_MATRIX_200_REAL,artifacts/phases/P32_MANAGEMENT_MATRIX_200_REAL/phase_summary.json,phase_summary,$.missing_metrics[210],MISSING,No read outage was observed during controlled primary handoff.,copied_from_source_missing_encoding
P32_MANAGEMENT_MATRIX_200_REAL.analysis.phase_summary,P32_MANAGEMENT_MATRIX_200_REAL,artifacts/phases/P32_MANAGEMENT_MATRIX_200_REAL/phase_summary.json,phase_summary,$.missing_metrics[211],MISSING,No write outage was observed during controlled primary handoff.,copied_from_source_missing_encoding
P32_MANAGEMENT_MATRIX_200_REAL.analysis.phase_summary,P32_MANAGEMENT_MATRIX_200_REAL,artifacts/phases/P32_MANAGEMENT_MATRIX_200_REAL/phase_summary.json,phase_summary,$.missing_metrics[212],MISSING,No read outage was observed during controlled primary handoff.,copied_from_source_missing_encoding
P32_MANAGEMENT_MATRIX_200_REAL.analysis.phase_summary,P32_MANAGEMENT_MATRIX_200_REAL,artifacts/phases/P32_MANAGEMENT_MATRIX_200_REAL/phase_summary.json,phase_summary,$.missing_metrics[213],MISSING,No write outage was observed during controlled primary handoff.,copied_from_source_missing_encoding
P32_MANAGEMENT_MATRIX_200_REAL.analysis.phase_summary,P32_MANAGEMENT_MATRIX_200_REAL,artifacts/phases/P32_MANAGEMENT_MATRIX_200_REAL/phase_summary.json,phase_summary,$.missing_metrics[214],MISSING,No read outage was observed during controlled primary handoff.,copied_from_source_missing_encoding
P32_MANAGEMENT_MATRIX_200_REAL.analysis.phase_summary,P32_MANAGEMENT_MATRIX_200_REAL,artifacts/phases/P32_MANAGEMENT_MATRIX_200_REAL/phase_summary.json,phase_summary,$.missing_metrics[215],MISSING,No write outage was observed during controlled primary handoff.,copied_from_source_missing_encoding
P32_MANAGEMENT_MATRIX_200_REAL.analysis.phase_summary,P32_MANAGEMENT_MATRIX_200_REAL,artifacts/phases/P32_MANAGEMENT_MATRIX_200_REAL/phase_summary.json,phase_summary,$.missing_metrics[216],MISSING,No read outage was observed during controlled primary handoff.,copied_from_source_missing_encoding
P32_MANAGEMENT_MATRIX_200_REAL.analysis.phase_summary,P32_MANAGEMENT_MATRIX_200_REAL,artifacts/phases/P32_MANAGEMENT_MATRIX_200_REAL/phase_summary.json,phase_summary,$.missing_metrics[217],MISSING,No write outage was observed during controlled primary handoff.,copied_from_source_missing_encoding
P32_MANAGEMENT_MATRIX_200_REAL.analysis.phase_summary,P32_MANAGEMENT_MATRIX_200_REAL,artifacts/phases/P32_MANAGEMENT_MATRIX_200_REAL/phase_summary.json,phase_summary,$.missing_metrics[218],MISSING,No read outage was observed during controlled primary handoff.,copied_from_source_missing_encoding
P32_MANAGEMENT_MATRIX_200_REAL.analysis.phase_summary,P32_MANAGEMENT_MATRIX_200_REAL,artifacts/phases/P32_MANAGEMENT_MATRIX_200_REAL/phase_summary.json,phase_summary,$.missing_metrics[219],MISSING,No write outage was observed during controlled primary handoff.,copied_from_source_missing_encoding
P32_MANAGEMENT_MATRIX_200_REAL.analysis.phase_summary,P32_MANAGEMENT_MATRIX_200_REAL,artifacts/phases/P32_MANAGEMENT_MATRIX_200_REAL/phase_summary.json,phase_summary,$.missing_metrics[21],MISSING,No write outage was observed during controlled primary handoff.,copied_from_source_missing_encoding
P32_MANAGEMENT_MATRIX_200_REAL.analysis.phase_summary,P32_MANAGEMENT_MATRIX_200_REAL,artifacts/phases/P32_MANAGEMENT_MATRIX_200_REAL/phase_summary.json,phase_summary,$.missing_metrics[220],MISSING,No read outage was observed during controlled primary handoff.,copied_from_source_missing_encoding
P32_MANAGEMENT_MATRIX_200_REAL.analysis.phase_summary,P32_MANAGEMENT_MATRIX_200_REAL,artifacts/phases/P32_MANAGEMENT_MATRIX_200_REAL/phase_summary.json,phase_summary,$.missing_metrics[221],MISSING,No write outage was observed during controlled primary handoff.,copied_from_source_missing_encoding
P32_MANAGEMENT_MATRIX_200_REAL.analysis.phase_summary,P32_MANAGEMENT_MATRIX_200_REAL,artifacts/phases/P32_MANAGEMENT_MATRIX_200_REAL/phase_summary.json,phase_summary,$.missing_metrics[222],MISSING,No read outage was observed during controlled primary handoff.,copied_from_source_missing_encoding
P32_MANAGEMENT_MATRIX_200_REAL.analysis.phase_summary,P32_MANAGEMENT_MATRIX_200_REAL,artifacts/phases/P32_MANAGEMENT_MATRIX_200_REAL/phase_summary.json,phase_summary,$.missing_metrics[223],MISSING,No write outage was observed during controlled primary handoff.,copied_from_source_missing_encoding
P32_MANAGEMENT_MATRIX_200_REAL.analysis.phase_summary,P32_MANAGEMENT_MATRIX_200_REAL,artifacts/phases/P32_MANAGEMENT_MATRIX_200_REAL/phase_summary.json,phase_summary,$.missing_metrics[224],MISSING,No read outage was observed during controlled primary handoff.,copied_from_source_missing_encoding
P32_MANAGEMENT_MATRIX_200_REAL.analysis.phase_summary,P32_MANAGEMENT_MATRIX_200_REAL,artifacts/phases/P32_MANAGEMENT_MATRIX_200_REAL/phase_summary.json,phase_summary,$.missing_metrics[225],MISSING,No write outage was observed during controlled primary handoff.,copied_from_source_missing_encoding
P32_MANAGEMENT_MATRIX_200_REAL.analysis.phase_summary,P32_MANAGEMENT_MATRIX_200_REAL,artifacts/phases/P32_MANAGEMENT_MATRIX_200_REAL/phase_summary.json,phase_summary,$.missing_metrics[226],MISSING,No read outage was observed during controlled primary handoff.,copied_from_source_missing_encoding
P32_MANAGEMENT_MATRIX_200_REAL.analysis.phase_summary,P32_MANAGEMENT_MATRIX_200_REAL,artifacts/phases/P32_MANAGEMENT_MATRIX_200_REAL/phase_summary.json,phase_summary,$.missing_metrics[227],MISSING,No write outage was observed during controlled primary handoff.,copied_from_source_missing_encoding
P32_MANAGEMENT_MATRIX_200_REAL.analysis.phase_summary,P32_MANAGEMENT_MATRIX_200_REAL,artifacts/phases/P32_MANAGEMENT_MATRIX_200_REAL/phase_summary.json,phase_summary,$.missing_metrics[228],MISSING,No read outage was observed during controlled primary handoff.,copied_from_source_missing_encoding
P32_MANAGEMENT_MATRIX_200_REAL.analysis.phase_summary,P32_MANAGEMENT_MATRIX_200_REAL,artifacts/phases/P32_MANAGEMENT_MATRIX_200_REAL/phase_summary.json,phase_summary,$.missing_metrics[229],MISSING,No write outage was observed during controlled primary handoff.,copied_from_source_missing_encoding
P32_MANAGEMENT_MATRIX_200_REAL.analysis.phase_summary,P32_MANAGEMENT_MATRIX_200_REAL,artifacts/phases/P32_MANAGEMENT_MATRIX_200_REAL/phase_summary.json,phase_summary,$.missing_metrics[22],MISSING,No read outage was observed during controlled primary handoff.,copied_from_source_missing_encoding
P32_MANAGEMENT_MATRIX_200_REAL.analysis.phase_summary,P32_MANAGEMENT_MATRIX_200_REAL,artifacts/phases/P32_MANAGEMENT_MATRIX_200_REAL/phase_summary.json,phase_summary,$.missing_metrics[230],MISSING,No read outage was observed during controlled primary handoff.,copied_from_source_missing_encoding
P32_MANAGEMENT_MATRIX_200_REAL.analysis.phase_summary,P32_MANAGEMENT_MATRIX_200_REAL,artifacts/phases/P32_MANAGEMENT_MATRIX_200_REAL/phase_summary.json,phase_summary,$.missing_metrics[231],MISSING,No write outage was observed during controlled primary handoff.,copied_from_source_missing_encoding
P32_MANAGEMENT_MATRIX_200_REAL.analysis.phase_summary,P32_MANAGEMENT_MATRIX_200_REAL,artifacts/phases/P32_MANAGEMENT_MATRIX_200_REAL/phase_summary.json,phase_summary,$.missing_metrics[232],MISSING,No read outage was observed during controlled primary handoff.,copied_from_source_missing_encoding
P32_MANAGEMENT_MATRIX_200_REAL.analysis.phase_summary,P32_MANAGEMENT_MATRIX_200_REAL,artifacts/phases/P32_MANAGEMENT_MATRIX_200_REAL/phase_summary.json,phase_summary,$.missing_metrics[233],MISSING,No write outage was observed during controlled primary handoff.,copied_from_source_missing_encoding
P32_MANAGEMENT_MATRIX_200_REAL.analysis.phase_summary,P32_MANAGEMENT_MATRIX_200_REAL,artifacts/phases/P32_MANAGEMENT_MATRIX_200_REAL/phase_summary.json,phase_summary,$.missing_metrics[234],MISSING,No read outage was observed during controlled primary handoff.,copied_from_source_missing_encoding
P32_MANAGEMENT_MATRIX_200_REAL.analysis.phase_summary,P32_MANAGEMENT_MATRIX_200_REAL,artifacts/phases/P32_MANAGEMENT_MATRIX_200_REAL/phase_summary.json,phase_summary,$.missing_metrics[235],MISSING,No write outage was observed during controlled primary handoff.,copied_from_source_missing_encoding
P32_MANAGEMENT_MATRIX_200_REAL.analysis.phase_summary,P32_MANAGEMENT_MATRIX_200_REAL,artifacts/phases/P32_MANAGEMENT_MATRIX_200_REAL/phase_summary.json,phase_summary,$.missing_metrics[236],MISSING,No read outage was observed during controlled primary handoff.,copied_from_source_missing_encoding
P32_MANAGEMENT_MATRIX_200_REAL.analysis.phase_summary,P32_MANAGEMENT_MATRIX_200_REAL,artifacts/phases/P32_MANAGEMENT_MATRIX_200_REAL/phase_summary.json,phase_summary,$.missing_metrics[237],MISSING,No write outage was observed during controlled primary handoff.,copied_from_source_missing_encoding
P32_MANAGEMENT_MATRIX_200_REAL.analysis.phase_summary,P32_MANAGEMENT_MATRIX_200_REAL,artifacts/phases/P32_MANAGEMENT_MATRIX_200_REAL/phase_summary.json,phase_summary,$.missing_metrics[238],MISSING,No read outage was observed during controlled primary handoff.,copied_from_source_missing_encoding
P32_MANAGEMENT_MATRIX_200_REAL.analysis.phase_summary,P32_MANAGEMENT_MATRIX_200_REAL,artifacts/phases/P32_MANAGEMENT_MATRIX_200_REAL/phase_summary.json,phase_summary,$.missing_metrics[239],MISSING,No write outage was observed during controlled primary handoff.,copied_from_source_missing_encoding
P32_MANAGEMENT_MATRIX_200_REAL.analysis.phase_summary,P32_MANAGEMENT_MATRIX_200_REAL,artifacts/phases/P32_MANAGEMENT_MATRIX_200_REAL/phase_summary.json,phase_summary,$.missing_metrics[23],MISSING,No write outage was observed during controlled primary handoff.,copied_from_source_missing_encoding
P32_MANAGEMENT_MATRIX_200_REAL.analysis.phase_summary,P32_MANAGEMENT_MATRIX_200_REAL,artifacts/phases/P32_MANAGEMENT_MATRIX_200_REAL/phase_summary.json,phase_summary,$.missing_metrics[240],MISSING,No read outage was observed during controlled primary handoff.,copied_from_source_missing_encoding
P32_MANAGEMENT_MATRIX_200_REAL.analysis.phase_summary,P32_MANAGEMENT_MATRIX_200_REAL,artifacts/phases/P32_MANAGEMENT_MATRIX_200_REAL/phase_summary.json,phase_summary,$.missing_metrics[241],MISSING,No write outage was observed during controlled primary handoff.,copied_from_source_missing_encoding
P32_MANAGEMENT_MATRIX_200_REAL.analysis.phase_summary,P32_MANAGEMENT_MATRIX_200_REAL,artifacts/phases/P32_MANAGEMENT_MATRIX_200_REAL/phase_summary.json,phase_summary,$.missing_metrics[242],MISSING,No read outage was observed during controlled primary handoff.,copied_from_source_missing_encoding
P32_MANAGEMENT_MATRIX_200_REAL.analysis.phase_summary,P32_MANAGEMENT_MATRIX_200_REAL,artifacts/phases/P32_MANAGEMENT_MATRIX_200_REAL/phase_summary.json,phase_summary,$.missing_metrics[243],MISSING,No write outage was observed during controlled primary handoff.,copied_from_source_missing_encoding
P32_MANAGEMENT_MATRIX_200_REAL.analysis.phase_summary,P32_MANAGEMENT_MATRIX_200_REAL,artifacts/phases/P32_MANAGEMENT_MATRIX_200_REAL/phase_summary.json,phase_summary,$.missing_metrics[244],MISSING,No read outage was observed during controlled primary handoff.,copied_from_source_missing_encoding
P32_MANAGEMENT_MATRIX_200_REAL.analysis.phase_summary,P32_MANAGEMENT_MATRIX_200_REAL,artifacts/phases/P32_MANAGEMENT_MATRIX_200_REAL/phase_summary.json,phase_summary,$.missing_metrics[245],MISSING,No write outage was observed during controlled primary handoff.,copied_from_source_missing_encoding
P32_MANAGEMENT_MATRIX_200_REAL.analysis.phase_summary,P32_MANAGEMENT_MATRIX_200_REAL,artifacts/phases/P32_MANAGEMENT_MATRIX_200_REAL/phase_summary.json,phase_summary,$.missing_metrics[246],MISSING,No read outage was observed during controlled primary handoff.,copied_from_source_missing_encoding
P32_MANAGEMENT_MATRIX_200_REAL.analysis.phase_summary,P32_MANAGEMENT_MATRIX_200_REAL,artifacts/phases/P32_MANAGEMENT_MATRIX_200_REAL/phase_summary.json,phase_summary,$.missing_metrics[247],MISSING,No write outage was observed during controlled primary handoff.,copied_from_source_missing_encoding
P32_MANAGEMENT_MATRIX_200_REAL.analysis.phase_summary,P32_MANAGEMENT_MATRIX_200_REAL,artifacts/phases/P32_MANAGEMENT_MATRIX_200_REAL/phase_summary.json,phase_summary,$.missing_metrics[248],MISSING,No read outage was observed during controlled primary handoff.,copied_from_source_missing_encoding
P32_MANAGEMENT_MATRIX_200_REAL.analysis.phase_summary,P32_MANAGEMENT_MATRIX_200_REAL,artifacts/phases/P32_MANAGEMENT_MATRIX_200_REAL/phase_summary.json,phase_summary,$.missing_metrics[249],MISSING,No write outage was observed during controlled primary handoff.,copied_from_source_missing_encoding
P32_MANAGEMENT_MATRIX_200_REAL.analysis.phase_summary,P32_MANAGEMENT_MATRIX_200_REAL,artifacts/phases/P32_MANAGEMENT_MATRIX_200_REAL/phase_summary.json,phase_summary,$.missing_metrics[24],MISSING,No read outage was observed during controlled primary handoff.,copied_from_source_missing_encoding
P32_MANAGEMENT_MATRIX_200_REAL.analysis.phase_summary,P32_MANAGEMENT_MATRIX_200_REAL,artifacts/phases/P32_MANAGEMENT_MATRIX_200_REAL/phase_summary.json,phase_summary,$.missing_metrics[250],MISSING,No read outage was observed during controlled primary handoff.,copied_from_source_missing_encoding
P32_MANAGEMENT_MATRIX_200_REAL.analysis.phase_summary,P32_MANAGEMENT_MATRIX_200_REAL,artifacts/phases/P32_MANAGEMENT_MATRIX_200_REAL/phase_summary.json,phase_summary,$.missing_metrics[251],MISSING,No write outage was observed during controlled primary handoff.,copied_from_source_missing_encoding
P32_MANAGEMENT_MATRIX_200_REAL.analysis.phase_summary,P32_MANAGEMENT_MATRIX_200_REAL,artifacts/phases/P32_MANAGEMENT_MATRIX_200_REAL/phase_summary.json,phase_summary,$.missing_metrics[252],MISSING,No read outage was observed during controlled primary handoff.,copied_from_source_missing_encoding
P32_MANAGEMENT_MATRIX_200_REAL.analysis.phase_summary,P32_MANAGEMENT_MATRIX_200_REAL,artifacts/phases/P32_MANAGEMENT_MATRIX_200_REAL/phase_summary.json,phase_summary,$.missing_metrics[253],MISSING,No write outage was observed during controlled primary handoff.,copied_from_source_missing_encoding
P32_MANAGEMENT_MATRIX_200_REAL.analysis.phase_summary,P32_MANAGEMENT_MATRIX_200_REAL,artifacts/phases/P32_MANAGEMENT_MATRIX_200_REAL/phase_summary.json,phase_summary,$.missing_metrics[254],MISSING,No read outage was observed during controlled primary handoff.,copied_from_source_missing_encoding
P32_MANAGEMENT_MATRIX_200_REAL.analysis.phase_summary,P32_MANAGEMENT_MATRIX_200_REAL,artifacts/phases/P32_MANAGEMENT_MATRIX_200_REAL/phase_summary.json,phase_summary,$.missing_metrics[255],MISSING,No write outage was observed during controlled primary handoff.,copied_from_source_missing_encoding
P32_MANAGEMENT_MATRIX_200_REAL.analysis.phase_summary,P32_MANAGEMENT_MATRIX_200_REAL,artifacts/phases/P32_MANAGEMENT_MATRIX_200_REAL/phase_summary.json,phase_summary,$.missing_metrics[256],MISSING,No read outage was observed during controlled primary handoff.,copied_from_source_missing_encoding
P32_MANAGEMENT_MATRIX_200_REAL.analysis.phase_summary,P32_MANAGEMENT_MATRIX_200_REAL,artifacts/phases/P32_MANAGEMENT_MATRIX_200_REAL/phase_summary.json,phase_summary,$.missing_metrics[257],MISSING,No write outage was observed during controlled primary handoff.,copied_from_source_missing_encoding
P32_MANAGEMENT_MATRIX_200_REAL.analysis.phase_summary,P32_MANAGEMENT_MATRIX_200_REAL,artifacts/phases/P32_MANAGEMENT_MATRIX_200_REAL/phase_summary.json,phase_summary,$.missing_metrics[258],MISSING,No read outage was observed during controlled primary handoff.,copied_from_source_missing_encoding
P32_MANAGEMENT_MATRIX_200_REAL.analysis.phase_summary,P32_MANAGEMENT_MATRIX_200_REAL,artifacts/phases/P32_MANAGEMENT_MATRIX_200_REAL/phase_summary.json,phase_summary,$.missing_metrics[259],MISSING,No write outage was observed during controlled primary handoff.,copied_from_source_missing_encoding
P32_MANAGEMENT_MATRIX_200_REAL.analysis.phase_summary,P32_MANAGEMENT_MATRIX_200_REAL,artifacts/phases/P32_MANAGEMENT_MATRIX_200_REAL/phase_summary.json,phase_summary,$.missing_metrics[25],MISSING,No write outage was observed during controlled primary handoff.,copied_from_source_missing_encoding
P32_MANAGEMENT_MATRIX_200_REAL.analysis.phase_summary,P32_MANAGEMENT_MATRIX_200_REAL,artifacts/phases/P32_MANAGEMENT_MATRIX_200_REAL/phase_summary.json,phase_summary,$.missing_metrics[260],MISSING,No read outage was observed during controlled primary handoff.,copied_from_source_missing_encoding
P32_MANAGEMENT_MATRIX_200_REAL.analysis.phase_summary,P32_MANAGEMENT_MATRIX_200_REAL,artifacts/phases/P32_MANAGEMENT_MATRIX_200_REAL/phase_summary.json,phase_summary,$.missing_metrics[261],MISSING,No write outage was observed during controlled primary handoff.,copied_from_source_missing_encoding
P32_MANAGEMENT_MATRIX_200_REAL.analysis.phase_summary,P32_MANAGEMENT_MATRIX_200_REAL,artifacts/phases/P32_MANAGEMENT_MATRIX_200_REAL/phase_summary.json,phase_summary,$.missing_metrics[262],MISSING,No read outage was observed during controlled primary handoff.,copied_from_source_missing_encoding
P32_MANAGEMENT_MATRIX_200_REAL.analysis.phase_summary,P32_MANAGEMENT_MATRIX_200_REAL,artifacts/phases/P32_MANAGEMENT_MATRIX_200_REAL/phase_summary.json,phase_summary,$.missing_metrics[263],MISSING,No write outage was observed during controlled primary handoff.,copied_from_source_missing_encoding
P32_MANAGEMENT_MATRIX_200_REAL.analysis.phase_summary,P32_MANAGEMENT_MATRIX_200_REAL,artifacts/phases/P32_MANAGEMENT_MATRIX_200_REAL/phase_summary.json,phase_summary,$.missing_metrics[264],MISSING,No read outage was observed during controlled primary handoff.,copied_from_source_missing_encoding
P32_MANAGEMENT_MATRIX_200_REAL.analysis.phase_summary,P32_MANAGEMENT_MATRIX_200_REAL,artifacts/phases/P32_MANAGEMENT_MATRIX_200_REAL/phase_summary.json,phase_summary,$.missing_metrics[265],MISSING,No write outage was observed during controlled primary handoff.,copied_from_source_missing_encoding
P32_MANAGEMENT_MATRIX_200_REAL.analysis.phase_summary,P32_MANAGEMENT_MATRIX_200_REAL,artifacts/phases/P32_MANAGEMENT_MATRIX_200_REAL/phase_summary.json,phase_summary,$.missing_metrics[266],MISSING,No read outage was observed during controlled primary handoff.,copied_from_source_missing_encoding
P32_MANAGEMENT_MATRIX_200_REAL.analysis.phase_summary,P32_MANAGEMENT_MATRIX_200_REAL,artifacts/phases/P32_MANAGEMENT_MATRIX_200_REAL/phase_summary.json,phase_summary,$.missing_metrics[267],MISSING,No write outage was observed during controlled primary handoff.,copied_from_source_missing_encoding
P32_MANAGEMENT_MATRIX_200_REAL.analysis.phase_summary,P32_MANAGEMENT_MATRIX_200_REAL,artifacts/phases/P32_MANAGEMENT_MATRIX_200_REAL/phase_summary.json,phase_summary,$.missing_metrics[268],MISSING,No read outage was observed during controlled primary handoff.,copied_from_source_missing_encoding
P32_MANAGEMENT_MATRIX_200_REAL.analysis.phase_summary,P32_MANAGEMENT_MATRIX_200_REAL,artifacts/phases/P32_MANAGEMENT_MATRIX_200_REAL/phase_summary.json,phase_summary,$.missing_metrics[269],MISSING,No write outage was observed during controlled primary handoff.,copied_from_source_missing_encoding
P32_MANAGEMENT_MATRIX_200_REAL.analysis.phase_summary,P32_MANAGEMENT_MATRIX_200_REAL,artifacts/phases/P32_MANAGEMENT_MATRIX_200_REAL/phase_summary.json,phase_summary,$.missing_metrics[26],MISSING,No read outage was observed during controlled primary handoff.,copied_from_source_missing_encoding
P32_MANAGEMENT_MATRIX_200_REAL.analysis.phase_summary,P32_MANAGEMENT_MATRIX_200_REAL,artifacts/phases/P32_MANAGEMENT_MATRIX_200_REAL/phase_summary.json,phase_summary,$.missing_metrics[270],MISSING,No read outage was observed during controlled primary handoff.,copied_from_source_missing_encoding
P32_MANAGEMENT_MATRIX_200_REAL.analysis.phase_summary,P32_MANAGEMENT_MATRIX_200_REAL,artifacts/phases/P32_MANAGEMENT_MATRIX_200_REAL/phase_summary.json,phase_summary,$.missing_metrics[271],MISSING,No write outage was observed during controlled primary handoff.,copied_from_source_missing_encoding
P32_MANAGEMENT_MATRIX_200_REAL.analysis.phase_summary,P32_MANAGEMENT_MATRIX_200_REAL,artifacts/phases/P32_MANAGEMENT_MATRIX_200_REAL/phase_summary.json,phase_summary,$.missing_metrics[272],MISSING,No read outage was observed during controlled primary handoff.,copied_from_source_missing_encoding
P32_MANAGEMENT_MATRIX_200_REAL.analysis.phase_summary,P32_MANAGEMENT_MATRIX_200_REAL,artifacts/phases/P32_MANAGEMENT_MATRIX_200_REAL/phase_summary.json,phase_summary,$.missing_metrics[273],MISSING,No write outage was observed during controlled primary handoff.,copied_from_source_missing_encoding
P32_MANAGEMENT_MATRIX_200_REAL.analysis.phase_summary,P32_MANAGEMENT_MATRIX_200_REAL,artifacts/phases/P32_MANAGEMENT_MATRIX_200_REAL/phase_summary.json,phase_summary,$.missing_metrics[274],MISSING,No read outage was observed during controlled primary handoff.,copied_from_source_missing_encoding
P32_MANAGEMENT_MATRIX_200_REAL.analysis.phase_summary,P32_MANAGEMENT_MATRIX_200_REAL,artifacts/phases/P32_MANAGEMENT_MATRIX_200_REAL/phase_summary.json,phase_summary,$.missing_metrics[275],MISSING,No write outage was observed during controlled primary handoff.,copied_from_source_missing_encoding
P32_MANAGEMENT_MATRIX_200_REAL.analysis.phase_summary,P32_MANAGEMENT_MATRIX_200_REAL,artifacts/phases/P32_MANAGEMENT_MATRIX_200_REAL/phase_summary.json,phase_summary,$.missing_metrics[276],MISSING,No read outage was observed during controlled primary handoff.,copied_from_source_missing_encoding
P32_MANAGEMENT_MATRIX_200_REAL.analysis.phase_summary,P32_MANAGEMENT_MATRIX_200_REAL,artifacts/phases/P32_MANAGEMENT_MATRIX_200_REAL/phase_summary.json,phase_summary,$.missing_metrics[277],MISSING,No write outage was observed during controlled primary handoff.,copied_from_source_missing_encoding
P32_MANAGEMENT_MATRIX_200_REAL.analysis.phase_summary,P32_MANAGEMENT_MATRIX_200_REAL,artifacts/phases/P32_MANAGEMENT_MATRIX_200_REAL/phase_summary.json,phase_summary,$.missing_metrics[278],MISSING,No read outage was observed during controlled primary handoff.,copied_from_source_missing_encoding
P32_MANAGEMENT_MATRIX_200_REAL.analysis.phase_summary,P32_MANAGEMENT_MATRIX_200_REAL,artifacts/phases/P32_MANAGEMENT_MATRIX_200_REAL/phase_summary.json,phase_summary,$.missing_metrics[279],MISSING,No write outage was observed during controlled primary handoff.,copied_from_source_missing_encoding
P32_MANAGEMENT_MATRIX_200_REAL.analysis.phase_summary,P32_MANAGEMENT_MATRIX_200_REAL,artifacts/phases/P32_MANAGEMENT_MATRIX_200_REAL/phase_summary.json,phase_summary,$.missing_metrics[27],MISSING,No write outage was observed during controlled primary handoff.,copied_from_source_missing_encoding
P32_MANAGEMENT_MATRIX_200_REAL.analysis.phase_summary,P32_MANAGEMENT_MATRIX_200_REAL,artifacts/phases/P32_MANAGEMENT_MATRIX_200_REAL/phase_summary.json,phase_summary,$.missing_metrics[280],MISSING,No read outage was observed during controlled primary handoff.,copied_from_source_missing_encoding
P32_MANAGEMENT_MATRIX_200_REAL.analysis.phase_summary,P32_MANAGEMENT_MATRIX_200_REAL,artifacts/phases/P32_MANAGEMENT_MATRIX_200_REAL/phase_summary.json,phase_summary,$.missing_metrics[281],MISSING,No write outage was observed during controlled primary handoff.,copied_from_source_missing_encoding
P32_MANAGEMENT_MATRIX_200_REAL.analysis.phase_summary,P32_MANAGEMENT_MATRIX_200_REAL,artifacts/phases/P32_MANAGEMENT_MATRIX_200_REAL/phase_summary.json,phase_summary,$.missing_metrics[282],MISSING,No read outage was observed during controlled primary handoff.,copied_from_source_missing_encoding
P32_MANAGEMENT_MATRIX_200_REAL.analysis.phase_summary,P32_MANAGEMENT_MATRIX_200_REAL,artifacts/phases/P32_MANAGEMENT_MATRIX_200_REAL/phase_summary.json,phase_summary,$.missing_metrics[283],MISSING,No write outage was observed during controlled primary handoff.,copied_from_source_missing_encoding
P32_MANAGEMENT_MATRIX_200_REAL.analysis.phase_summary,P32_MANAGEMENT_MATRIX_200_REAL,artifacts/phases/P32_MANAGEMENT_MATRIX_200_REAL/phase_summary.json,phase_summary,$.missing_metrics[284],MISSING,No read outage was observed during controlled primary handoff.,copied_from_source_missing_encoding
P32_MANAGEMENT_MATRIX_200_REAL.analysis.phase_summary,P32_MANAGEMENT_MATRIX_200_REAL,artifacts/phases/P32_MANAGEMENT_MATRIX_200_REAL/phase_summary.json,phase_summary,$.missing_metrics[285],MISSING,No write outage was observed during controlled primary handoff.,copied_from_source_missing_encoding
P32_MANAGEMENT_MATRIX_200_REAL.analysis.phase_summary,P32_MANAGEMENT_MATRIX_200_REAL,artifacts/phases/P32_MANAGEMENT_MATRIX_200_REAL/phase_summary.json,phase_summary,$.missing_metrics[286],MISSING,No read outage was observed during controlled primary handoff.,copied_from_source_missing_encoding
P32_MANAGEMENT_MATRIX_200_REAL.analysis.phase_summary,P32_MANAGEMENT_MATRIX_200_REAL,artifacts/phases/P32_MANAGEMENT_MATRIX_200_REAL/phase_summary.json,phase_summary,$.missing_metrics[287],MISSING,No write outage was observed during controlled primary handoff.,copied_from_source_missing_encoding
P32_MANAGEMENT_MATRIX_200_REAL.analysis.phase_summary,P32_MANAGEMENT_MATRIX_200_REAL,artifacts/phases/P32_MANAGEMENT_MATRIX_200_REAL/phase_summary.json,phase_summary,$.missing_metrics[288],MISSING,No read outage was observed during controlled primary handoff.,copied_from_source_missing_encoding
P32_MANAGEMENT_MATRIX_200_REAL.analysis.phase_summary,P32_MANAGEMENT_MATRIX_200_REAL,artifacts/phases/P32_MANAGEMENT_MATRIX_200_REAL/phase_summary.json,phase_summary,$.missing_metrics[289],MISSING,No write outage was observed during controlled primary handoff.,copied_from_source_missing_encoding
P32_MANAGEMENT_MATRIX_200_REAL.analysis.phase_summary,P32_MANAGEMENT_MATRIX_200_REAL,artifacts/phases/P32_MANAGEMENT_MATRIX_200_REAL/phase_summary.json,phase_summary,$.missing_metrics[28],MISSING,No read outage was observed during controlled primary handoff.,copied_from_source_missing_encoding
P32_MANAGEMENT_MATRIX_200_REAL.analysis.phase_summary,P32_MANAGEMENT_MATRIX_200_REAL,artifacts/phases/P32_MANAGEMENT_MATRIX_200_REAL/phase_summary.json,phase_summary,$.missing_metrics[290],MISSING,No read outage was observed during controlled primary handoff.,copied_from_source_missing_encoding
P32_MANAGEMENT_MATRIX_200_REAL.analysis.phase_summary,P32_MANAGEMENT_MATRIX_200_REAL,artifacts/phases/P32_MANAGEMENT_MATRIX_200_REAL/phase_summary.json,phase_summary,$.missing_metrics[291],MISSING,No write outage was observed during controlled primary handoff.,copied_from_source_missing_encoding
P32_MANAGEMENT_MATRIX_200_REAL.analysis.phase_summary,P32_MANAGEMENT_MATRIX_200_REAL,artifacts/phases/P32_MANAGEMENT_MATRIX_200_REAL/phase_summary.json,phase_summary,$.missing_metrics[292],MISSING,No read outage was observed during controlled primary handoff.,copied_from_source_missing_encoding
P32_MANAGEMENT_MATRIX_200_REAL.analysis.phase_summary,P32_MANAGEMENT_MATRIX_200_REAL,artifacts/phases/P32_MANAGEMENT_MATRIX_200_REAL/phase_summary.json,phase_summary,$.missing_metrics[293],MISSING,No write outage was observed during controlled primary handoff.,copied_from_source_missing_encoding
P32_MANAGEMENT_MATRIX_200_REAL.analysis.phase_summary,P32_MANAGEMENT_MATRIX_200_REAL,artifacts/phases/P32_MANAGEMENT_MATRIX_200_REAL/phase_summary.json,phase_summary,$.missing_metrics[294],MISSING,No read outage was observed during controlled primary handoff.,copied_from_source_missing_encoding
P32_MANAGEMENT_MATRIX_200_REAL.analysis.phase_summary,P32_MANAGEMENT_MATRIX_200_REAL,artifacts/phases/P32_MANAGEMENT_MATRIX_200_REAL/phase_summary.json,phase_summary,$.missing_metrics[295],MISSING,No write outage was observed during controlled primary handoff.,copied_from_source_missing_encoding
P32_MANAGEMENT_MATRIX_200_REAL.analysis.phase_summary,P32_MANAGEMENT_MATRIX_200_REAL,artifacts/phases/P32_MANAGEMENT_MATRIX_200_REAL/phase_summary.json,phase_summary,$.missing_metrics[296],MISSING,No read outage was observed during controlled primary handoff.,copied_from_source_missing_encoding
P32_MANAGEMENT_MATRIX_200_REAL.analysis.phase_summary,P32_MANAGEMENT_MATRIX_200_REAL,artifacts/phases/P32_MANAGEMENT_MATRIX_200_REAL/phase_summary.json,phase_summary,$.missing_metrics[297],MISSING,No write outage was observed during controlled primary handoff.,copied_from_source_missing_encoding
P32_MANAGEMENT_MATRIX_200_REAL.analysis.phase_summary,P32_MANAGEMENT_MATRIX_200_REAL,artifacts/phases/P32_MANAGEMENT_MATRIX_200_REAL/phase_summary.json,phase_summary,$.missing_metrics[298],MISSING,No read outage was observed during controlled primary handoff.,copied_from_source_missing_encoding
P32_MANAGEMENT_MATRIX_200_REAL.analysis.phase_summary,P32_MANAGEMENT_MATRIX_200_REAL,artifacts/phases/P32_MANAGEMENT_MATRIX_200_REAL/phase_summary.json,phase_summary,$.missing_metrics[299],MISSING,No write outage was observed during controlled primary handoff.,copied_from_source_missing_encoding
P32_MANAGEMENT_MATRIX_200_REAL.analysis.phase_summary,P32_MANAGEMENT_MATRIX_200_REAL,artifacts/phases/P32_MANAGEMENT_MATRIX_200_REAL/phase_summary.json,phase_summary,$.missing_metrics[29],MISSING,No write outage was observed during controlled primary handoff.,copied_from_source_missing_encoding
P32_MANAGEMENT_MATRIX_200_REAL.analysis.phase_summary,P32_MANAGEMENT_MATRIX_200_REAL,artifacts/phases/P32_MANAGEMENT_MATRIX_200_REAL/phase_summary.json,phase_summary,$.missing_metrics[2],MISSING,add_replica timing is captured in runtime_timing_breakdown and cluster setup operations before matrix row emission.,copied_from_source_missing_encoding
P32_MANAGEMENT_MATRIX_200_REAL.analysis.phase_summary,P32_MANAGEMENT_MATRIX_200_REAL,artifacts/phases/P32_MANAGEMENT_MATRIX_200_REAL/phase_summary.json,phase_summary,$.missing_metrics[300],MISSING,No read outage was observed during controlled primary handoff.,copied_from_source_missing_encoding
P32_MANAGEMENT_MATRIX_200_REAL.analysis.phase_summary,P32_MANAGEMENT_MATRIX_200_REAL,artifacts/phases/P32_MANAGEMENT_MATRIX_200_REAL/phase_summary.json,phase_summary,$.missing_metrics[301],MISSING,No write outage was observed during controlled primary handoff.,copied_from_source_missing_encoding
P32_MANAGEMENT_MATRIX_200_REAL.analysis.phase_summary,P32_MANAGEMENT_MATRIX_200_REAL,artifacts/phases/P32_MANAGEMENT_MATRIX_200_REAL/phase_summary.json,phase_summary,$.missing_metrics[302],MISSING,No read outage was observed during controlled primary handoff.,copied_from_source_missing_encoding
P32_MANAGEMENT_MATRIX_200_REAL.analysis.phase_summary,P32_MANAGEMENT_MATRIX_200_REAL,artifacts/phases/P32_MANAGEMENT_MATRIX_200_REAL/phase_summary.json,phase_summary,$.missing_metrics[303],MISSING,No write outage was observed during controlled primary handoff.,copied_from_source_missing_encoding
P32_MANAGEMENT_MATRIX_200_REAL.analysis.phase_summary,P32_MANAGEMENT_MATRIX_200_REAL,artifacts/phases/P32_MANAGEMENT_MATRIX_200_REAL/phase_summary.json,phase_summary,$.missing_metrics[304],MISSING,No read outage was observed during controlled primary handoff.,copied_from_source_missing_encoding
P32_MANAGEMENT_MATRIX_200_REAL.analysis.phase_summary,P32_MANAGEMENT_MATRIX_200_REAL,artifacts/phases/P32_MANAGEMENT_MATRIX_200_REAL/phase_summary.json,phase_summary,$.missing_metrics[305],MISSING,No write outage was observed during controlled primary handoff.,copied_from_source_missing_encoding
P32_MANAGEMENT_MATRIX_200_REAL.analysis.phase_summary,P32_MANAGEMENT_MATRIX_200_REAL,artifacts/phases/P32_MANAGEMENT_MATRIX_200_REAL/phase_summary.json,phase_summary,$.missing_metrics[306],MISSING,No read outage was observed during controlled primary handoff.,copied_from_source_missing_encoding
P32_MANAGEMENT_MATRIX_200_REAL.analysis.phase_summary,P32_MANAGEMENT_MATRIX_200_REAL,artifacts/phases/P32_MANAGEMENT_MATRIX_200_REAL/phase_summary.json,phase_summary,$.missing_metrics[307],MISSING,No write outage was observed during controlled primary handoff.,copied_from_source_missing_encoding
P32_MANAGEMENT_MATRIX_200_REAL.analysis.phase_summary,P32_MANAGEMENT_MATRIX_200_REAL,artifacts/phases/P32_MANAGEMENT_MATRIX_200_REAL/phase_summary.json,phase_summary,$.missing_metrics[308],MISSING,No read outage was observed during controlled primary handoff.,copied_from_source_missing_encoding
P32_MANAGEMENT_MATRIX_200_REAL.analysis.phase_summary,P32_MANAGEMENT_MATRIX_200_REAL,artifacts/phases/P32_MANAGEMENT_MATRIX_200_REAL/phase_summary.json,phase_summary,$.missing_metrics[309],MISSING,No write outage was observed during controlled primary handoff.,copied_from_source_missing_encoding
P32_MANAGEMENT_MATRIX_200_REAL.analysis.phase_summary,P32_MANAGEMENT_MATRIX_200_REAL,artifacts/phases/P32_MANAGEMENT_MATRIX_200_REAL/phase_summary.json,phase_summary,$.missing_metrics[30],MISSING,No read outage was observed during controlled primary handoff.,copied_from_source_missing_encoding
P32_MANAGEMENT_MATRIX_200_REAL.analysis.phase_summary,P32_MANAGEMENT_MATRIX_200_REAL,artifacts/phases/P32_MANAGEMENT_MATRIX_200_REAL/phase_summary.json,phase_summary,$.missing_metrics[310],MISSING,No read outage was observed during controlled primary handoff.,copied_from_source_missing_encoding
P32_MANAGEMENT_MATRIX_200_REAL.analysis.phase_summary,P32_MANAGEMENT_MATRIX_200_REAL,artifacts/phases/P32_MANAGEMENT_MATRIX_200_REAL/phase_summary.json,phase_summary,$.missing_metrics[311],MISSING,No write outage was observed during controlled primary handoff.,copied_from_source_missing_encoding
P32_MANAGEMENT_MATRIX_200_REAL.analysis.phase_summary,P32_MANAGEMENT_MATRIX_200_REAL,artifacts/phases/P32_MANAGEMENT_MATRIX_200_REAL/phase_summary.json,phase_summary,$.missing_metrics[312],MISSING,No read outage was observed during controlled primary handoff.,copied_from_source_missing_encoding
P32_MANAGEMENT_MATRIX_200_REAL.analysis.phase_summary,P32_MANAGEMENT_MATRIX_200_REAL,artifacts/phases/P32_MANAGEMENT_MATRIX_200_REAL/phase_summary.json,phase_summary,$.missing_metrics[313],MISSING,No write outage was observed during controlled primary handoff.,copied_from_source_missing_encoding
P32_MANAGEMENT_MATRIX_200_REAL.analysis.phase_summary,P32_MANAGEMENT_MATRIX_200_REAL,artifacts/phases/P32_MANAGEMENT_MATRIX_200_REAL/phase_summary.json,phase_summary,$.missing_metrics[314],MISSING,No read outage was observed during controlled primary handoff.,copied_from_source_missing_encoding
P32_MANAGEMENT_MATRIX_200_REAL.analysis.phase_summary,P32_MANAGEMENT_MATRIX_200_REAL,artifacts/phases/P32_MANAGEMENT_MATRIX_200_REAL/phase_summary.json,phase_summary,$.missing_metrics[315],MISSING,No write outage was observed during controlled primary handoff.,copied_from_source_missing_encoding
P32_MANAGEMENT_MATRIX_200_REAL.analysis.phase_summary,P32_MANAGEMENT_MATRIX_200_REAL,artifacts/phases/P32_MANAGEMENT_MATRIX_200_REAL/phase_summary.json,phase_summary,$.missing_metrics[316],MISSING,No read outage was observed during controlled primary handoff.,copied_from_source_missing_encoding
P32_MANAGEMENT_MATRIX_200_REAL.analysis.phase_summary,P32_MANAGEMENT_MATRIX_200_REAL,artifacts/phases/P32_MANAGEMENT_MATRIX_200_REAL/phase_summary.json,phase_summary,$.missing_metrics[317],MISSING,No write outage was observed during controlled primary handoff.,copied_from_source_missing_encoding
P32_MANAGEMENT_MATRIX_200_REAL.analysis.phase_summary,P32_MANAGEMENT_MATRIX_200_REAL,artifacts/phases/P32_MANAGEMENT_MATRIX_200_REAL/phase_summary.json,phase_summary,$.missing_metrics[318],MISSING,No read outage was observed during controlled primary handoff.,copied_from_source_missing_encoding
P32_MANAGEMENT_MATRIX_200_REAL.analysis.phase_summary,P32_MANAGEMENT_MATRIX_200_REAL,artifacts/phases/P32_MANAGEMENT_MATRIX_200_REAL/phase_summary.json,phase_summary,$.missing_metrics[319],MISSING,No write outage was observed during controlled primary handoff.,copied_from_source_missing_encoding
P32_MANAGEMENT_MATRIX_200_REAL.analysis.phase_summary,P32_MANAGEMENT_MATRIX_200_REAL,artifacts/phases/P32_MANAGEMENT_MATRIX_200_REAL/phase_summary.json,phase_summary,$.missing_metrics[31],MISSING,No write outage was observed during controlled primary handoff.,copied_from_source_missing_encoding
P32_MANAGEMENT_MATRIX_200_REAL.analysis.phase_summary,P32_MANAGEMENT_MATRIX_200_REAL,artifacts/phases/P32_MANAGEMENT_MATRIX_200_REAL/phase_summary.json,phase_summary,$.missing_metrics[320],MISSING,No read outage was observed during controlled primary handoff.,copied_from_source_missing_encoding
P32_MANAGEMENT_MATRIX_200_REAL.analysis.phase_summary,P32_MANAGEMENT_MATRIX_200_REAL,artifacts/phases/P32_MANAGEMENT_MATRIX_200_REAL/phase_summary.json,phase_summary,$.missing_metrics[321],MISSING,No write outage was observed during controlled primary handoff.,copied_from_source_missing_encoding
P32_MANAGEMENT_MATRIX_200_REAL.analysis.phase_summary,P32_MANAGEMENT_MATRIX_200_REAL,artifacts/phases/P32_MANAGEMENT_MATRIX_200_REAL/phase_summary.json,phase_summary,$.missing_metrics[322],MISSING,No read outage was observed during controlled primary handoff.,copied_from_source_missing_encoding
P32_MANAGEMENT_MATRIX_200_REAL.analysis.phase_summary,P32_MANAGEMENT_MATRIX_200_REAL,artifacts/phases/P32_MANAGEMENT_MATRIX_200_REAL/phase_summary.json,phase_summary,$.missing_metrics[323],MISSING,No write outage was observed during controlled primary handoff.,copied_from_source_missing_encoding
P32_MANAGEMENT_MATRIX_200_REAL.analysis.phase_summary,P32_MANAGEMENT_MATRIX_200_REAL,artifacts/phases/P32_MANAGEMENT_MATRIX_200_REAL/phase_summary.json,phase_summary,$.missing_metrics[324],MISSING,No read outage was observed during controlled primary handoff.,copied_from_source_missing_encoding
P32_MANAGEMENT_MATRIX_200_REAL.analysis.phase_summary,P32_MANAGEMENT_MATRIX_200_REAL,artifacts/phases/P32_MANAGEMENT_MATRIX_200_REAL/phase_summary.json,phase_summary,$.missing_metrics[325],MISSING,No write outage was observed during controlled primary handoff.,copied_from_source_missing_encoding
P32_MANAGEMENT_MATRIX_200_REAL.analysis.phase_summary,P32_MANAGEMENT_MATRIX_200_REAL,artifacts/phases/P32_MANAGEMENT_MATRIX_200_REAL/phase_summary.json,phase_summary,$.missing_metrics[326],MISSING,No read outage was observed during controlled primary handoff.,copied_from_source_missing_encoding
P32_MANAGEMENT_MATRIX_200_REAL.analysis.phase_summary,P32_MANAGEMENT_MATRIX_200_REAL,artifacts/phases/P32_MANAGEMENT_MATRIX_200_REAL/phase_summary.json,phase_summary,$.missing_metrics[327],MISSING,No write outage was observed during controlled primary handoff.,copied_from_source_missing_encoding
P32_MANAGEMENT_MATRIX_200_REAL.analysis.phase_summary,P32_MANAGEMENT_MATRIX_200_REAL,artifacts/phases/P32_MANAGEMENT_MATRIX_200_REAL/phase_summary.json,phase_summary,$.missing_metrics[328],MISSING,No read outage was observed during controlled primary handoff.,copied_from_source_missing_encoding
P32_MANAGEMENT_MATRIX_200_REAL.analysis.phase_summary,P32_MANAGEMENT_MATRIX_200_REAL,artifacts/phases/P32_MANAGEMENT_MATRIX_200_REAL/phase_summary.json,phase_summary,$.missing_metrics[329],MISSING,No write outage was observed during controlled primary handoff.,copied_from_source_missing_encoding
P32_MANAGEMENT_MATRIX_200_REAL.analysis.phase_summary,P32_MANAGEMENT_MATRIX_200_REAL,artifacts/phases/P32_MANAGEMENT_MATRIX_200_REAL/phase_summary.json,phase_summary,$.missing_metrics[32],MISSING,No read outage was observed during controlled primary handoff.,copied_from_source_missing_encoding
P32_MANAGEMENT_MATRIX_200_REAL.analysis.phase_summary,P32_MANAGEMENT_MATRIX_200_REAL,artifacts/phases/P32_MANAGEMENT_MATRIX_200_REAL/phase_summary.json,phase_summary,$.missing_metrics[330],MISSING,No read outage was observed during controlled primary handoff.,copied_from_source_missing_encoding
P32_MANAGEMENT_MATRIX_200_REAL.analysis.phase_summary,P32_MANAGEMENT_MATRIX_200_REAL,artifacts/phases/P32_MANAGEMENT_MATRIX_200_REAL/phase_summary.json,phase_summary,$.missing_metrics[331],MISSING,No write outage was observed during controlled primary handoff.,copied_from_source_missing_encoding
P32_MANAGEMENT_MATRIX_200_REAL.analysis.phase_summary,P32_MANAGEMENT_MATRIX_200_REAL,artifacts/phases/P32_MANAGEMENT_MATRIX_200_REAL/phase_summary.json,phase_summary,$.missing_metrics[332],MISSING,No read outage was observed during controlled primary handoff.,copied_from_source_missing_encoding
P32_MANAGEMENT_MATRIX_200_REAL.analysis.phase_summary,P32_MANAGEMENT_MATRIX_200_REAL,artifacts/phases/P32_MANAGEMENT_MATRIX_200_REAL/phase_summary.json,phase_summary,$.missing_metrics[333],MISSING,No write outage was observed during controlled primary handoff.,copied_from_source_missing_encoding
P32_MANAGEMENT_MATRIX_200_REAL.analysis.phase_summary,P32_MANAGEMENT_MATRIX_200_REAL,artifacts/phases/P32_MANAGEMENT_MATRIX_200_REAL/phase_summary.json,phase_summary,$.missing_metrics[334],MISSING,No read outage was observed during controlled primary handoff.,copied_from_source_missing_encoding
P32_MANAGEMENT_MATRIX_200_REAL.analysis.phase_summary,P32_MANAGEMENT_MATRIX_200_REAL,artifacts/phases/P32_MANAGEMENT_MATRIX_200_REAL/phase_summary.json,phase_summary,$.missing_metrics[335],MISSING,No write outage was observed during controlled primary handoff.,copied_from_source_missing_encoding
P32_MANAGEMENT_MATRIX_200_REAL.analysis.phase_summary,P32_MANAGEMENT_MATRIX_200_REAL,artifacts/phases/P32_MANAGEMENT_MATRIX_200_REAL/phase_summary.json,phase_summary,$.missing_metrics[336],MISSING,No read outage was observed during controlled primary handoff.,copied_from_source_missing_encoding
P32_MANAGEMENT_MATRIX_200_REAL.analysis.phase_summary,P32_MANAGEMENT_MATRIX_200_REAL,artifacts/phases/P32_MANAGEMENT_MATRIX_200_REAL/phase_summary.json,phase_summary,$.missing_metrics[337],MISSING,No write outage was observed during controlled primary handoff.,copied_from_source_missing_encoding
P32_MANAGEMENT_MATRIX_200_REAL.analysis.phase_summary,P32_MANAGEMENT_MATRIX_200_REAL,artifacts/phases/P32_MANAGEMENT_MATRIX_200_REAL/phase_summary.json,phase_summary,$.missing_metrics[338],MISSING,No read outage was observed during controlled primary handoff.,copied_from_source_missing_encoding
P32_MANAGEMENT_MATRIX_200_REAL.analysis.phase_summary,P32_MANAGEMENT_MATRIX_200_REAL,artifacts/phases/P32_MANAGEMENT_MATRIX_200_REAL/phase_summary.json,phase_summary,$.missing_metrics[339],MISSING,No write outage was observed during controlled primary handoff.,copied_from_source_missing_encoding
P32_MANAGEMENT_MATRIX_200_REAL.analysis.phase_summary,P32_MANAGEMENT_MATRIX_200_REAL,artifacts/phases/P32_MANAGEMENT_MATRIX_200_REAL/phase_summary.json,phase_summary,$.missing_metrics[33],MISSING,No write outage was observed during controlled primary handoff.,copied_from_source_missing_encoding
P32_MANAGEMENT_MATRIX_200_REAL.analysis.phase_summary,P32_MANAGEMENT_MATRIX_200_REAL,artifacts/phases/P32_MANAGEMENT_MATRIX_200_REAL/phase_summary.json,phase_summary,$.missing_metrics[340],MISSING,No read outage was observed during controlled primary handoff.,copied_from_source_missing_encoding
P32_MANAGEMENT_MATRIX_200_REAL.analysis.phase_summary,P32_MANAGEMENT_MATRIX_200_REAL,artifacts/phases/P32_MANAGEMENT_MATRIX_200_REAL/phase_summary.json,phase_summary,$.missing_metrics[341],MISSING,No write outage was observed during controlled primary handoff.,copied_from_source_missing_encoding
P32_MANAGEMENT_MATRIX_200_REAL.analysis.phase_summary,P32_MANAGEMENT_MATRIX_200_REAL,artifacts/phases/P32_MANAGEMENT_MATRIX_200_REAL/phase_summary.json,phase_summary,$.missing_metrics[342],MISSING,No read outage was observed during controlled primary handoff.,copied_from_source_missing_encoding
P32_MANAGEMENT_MATRIX_200_REAL.analysis.phase_summary,P32_MANAGEMENT_MATRIX_200_REAL,artifacts/phases/P32_MANAGEMENT_MATRIX_200_REAL/phase_summary.json,phase_summary,$.missing_metrics[343],MISSING,No write outage was observed during controlled primary handoff.,copied_from_source_missing_encoding
P32_MANAGEMENT_MATRIX_200_REAL.analysis.phase_summary,P32_MANAGEMENT_MATRIX_200_REAL,artifacts/phases/P32_MANAGEMENT_MATRIX_200_REAL/phase_summary.json,phase_summary,$.missing_metrics[344],MISSING,No read outage was observed during controlled primary handoff.,copied_from_source_missing_encoding
P32_MANAGEMENT_MATRIX_200_REAL.analysis.phase_summary,P32_MANAGEMENT_MATRIX_200_REAL,artifacts/phases/P32_MANAGEMENT_MATRIX_200_REAL/phase_summary.json,phase_summary,$.missing_metrics[345],MISSING,No write outage was observed during controlled primary handoff.,copied_from_source_missing_encoding
P32_MANAGEMENT_MATRIX_200_REAL.analysis.phase_summary,P32_MANAGEMENT_MATRIX_200_REAL,artifacts/phases/P32_MANAGEMENT_MATRIX_200_REAL/phase_summary.json,phase_summary,$.missing_metrics[346],MISSING,No read outage was observed during controlled primary handoff.,copied_from_source_missing_encoding
P32_MANAGEMENT_MATRIX_200_REAL.analysis.phase_summary,P32_MANAGEMENT_MATRIX_200_REAL,artifacts/phases/P32_MANAGEMENT_MATRIX_200_REAL/phase_summary.json,phase_summary,$.missing_metrics[347],MISSING,No write outage was observed during controlled primary handoff.,copied_from_source_missing_encoding
P32_MANAGEMENT_MATRIX_200_REAL.analysis.phase_summary,P32_MANAGEMENT_MATRIX_200_REAL,artifacts/phases/P32_MANAGEMENT_MATRIX_200_REAL/phase_summary.json,phase_summary,$.missing_metrics[348],MISSING,No read outage was observed during controlled primary handoff.,copied_from_source_missing_encoding
P32_MANAGEMENT_MATRIX_200_REAL.analysis.phase_summary,P32_MANAGEMENT_MATRIX_200_REAL,artifacts/phases/P32_MANAGEMENT_MATRIX_200_REAL/phase_summary.json,phase_summary,$.missing_metrics[349],MISSING,No write outage was observed during controlled primary handoff.,copied_from_source_missing_encoding
P32_MANAGEMENT_MATRIX_200_REAL.analysis.phase_summary,P32_MANAGEMENT_MATRIX_200_REAL,artifacts/phases/P32_MANAGEMENT_MATRIX_200_REAL/phase_summary.json,phase_summary,$.missing_metrics[34],MISSING,No read outage was observed during controlled primary handoff.,copied_from_source_missing_encoding
P32_MANAGEMENT_MATRIX_200_REAL.analysis.phase_summary,P32_MANAGEMENT_MATRIX_200_REAL,artifacts/phases/P32_MANAGEMENT_MATRIX_200_REAL/phase_summary.json,phase_summary,$.missing_metrics[350],MISSING,No read outage was observed during controlled primary handoff.,copied_from_source_missing_encoding
P32_MANAGEMENT_MATRIX_200_REAL.analysis.phase_summary,P32_MANAGEMENT_MATRIX_200_REAL,artifacts/phases/P32_MANAGEMENT_MATRIX_200_REAL/phase_summary.json,phase_summary,$.missing_metrics[351],MISSING,No write outage was observed during controlled primary handoff.,copied_from_source_missing_encoding
P32_MANAGEMENT_MATRIX_200_REAL.analysis.phase_summary,P32_MANAGEMENT_MATRIX_200_REAL,artifacts/phases/P32_MANAGEMENT_MATRIX_200_REAL/phase_summary.json,phase_summary,$.missing_metrics[352],MISSING,No read outage was observed during controlled primary handoff.,copied_from_source_missing_encoding
P32_MANAGEMENT_MATRIX_200_REAL.analysis.phase_summary,P32_MANAGEMENT_MATRIX_200_REAL,artifacts/phases/P32_MANAGEMENT_MATRIX_200_REAL/phase_summary.json,phase_summary,$.missing_metrics[353],MISSING,No write outage was observed during controlled primary handoff.,copied_from_source_missing_encoding
P32_MANAGEMENT_MATRIX_200_REAL.analysis.phase_summary,P32_MANAGEMENT_MATRIX_200_REAL,artifacts/phases/P32_MANAGEMENT_MATRIX_200_REAL/phase_summary.json,phase_summary,$.missing_metrics[354],MISSING,No read outage was observed during controlled primary handoff.,copied_from_source_missing_encoding
P32_MANAGEMENT_MATRIX_200_REAL.analysis.phase_summary,P32_MANAGEMENT_MATRIX_200_REAL,artifacts/phases/P32_MANAGEMENT_MATRIX_200_REAL/phase_summary.json,phase_summary,$.missing_metrics[355],MISSING,No write outage was observed during controlled primary handoff.,copied_from_source_missing_encoding
P32_MANAGEMENT_MATRIX_200_REAL.analysis.phase_summary,P32_MANAGEMENT_MATRIX_200_REAL,artifacts/phases/P32_MANAGEMENT_MATRIX_200_REAL/phase_summary.json,phase_summary,$.missing_metrics[356],MISSING,No read outage was observed during controlled primary handoff.,copied_from_source_missing_encoding
P32_MANAGEMENT_MATRIX_200_REAL.analysis.phase_summary,P32_MANAGEMENT_MATRIX_200_REAL,artifacts/phases/P32_MANAGEMENT_MATRIX_200_REAL/phase_summary.json,phase_summary,$.missing_metrics[357],MISSING,No write outage was observed during controlled primary handoff.,copied_from_source_missing_encoding
P32_MANAGEMENT_MATRIX_200_REAL.analysis.phase_summary,P32_MANAGEMENT_MATRIX_200_REAL,artifacts/phases/P32_MANAGEMENT_MATRIX_200_REAL/phase_summary.json,phase_summary,$.missing_metrics[358],MISSING,No read outage was observed during controlled primary handoff.,copied_from_source_missing_encoding
P32_MANAGEMENT_MATRIX_200_REAL.analysis.phase_summary,P32_MANAGEMENT_MATRIX_200_REAL,artifacts/phases/P32_MANAGEMENT_MATRIX_200_REAL/phase_summary.json,phase_summary,$.missing_metrics[359],MISSING,No write outage was observed during controlled primary handoff.,copied_from_source_missing_encoding
P32_MANAGEMENT_MATRIX_200_REAL.analysis.phase_summary,P32_MANAGEMENT_MATRIX_200_REAL,artifacts/phases/P32_MANAGEMENT_MATRIX_200_REAL/phase_summary.json,phase_summary,$.missing_metrics[35],MISSING,No write outage was observed during controlled primary handoff.,copied_from_source_missing_encoding
P32_MANAGEMENT_MATRIX_200_REAL.analysis.phase_summary,P32_MANAGEMENT_MATRIX_200_REAL,artifacts/phases/P32_MANAGEMENT_MATRIX_200_REAL/phase_summary.json,phase_summary,$.missing_metrics[360],MISSING,No read outage was observed during controlled primary handoff.,copied_from_source_missing_encoding
P32_MANAGEMENT_MATRIX_200_REAL.analysis.phase_summary,P32_MANAGEMENT_MATRIX_200_REAL,artifacts/phases/P32_MANAGEMENT_MATRIX_200_REAL/phase_summary.json,phase_summary,$.missing_metrics[361],MISSING,No write outage was observed during controlled primary handoff.,copied_from_source_missing_encoding
P32_MANAGEMENT_MATRIX_200_REAL.analysis.phase_summary,P32_MANAGEMENT_MATRIX_200_REAL,artifacts/phases/P32_MANAGEMENT_MATRIX_200_REAL/phase_summary.json,phase_summary,$.missing_metrics[362],MISSING,No read outage was observed during controlled primary handoff.,copied_from_source_missing_encoding
P32_MANAGEMENT_MATRIX_200_REAL.analysis.phase_summary,P32_MANAGEMENT_MATRIX_200_REAL,artifacts/phases/P32_MANAGEMENT_MATRIX_200_REAL/phase_summary.json,phase_summary,$.missing_metrics[363],MISSING,No write outage was observed during controlled primary handoff.,copied_from_source_missing_encoding
P32_MANAGEMENT_MATRIX_200_REAL.analysis.phase_summary,P32_MANAGEMENT_MATRIX_200_REAL,artifacts/phases/P32_MANAGEMENT_MATRIX_200_REAL/phase_summary.json,phase_summary,$.missing_metrics[364],MISSING,No read outage was observed during controlled primary handoff.,copied_from_source_missing_encoding
P32_MANAGEMENT_MATRIX_200_REAL.analysis.phase_summary,P32_MANAGEMENT_MATRIX_200_REAL,artifacts/phases/P32_MANAGEMENT_MATRIX_200_REAL/phase_summary.json,phase_summary,$.missing_metrics[365],MISSING,No write outage was observed during controlled primary handoff.,copied_from_source_missing_encoding
P32_MANAGEMENT_MATRIX_200_REAL.analysis.phase_summary,P32_MANAGEMENT_MATRIX_200_REAL,artifacts/phases/P32_MANAGEMENT_MATRIX_200_REAL/phase_summary.json,phase_summary,$.missing_metrics[366],MISSING,No read outage was observed during controlled primary handoff.,copied_from_source_missing_encoding
P32_MANAGEMENT_MATRIX_200_REAL.analysis.phase_summary,P32_MANAGEMENT_MATRIX_200_REAL,artifacts/phases/P32_MANAGEMENT_MATRIX_200_REAL/phase_summary.json,phase_summary,$.missing_metrics[367],MISSING,No write outage was observed during controlled primary handoff.,copied_from_source_missing_encoding
P32_MANAGEMENT_MATRIX_200_REAL.analysis.phase_summary,P32_MANAGEMENT_MATRIX_200_REAL,artifacts/phases/P32_MANAGEMENT_MATRIX_200_REAL/phase_summary.json,phase_summary,$.missing_metrics[368],MISSING,No read outage was observed during controlled primary handoff.,copied_from_source_missing_encoding
P32_MANAGEMENT_MATRIX_200_REAL.analysis.phase_summary,P32_MANAGEMENT_MATRIX_200_REAL,artifacts/phases/P32_MANAGEMENT_MATRIX_200_REAL/phase_summary.json,phase_summary,$.missing_metrics[369],MISSING,No write outage was observed during controlled primary handoff.,copied_from_source_missing_encoding
P32_MANAGEMENT_MATRIX_200_REAL.analysis.phase_summary,P32_MANAGEMENT_MATRIX_200_REAL,artifacts/phases/P32_MANAGEMENT_MATRIX_200_REAL/phase_summary.json,phase_summary,$.missing_metrics[36],MISSING,No read outage was observed during controlled primary handoff.,copied_from_source_missing_encoding
P32_MANAGEMENT_MATRIX_200_REAL.analysis.phase_summary,P32_MANAGEMENT_MATRIX_200_REAL,artifacts/phases/P32_MANAGEMENT_MATRIX_200_REAL/phase_summary.json,phase_summary,$.missing_metrics[370],MISSING,No read outage was observed during controlled primary handoff.,copied_from_source_missing_encoding
P32_MANAGEMENT_MATRIX_200_REAL.analysis.phase_summary,P32_MANAGEMENT_MATRIX_200_REAL,artifacts/phases/P32_MANAGEMENT_MATRIX_200_REAL/phase_summary.json,phase_summary,$.missing_metrics[371],MISSING,No write outage was observed during controlled primary handoff.,copied_from_source_missing_encoding
P32_MANAGEMENT_MATRIX_200_REAL.analysis.phase_summary,P32_MANAGEMENT_MATRIX_200_REAL,artifacts/phases/P32_MANAGEMENT_MATRIX_200_REAL/phase_summary.json,phase_summary,$.missing_metrics[372],MISSING,No read outage was observed during controlled primary handoff.,copied_from_source_missing_encoding
P32_MANAGEMENT_MATRIX_200_REAL.analysis.phase_summary,P32_MANAGEMENT_MATRIX_200_REAL,artifacts/phases/P32_MANAGEMENT_MATRIX_200_REAL/phase_summary.json,phase_summary,$.missing_metrics[373],MISSING,No write outage was observed during controlled primary handoff.,copied_from_source_missing_encoding
P32_MANAGEMENT_MATRIX_200_REAL.analysis.phase_summary,P32_MANAGEMENT_MATRIX_200_REAL,artifacts/phases/P32_MANAGEMENT_MATRIX_200_REAL/phase_summary.json,phase_summary,$.missing_metrics[374],MISSING,No read outage was observed during controlled primary handoff.,copied_from_source_missing_encoding
P32_MANAGEMENT_MATRIX_200_REAL.analysis.phase_summary,P32_MANAGEMENT_MATRIX_200_REAL,artifacts/phases/P32_MANAGEMENT_MATRIX_200_REAL/phase_summary.json,phase_summary,$.missing_metrics[375],MISSING,No write outage was observed during controlled primary handoff.,copied_from_source_missing_encoding
P32_MANAGEMENT_MATRIX_200_REAL.analysis.phase_summary,P32_MANAGEMENT_MATRIX_200_REAL,artifacts/phases/P32_MANAGEMENT_MATRIX_200_REAL/phase_summary.json,phase_summary,$.missing_metrics[376],MISSING,No read outage was observed during controlled primary handoff.,copied_from_source_missing_encoding
P32_MANAGEMENT_MATRIX_200_REAL.analysis.phase_summary,P32_MANAGEMENT_MATRIX_200_REAL,artifacts/phases/P32_MANAGEMENT_MATRIX_200_REAL/phase_summary.json,phase_summary,$.missing_metrics[377],MISSING,No write outage was observed during controlled primary handoff.,copied_from_source_missing_encoding
P32_MANAGEMENT_MATRIX_200_REAL.analysis.phase_summary,P32_MANAGEMENT_MATRIX_200_REAL,artifacts/phases/P32_MANAGEMENT_MATRIX_200_REAL/phase_summary.json,phase_summary,$.missing_metrics[378],MISSING,No read outage was observed during controlled primary handoff.,copied_from_source_missing_encoding
P32_MANAGEMENT_MATRIX_200_REAL.analysis.phase_summary,P32_MANAGEMENT_MATRIX_200_REAL,artifacts/phases/P32_MANAGEMENT_MATRIX_200_REAL/phase_summary.json,phase_summary,$.missing_metrics[379],MISSING,No write outage was observed during controlled primary handoff.,copied_from_source_missing_encoding
P32_MANAGEMENT_MATRIX_200_REAL.analysis.phase_summary,P32_MANAGEMENT_MATRIX_200_REAL,artifacts/phases/P32_MANAGEMENT_MATRIX_200_REAL/phase_summary.json,phase_summary,$.missing_metrics[37],MISSING,No write outage was observed during controlled primary handoff.,copied_from_source_missing_encoding
P32_MANAGEMENT_MATRIX_200_REAL.analysis.phase_summary,P32_MANAGEMENT_MATRIX_200_REAL,artifacts/phases/P32_MANAGEMENT_MATRIX_200_REAL/phase_summary.json,phase_summary,$.missing_metrics[380],MISSING,No read outage was observed during controlled primary handoff.,copied_from_source_missing_encoding
P32_MANAGEMENT_MATRIX_200_REAL.analysis.phase_summary,P32_MANAGEMENT_MATRIX_200_REAL,artifacts/phases/P32_MANAGEMENT_MATRIX_200_REAL/phase_summary.json,phase_summary,$.missing_metrics[381],MISSING,No write outage was observed during controlled primary handoff.,copied_from_source_missing_encoding
P32_MANAGEMENT_MATRIX_200_REAL.analysis.phase_summary,P32_MANAGEMENT_MATRIX_200_REAL,artifacts/phases/P32_MANAGEMENT_MATRIX_200_REAL/phase_summary.json,phase_summary,$.missing_metrics[382],MISSING,No read outage was observed during controlled primary handoff.,copied_from_source_missing_encoding
P32_MANAGEMENT_MATRIX_200_REAL.analysis.phase_summary,P32_MANAGEMENT_MATRIX_200_REAL,artifacts/phases/P32_MANAGEMENT_MATRIX_200_REAL/phase_summary.json,phase_summary,$.missing_metrics[383],MISSING,No write outage was observed during controlled primary handoff.,copied_from_source_missing_encoding
P32_MANAGEMENT_MATRIX_200_REAL.analysis.phase_summary,P32_MANAGEMENT_MATRIX_200_REAL,artifacts/phases/P32_MANAGEMENT_MATRIX_200_REAL/phase_summary.json,phase_summary,$.missing_metrics[384],MISSING,No read outage was observed during controlled primary handoff.,copied_from_source_missing_encoding
P32_MANAGEMENT_MATRIX_200_REAL.analysis.phase_summary,P32_MANAGEMENT_MATRIX_200_REAL,artifacts/phases/P32_MANAGEMENT_MATRIX_200_REAL/phase_summary.json,phase_summary,$.missing_metrics[385],MISSING,No write outage was observed during controlled primary handoff.,copied_from_source_missing_encoding
P32_MANAGEMENT_MATRIX_200_REAL.analysis.phase_summary,P32_MANAGEMENT_MATRIX_200_REAL,artifacts/phases/P32_MANAGEMENT_MATRIX_200_REAL/phase_summary.json,phase_summary,$.missing_metrics[386],MISSING,No read outage was observed during controlled primary handoff.,copied_from_source_missing_encoding
P32_MANAGEMENT_MATRIX_200_REAL.analysis.phase_summary,P32_MANAGEMENT_MATRIX_200_REAL,artifacts/phases/P32_MANAGEMENT_MATRIX_200_REAL/phase_summary.json,phase_summary,$.missing_metrics[387],MISSING,No write outage was observed during controlled primary handoff.,copied_from_source_missing_encoding
P32_MANAGEMENT_MATRIX_200_REAL.analysis.phase_summary,P32_MANAGEMENT_MATRIX_200_REAL,artifacts/phases/P32_MANAGEMENT_MATRIX_200_REAL/phase_summary.json,phase_summary,$.missing_metrics[388],MISSING,No read outage was observed during controlled primary handoff.,copied_from_source_missing_encoding
P32_MANAGEMENT_MATRIX_200_REAL.analysis.phase_summary,P32_MANAGEMENT_MATRIX_200_REAL,artifacts/phases/P32_MANAGEMENT_MATRIX_200_REAL/phase_summary.json,phase_summary,$.missing_metrics[389],MISSING,No write outage was observed during controlled primary handoff.,copied_from_source_missing_encoding
P32_MANAGEMENT_MATRIX_200_REAL.analysis.phase_summary,P32_MANAGEMENT_MATRIX_200_REAL,artifacts/phases/P32_MANAGEMENT_MATRIX_200_REAL/phase_summary.json,phase_summary,$.missing_metrics[38],MISSING,No read outage was observed during controlled primary handoff.,copied_from_source_missing_encoding
P32_MANAGEMENT_MATRIX_200_REAL.analysis.phase_summary,P32_MANAGEMENT_MATRIX_200_REAL,artifacts/phases/P32_MANAGEMENT_MATRIX_200_REAL/phase_summary.json,phase_summary,$.missing_metrics[390],MISSING,No read outage was observed during controlled primary handoff.,copied_from_source_missing_encoding
P32_MANAGEMENT_MATRIX_200_REAL.analysis.phase_summary,P32_MANAGEMENT_MATRIX_200_REAL,artifacts/phases/P32_MANAGEMENT_MATRIX_200_REAL/phase_summary.json,phase_summary,$.missing_metrics[391],MISSING,No write outage was observed during controlled primary handoff.,copied_from_source_missing_encoding
P32_MANAGEMENT_MATRIX_200_REAL.analysis.phase_summary,P32_MANAGEMENT_MATRIX_200_REAL,artifacts/phases/P32_MANAGEMENT_MATRIX_200_REAL/phase_summary.json,phase_summary,$.missing_metrics[392],MISSING,No read outage was observed during controlled primary handoff.,copied_from_source_missing_encoding
P32_MANAGEMENT_MATRIX_200_REAL.analysis.phase_summary,P32_MANAGEMENT_MATRIX_200_REAL,artifacts/phases/P32_MANAGEMENT_MATRIX_200_REAL/phase_summary.json,phase_summary,$.missing_metrics[393],MISSING,No write outage was observed during controlled primary handoff.,copied_from_source_missing_encoding
P32_MANAGEMENT_MATRIX_200_REAL.analysis.phase_summary,P32_MANAGEMENT_MATRIX_200_REAL,artifacts/phases/P32_MANAGEMENT_MATRIX_200_REAL/phase_summary.json,phase_summary,$.missing_metrics[394],MISSING,No read outage was observed during controlled primary handoff.,copied_from_source_missing_encoding
P32_MANAGEMENT_MATRIX_200_REAL.analysis.phase_summary,P32_MANAGEMENT_MATRIX_200_REAL,artifacts/phases/P32_MANAGEMENT_MATRIX_200_REAL/phase_summary.json,phase_summary,$.missing_metrics[395],MISSING,No write outage was observed during controlled primary handoff.,copied_from_source_missing_encoding
P32_MANAGEMENT_MATRIX_200_REAL.analysis.phase_summary,P32_MANAGEMENT_MATRIX_200_REAL,artifacts/phases/P32_MANAGEMENT_MATRIX_200_REAL/phase_summary.json,phase_summary,$.missing_metrics[396],MISSING,No read outage was observed during controlled primary handoff.,copied_from_source_missing_encoding
P32_MANAGEMENT_MATRIX_200_REAL.analysis.phase_summary,P32_MANAGEMENT_MATRIX_200_REAL,artifacts/phases/P32_MANAGEMENT_MATRIX_200_REAL/phase_summary.json,phase_summary,$.missing_metrics[397],MISSING,No write outage was observed during controlled primary handoff.,copied_from_source_missing_encoding
P32_MANAGEMENT_MATRIX_200_REAL.analysis.phase_summary,P32_MANAGEMENT_MATRIX_200_REAL,artifacts/phases/P32_MANAGEMENT_MATRIX_200_REAL/phase_summary.json,phase_summary,$.missing_metrics[398],MISSING,No read outage was observed during controlled primary handoff.,copied_from_source_missing_encoding
P32_MANAGEMENT_MATRIX_200_REAL.analysis.phase_summary,P32_MANAGEMENT_MATRIX_200_REAL,artifacts/phases/P32_MANAGEMENT_MATRIX_200_REAL/phase_summary.json,phase_summary,$.missing_metrics[399],MISSING,No write outage was observed during controlled primary handoff.,copied_from_source_missing_encoding
P32_MANAGEMENT_MATRIX_200_REAL.analysis.phase_summary,P32_MANAGEMENT_MATRIX_200_REAL,artifacts/phases/P32_MANAGEMENT_MATRIX_200_REAL/phase_summary.json,phase_summary,$.missing_metrics[39],MISSING,No write outage was observed during controlled primary handoff.,copied_from_source_missing_encoding
P32_MANAGEMENT_MATRIX_200_REAL.analysis.phase_summary,P32_MANAGEMENT_MATRIX_200_REAL,artifacts/phases/P32_MANAGEMENT_MATRIX_200_REAL/phase_summary.json,phase_summary,$.missing_metrics[3],MISSING,Valkey MIGRATE byte count is not exposed by the command path.,copied_from_source_missing_encoding
P32_MANAGEMENT_MATRIX_200_REAL.analysis.phase_summary,P32_MANAGEMENT_MATRIX_200_REAL,artifacts/phases/P32_MANAGEMENT_MATRIX_200_REAL/phase_summary.json,phase_summary,$.missing_metrics[400],MISSING,No read outage was observed during controlled primary handoff.,copied_from_source_missing_encoding
P32_MANAGEMENT_MATRIX_200_REAL.analysis.phase_summary,P32_MANAGEMENT_MATRIX_200_REAL,artifacts/phases/P32_MANAGEMENT_MATRIX_200_REAL/phase_summary.json,phase_summary,$.missing_metrics[401],MISSING,No write outage was observed during controlled primary handoff.,copied_from_source_missing_encoding
P32_MANAGEMENT_MATRIX_200_REAL.analysis.phase_summary,P32_MANAGEMENT_MATRIX_200_REAL,artifacts/phases/P32_MANAGEMENT_MATRIX_200_REAL/phase_summary.json,phase_summary,$.missing_metrics[402],MISSING,No read outage was observed during controlled primary handoff.,copied_from_source_missing_encoding
P32_MANAGEMENT_MATRIX_200_REAL.analysis.phase_summary,P32_MANAGEMENT_MATRIX_200_REAL,artifacts/phases/P32_MANAGEMENT_MATRIX_200_REAL/phase_summary.json,phase_summary,$.missing_metrics[403],MISSING,No write outage was observed during controlled primary handoff.,copied_from_source_missing_encoding
P32_MANAGEMENT_MATRIX_200_REAL.analysis.phase_summary,P32_MANAGEMENT_MATRIX_200_REAL,artifacts/phases/P32_MANAGEMENT_MATRIX_200_REAL/phase_summary.json,phase_summary,$.missing_metrics[404],MISSING,No read outage was observed during controlled primary handoff.,copied_from_source_missing_encoding
P32_MANAGEMENT_MATRIX_200_REAL.analysis.phase_summary,P32_MANAGEMENT_MATRIX_200_REAL,artifacts/phases/P32_MANAGEMENT_MATRIX_200_REAL/phase_summary.json,phase_summary,$.missing_metrics[405],MISSING,No write outage was observed during controlled primary handoff.,copied_from_source_missing_encoding
P32_MANAGEMENT_MATRIX_200_REAL.analysis.phase_summary,P32_MANAGEMENT_MATRIX_200_REAL,artifacts/phases/P32_MANAGEMENT_MATRIX_200_REAL/phase_summary.json,phase_summary,$.missing_metrics[40],MISSING,No read outage was observed during controlled primary handoff.,copied_from_source_missing_encoding
P32_MANAGEMENT_MATRIX_200_REAL.analysis.phase_summary,P32_MANAGEMENT_MATRIX_200_REAL,artifacts/phases/P32_MANAGEMENT_MATRIX_200_REAL/phase_summary.json,phase_summary,$.missing_metrics[41],MISSING,No write outage was observed during controlled primary handoff.,copied_from_source_missing_encoding
P32_MANAGEMENT_MATRIX_200_REAL.analysis.phase_summary,P32_MANAGEMENT_MATRIX_200_REAL,artifacts/phases/P32_MANAGEMENT_MATRIX_200_REAL/phase_summary.json,phase_summary,$.missing_metrics[42],MISSING,No read outage was observed during controlled primary handoff.,copied_from_source_missing_encoding
P32_MANAGEMENT_MATRIX_200_REAL.analysis.phase_summary,P32_MANAGEMENT_MATRIX_200_REAL,artifacts/phases/P32_MANAGEMENT_MATRIX_200_REAL/phase_summary.json,phase_summary,$.missing_metrics[43],MISSING,No write outage was observed during controlled primary handoff.,copied_from_source_missing_encoding
P32_MANAGEMENT_MATRIX_200_REAL.analysis.phase_summary,P32_MANAGEMENT_MATRIX_200_REAL,artifacts/phases/P32_MANAGEMENT_MATRIX_200_REAL/phase_summary.json,phase_summary,$.missing_metrics[44],MISSING,No read outage was observed during controlled primary handoff.,copied_from_source_missing_encoding
P32_MANAGEMENT_MATRIX_200_REAL.analysis.phase_summary,P32_MANAGEMENT_MATRIX_200_REAL,artifacts/phases/P32_MANAGEMENT_MATRIX_200_REAL/phase_summary.json,phase_summary,$.missing_metrics[45],MISSING,No write outage was observed during controlled primary handoff.,copied_from_source_missing_encoding
P32_MANAGEMENT_MATRIX_200_REAL.analysis.phase_summary,P32_MANAGEMENT_MATRIX_200_REAL,artifacts/phases/P32_MANAGEMENT_MATRIX_200_REAL/phase_summary.json,phase_summary,$.missing_metrics[46],MISSING,No read outage was observed during controlled primary handoff.,copied_from_source_missing_encoding
P32_MANAGEMENT_MATRIX_200_REAL.analysis.phase_summary,P32_MANAGEMENT_MATRIX_200_REAL,artifacts/phases/P32_MANAGEMENT_MATRIX_200_REAL/phase_summary.json,phase_summary,$.missing_metrics[47],MISSING,No write outage was observed during controlled primary handoff.,copied_from_source_missing_encoding
P32_MANAGEMENT_MATRIX_200_REAL.analysis.phase_summary,P32_MANAGEMENT_MATRIX_200_REAL,artifacts/phases/P32_MANAGEMENT_MATRIX_200_REAL/phase_summary.json,phase_summary,$.missing_metrics[48],MISSING,No read outage was observed during controlled primary handoff.,copied_from_source_missing_encoding
P32_MANAGEMENT_MATRIX_200_REAL.analysis.phase_summary,P32_MANAGEMENT_MATRIX_200_REAL,artifacts/phases/P32_MANAGEMENT_MATRIX_200_REAL/phase_summary.json,phase_summary,$.missing_metrics[49],MISSING,No write outage was observed during controlled primary handoff.,copied_from_source_missing_encoding
P32_MANAGEMENT_MATRIX_200_REAL.analysis.phase_summary,P32_MANAGEMENT_MATRIX_200_REAL,artifacts/phases/P32_MANAGEMENT_MATRIX_200_REAL/phase_summary.json,phase_summary,$.missing_metrics[4],MISSING,Valkey MIGRATE byte count is not exposed by the command path.,copied_from_source_missing_encoding
P32_MANAGEMENT_MATRIX_200_REAL.analysis.phase_summary,P32_MANAGEMENT_MATRIX_200_REAL,artifacts/phases/P32_MANAGEMENT_MATRIX_200_REAL/phase_summary.json,phase_summary,$.missing_metrics[50],MISSING,No read outage was observed during controlled primary handoff.,copied_from_source_missing_encoding
P32_MANAGEMENT_MATRIX_200_REAL.analysis.phase_summary,P32_MANAGEMENT_MATRIX_200_REAL,artifacts/phases/P32_MANAGEMENT_MATRIX_200_REAL/phase_summary.json,phase_summary,$.missing_metrics[51],MISSING,No write outage was observed during controlled primary handoff.,copied_from_source_missing_encoding
P32_MANAGEMENT_MATRIX_200_REAL.analysis.phase_summary,P32_MANAGEMENT_MATRIX_200_REAL,artifacts/phases/P32_MANAGEMENT_MATRIX_200_REAL/phase_summary.json,phase_summary,$.missing_metrics[52],MISSING,No read outage was observed during controlled primary handoff.,copied_from_source_missing_encoding
P32_MANAGEMENT_MATRIX_200_REAL.analysis.phase_summary,P32_MANAGEMENT_MATRIX_200_REAL,artifacts/phases/P32_MANAGEMENT_MATRIX_200_REAL/phase_summary.json,phase_summary,$.missing_metrics[53],MISSING,No write outage was observed during controlled primary handoff.,copied_from_source_missing_encoding
P32_MANAGEMENT_MATRIX_200_REAL.analysis.phase_summary,P32_MANAGEMENT_MATRIX_200_REAL,artifacts/phases/P32_MANAGEMENT_MATRIX_200_REAL/phase_summary.json,phase_summary,$.missing_metrics[54],MISSING,No read outage was observed during controlled primary handoff.,copied_from_source_missing_encoding
P32_MANAGEMENT_MATRIX_200_REAL.analysis.phase_summary,P32_MANAGEMENT_MATRIX_200_REAL,artifacts/phases/P32_MANAGEMENT_MATRIX_200_REAL/phase_summary.json,phase_summary,$.missing_metrics[55],MISSING,No write outage was observed during controlled primary handoff.,copied_from_source_missing_encoding
P32_MANAGEMENT_MATRIX_200_REAL.analysis.phase_summary,P32_MANAGEMENT_MATRIX_200_REAL,artifacts/phases/P32_MANAGEMENT_MATRIX_200_REAL/phase_summary.json,phase_summary,$.missing_metrics[56],MISSING,No read outage was observed during controlled primary handoff.,copied_from_source_missing_encoding
P32_MANAGEMENT_MATRIX_200_REAL.analysis.phase_summary,P32_MANAGEMENT_MATRIX_200_REAL,artifacts/phases/P32_MANAGEMENT_MATRIX_200_REAL/phase_summary.json,phase_summary,$.missing_metrics[57],MISSING,No write outage was observed during controlled primary handoff.,copied_from_source_missing_encoding
P32_MANAGEMENT_MATRIX_200_REAL.analysis.phase_summary,P32_MANAGEMENT_MATRIX_200_REAL,artifacts/phases/P32_MANAGEMENT_MATRIX_200_REAL/phase_summary.json,phase_summary,$.missing_metrics[58],MISSING,No read outage was observed during controlled primary handoff.,copied_from_source_missing_encoding
P32_MANAGEMENT_MATRIX_200_REAL.analysis.phase_summary,P32_MANAGEMENT_MATRIX_200_REAL,artifacts/phases/P32_MANAGEMENT_MATRIX_200_REAL/phase_summary.json,phase_summary,$.missing_metrics[59],MISSING,No write outage was observed during controlled primary handoff.,copied_from_source_missing_encoding
P32_MANAGEMENT_MATRIX_200_REAL.analysis.phase_summary,P32_MANAGEMENT_MATRIX_200_REAL,artifacts/phases/P32_MANAGEMENT_MATRIX_200_REAL/phase_summary.json,phase_summary,$.missing_metrics[5],MISSING,Valkey MIGRATE byte count is not exposed by the command path.,copied_from_source_missing_encoding
P32_MANAGEMENT_MATRIX_200_REAL.analysis.phase_summary,P32_MANAGEMENT_MATRIX_200_REAL,artifacts/phases/P32_MANAGEMENT_MATRIX_200_REAL/phase_summary.json,phase_summary,$.missing_metrics[60],MISSING,No read outage was observed during controlled primary handoff.,copied_from_source_missing_encoding
P32_MANAGEMENT_MATRIX_200_REAL.analysis.phase_summary,P32_MANAGEMENT_MATRIX_200_REAL,artifacts/phases/P32_MANAGEMENT_MATRIX_200_REAL/phase_summary.json,phase_summary,$.missing_metrics[61],MISSING,No write outage was observed during controlled primary handoff.,copied_from_source_missing_encoding
P32_MANAGEMENT_MATRIX_200_REAL.analysis.phase_summary,P32_MANAGEMENT_MATRIX_200_REAL,artifacts/phases/P32_MANAGEMENT_MATRIX_200_REAL/phase_summary.json,phase_summary,$.missing_metrics[62],MISSING,No read outage was observed during controlled primary handoff.,copied_from_source_missing_encoding
P32_MANAGEMENT_MATRIX_200_REAL.analysis.phase_summary,P32_MANAGEMENT_MATRIX_200_REAL,artifacts/phases/P32_MANAGEMENT_MATRIX_200_REAL/phase_summary.json,phase_summary,$.missing_metrics[63],MISSING,No write outage was observed during controlled primary handoff.,copied_from_source_missing_encoding
P32_MANAGEMENT_MATRIX_200_REAL.analysis.phase_summary,P32_MANAGEMENT_MATRIX_200_REAL,artifacts/phases/P32_MANAGEMENT_MATRIX_200_REAL/phase_summary.json,phase_summary,$.missing_metrics[64],MISSING,No read outage was observed during controlled primary handoff.,copied_from_source_missing_encoding
P32_MANAGEMENT_MATRIX_200_REAL.analysis.phase_summary,P32_MANAGEMENT_MATRIX_200_REAL,artifacts/phases/P32_MANAGEMENT_MATRIX_200_REAL/phase_summary.json,phase_summary,$.missing_metrics[65],MISSING,No write outage was observed during controlled primary handoff.,copied_from_source_missing_encoding
P32_MANAGEMENT_MATRIX_200_REAL.analysis.phase_summary,P32_MANAGEMENT_MATRIX_200_REAL,artifacts/phases/P32_MANAGEMENT_MATRIX_200_REAL/phase_summary.json,phase_summary,$.missing_metrics[66],MISSING,No read outage was observed during controlled primary handoff.,copied_from_source_missing_encoding
P32_MANAGEMENT_MATRIX_200_REAL.analysis.phase_summary,P32_MANAGEMENT_MATRIX_200_REAL,artifacts/phases/P32_MANAGEMENT_MATRIX_200_REAL/phase_summary.json,phase_summary,$.missing_metrics[67],MISSING,No write outage was observed during controlled primary handoff.,copied_from_source_missing_encoding
P32_MANAGEMENT_MATRIX_200_REAL.analysis.phase_summary,P32_MANAGEMENT_MATRIX_200_REAL,artifacts/phases/P32_MANAGEMENT_MATRIX_200_REAL/phase_summary.json,phase_summary,$.missing_metrics[68],MISSING,No read outage was observed during controlled primary handoff.,copied_from_source_missing_encoding
P32_MANAGEMENT_MATRIX_200_REAL.analysis.phase_summary,P32_MANAGEMENT_MATRIX_200_REAL,artifacts/phases/P32_MANAGEMENT_MATRIX_200_REAL/phase_summary.json,phase_summary,$.missing_metrics[69],MISSING,No write outage was observed during controlled primary handoff.,copied_from_source_missing_encoding
P32_MANAGEMENT_MATRIX_200_REAL.analysis.phase_summary,P32_MANAGEMENT_MATRIX_200_REAL,artifacts/phases/P32_MANAGEMENT_MATRIX_200_REAL/phase_summary.json,phase_summary,$.missing_metrics[6],MISSING,No read outage was observed during controlled primary handoff.,copied_from_source_missing_encoding
P32_MANAGEMENT_MATRIX_200_REAL.analysis.phase_summary,P32_MANAGEMENT_MATRIX_200_REAL,artifacts/phases/P32_MANAGEMENT_MATRIX_200_REAL/phase_summary.json,phase_summary,$.missing_metrics[70],MISSING,No read outage was observed during controlled primary handoff.,copied_from_source_missing_encoding
P32_MANAGEMENT_MATRIX_200_REAL.analysis.phase_summary,P32_MANAGEMENT_MATRIX_200_REAL,artifacts/phases/P32_MANAGEMENT_MATRIX_200_REAL/phase_summary.json,phase_summary,$.missing_metrics[71],MISSING,No write outage was observed during controlled primary handoff.,copied_from_source_missing_encoding
P32_MANAGEMENT_MATRIX_200_REAL.analysis.phase_summary,P32_MANAGEMENT_MATRIX_200_REAL,artifacts/phases/P32_MANAGEMENT_MATRIX_200_REAL/phase_summary.json,phase_summary,$.missing_metrics[72],MISSING,No read outage was observed during controlled primary handoff.,copied_from_source_missing_encoding
P32_MANAGEMENT_MATRIX_200_REAL.analysis.phase_summary,P32_MANAGEMENT_MATRIX_200_REAL,artifacts/phases/P32_MANAGEMENT_MATRIX_200_REAL/phase_summary.json,phase_summary,$.missing_metrics[73],MISSING,No write outage was observed during controlled primary handoff.,copied_from_source_missing_encoding
P32_MANAGEMENT_MATRIX_200_REAL.analysis.phase_summary,P32_MANAGEMENT_MATRIX_200_REAL,artifacts/phases/P32_MANAGEMENT_MATRIX_200_REAL/phase_summary.json,phase_summary,$.missing_metrics[74],MISSING,No read outage was observed during controlled primary handoff.,copied_from_source_missing_encoding
P32_MANAGEMENT_MATRIX_200_REAL.analysis.phase_summary,P32_MANAGEMENT_MATRIX_200_REAL,artifacts/phases/P32_MANAGEMENT_MATRIX_200_REAL/phase_summary.json,phase_summary,$.missing_metrics[75],MISSING,No write outage was observed during controlled primary handoff.,copied_from_source_missing_encoding
P32_MANAGEMENT_MATRIX_200_REAL.analysis.phase_summary,P32_MANAGEMENT_MATRIX_200_REAL,artifacts/phases/P32_MANAGEMENT_MATRIX_200_REAL/phase_summary.json,phase_summary,$.missing_metrics[76],MISSING,No read outage was observed during controlled primary handoff.,copied_from_source_missing_encoding
P32_MANAGEMENT_MATRIX_200_REAL.analysis.phase_summary,P32_MANAGEMENT_MATRIX_200_REAL,artifacts/phases/P32_MANAGEMENT_MATRIX_200_REAL/phase_summary.json,phase_summary,$.missing_metrics[77],MISSING,No write outage was observed during controlled primary handoff.,copied_from_source_missing_encoding
P32_MANAGEMENT_MATRIX_200_REAL.analysis.phase_summary,P32_MANAGEMENT_MATRIX_200_REAL,artifacts/phases/P32_MANAGEMENT_MATRIX_200_REAL/phase_summary.json,phase_summary,$.missing_metrics[78],MISSING,No read outage was observed during controlled primary handoff.,copied_from_source_missing_encoding
P32_MANAGEMENT_MATRIX_200_REAL.analysis.phase_summary,P32_MANAGEMENT_MATRIX_200_REAL,artifacts/phases/P32_MANAGEMENT_MATRIX_200_REAL/phase_summary.json,phase_summary,$.missing_metrics[79],MISSING,No write outage was observed during controlled primary handoff.,copied_from_source_missing_encoding
P32_MANAGEMENT_MATRIX_200_REAL.analysis.phase_summary,P32_MANAGEMENT_MATRIX_200_REAL,artifacts/phases/P32_MANAGEMENT_MATRIX_200_REAL/phase_summary.json,phase_summary,$.missing_metrics[7],MISSING,No write outage was observed during controlled primary handoff.,copied_from_source_missing_encoding
P32_MANAGEMENT_MATRIX_200_REAL.analysis.phase_summary,P32_MANAGEMENT_MATRIX_200_REAL,artifacts/phases/P32_MANAGEMENT_MATRIX_200_REAL/phase_summary.json,phase_summary,$.missing_metrics[80],MISSING,No read outage was observed during controlled primary handoff.,copied_from_source_missing_encoding
P32_MANAGEMENT_MATRIX_200_REAL.analysis.phase_summary,P32_MANAGEMENT_MATRIX_200_REAL,artifacts/phases/P32_MANAGEMENT_MATRIX_200_REAL/phase_summary.json,phase_summary,$.missing_metrics[81],MISSING,No write outage was observed during controlled primary handoff.,copied_from_source_missing_encoding
P32_MANAGEMENT_MATRIX_200_REAL.analysis.phase_summary,P32_MANAGEMENT_MATRIX_200_REAL,artifacts/phases/P32_MANAGEMENT_MATRIX_200_REAL/phase_summary.json,phase_summary,$.missing_metrics[82],MISSING,No read outage was observed during controlled primary handoff.,copied_from_source_missing_encoding
P32_MANAGEMENT_MATRIX_200_REAL.analysis.phase_summary,P32_MANAGEMENT_MATRIX_200_REAL,artifacts/phases/P32_MANAGEMENT_MATRIX_200_REAL/phase_summary.json,phase_summary,$.missing_metrics[83],MISSING,No write outage was observed during controlled primary handoff.,copied_from_source_missing_encoding
P32_MANAGEMENT_MATRIX_200_REAL.analysis.phase_summary,P32_MANAGEMENT_MATRIX_200_REAL,artifacts/phases/P32_MANAGEMENT_MATRIX_200_REAL/phase_summary.json,phase_summary,$.missing_metrics[84],MISSING,No read outage was observed during controlled primary handoff.,copied_from_source_missing_encoding
P32_MANAGEMENT_MATRIX_200_REAL.analysis.phase_summary,P32_MANAGEMENT_MATRIX_200_REAL,artifacts/phases/P32_MANAGEMENT_MATRIX_200_REAL/phase_summary.json,phase_summary,$.missing_metrics[85],MISSING,No write outage was observed during controlled primary handoff.,copied_from_source_missing_encoding
P32_MANAGEMENT_MATRIX_200_REAL.analysis.phase_summary,P32_MANAGEMENT_MATRIX_200_REAL,artifacts/phases/P32_MANAGEMENT_MATRIX_200_REAL/phase_summary.json,phase_summary,$.missing_metrics[86],MISSING,No read outage was observed during controlled primary handoff.,copied_from_source_missing_encoding
P32_MANAGEMENT_MATRIX_200_REAL.analysis.phase_summary,P32_MANAGEMENT_MATRIX_200_REAL,artifacts/phases/P32_MANAGEMENT_MATRIX_200_REAL/phase_summary.json,phase_summary,$.missing_metrics[87],MISSING,No write outage was observed during controlled primary handoff.,copied_from_source_missing_encoding
P32_MANAGEMENT_MATRIX_200_REAL.analysis.phase_summary,P32_MANAGEMENT_MATRIX_200_REAL,artifacts/phases/P32_MANAGEMENT_MATRIX_200_REAL/phase_summary.json,phase_summary,$.missing_metrics[88],MISSING,No read outage was observed during controlled primary handoff.,copied_from_source_missing_encoding
P32_MANAGEMENT_MATRIX_200_REAL.analysis.phase_summary,P32_MANAGEMENT_MATRIX_200_REAL,artifacts/phases/P32_MANAGEMENT_MATRIX_200_REAL/phase_summary.json,phase_summary,$.missing_metrics[89],MISSING,No write outage was observed during controlled primary handoff.,copied_from_source_missing_encoding
P32_MANAGEMENT_MATRIX_200_REAL.analysis.phase_summary,P32_MANAGEMENT_MATRIX_200_REAL,artifacts/phases/P32_MANAGEMENT_MATRIX_200_REAL/phase_summary.json,phase_summary,$.missing_metrics[8],MISSING,No read outage was observed during controlled primary handoff.,copied_from_source_missing_encoding
P32_MANAGEMENT_MATRIX_200_REAL.analysis.phase_summary,P32_MANAGEMENT_MATRIX_200_REAL,artifacts/phases/P32_MANAGEMENT_MATRIX_200_REAL/phase_summary.json,phase_summary,$.missing_metrics[90],MISSING,No read outage was observed during controlled primary handoff.,copied_from_source_missing_encoding
P32_MANAGEMENT_MATRIX_200_REAL.analysis.phase_summary,P32_MANAGEMENT_MATRIX_200_REAL,artifacts/phases/P32_MANAGEMENT_MATRIX_200_REAL/phase_summary.json,phase_summary,$.missing_metrics[91],MISSING,No write outage was observed during controlled primary handoff.,copied_from_source_missing_encoding
P32_MANAGEMENT_MATRIX_200_REAL.analysis.phase_summary,P32_MANAGEMENT_MATRIX_200_REAL,artifacts/phases/P32_MANAGEMENT_MATRIX_200_REAL/phase_summary.json,phase_summary,$.missing_metrics[92],MISSING,No read outage was observed during controlled primary handoff.,copied_from_source_missing_encoding
P32_MANAGEMENT_MATRIX_200_REAL.analysis.phase_summary,P32_MANAGEMENT_MATRIX_200_REAL,artifacts/phases/P32_MANAGEMENT_MATRIX_200_REAL/phase_summary.json,phase_summary,$.missing_metrics[93],MISSING,No write outage was observed during controlled primary handoff.,copied_from_source_missing_encoding
P32_MANAGEMENT_MATRIX_200_REAL.analysis.phase_summary,P32_MANAGEMENT_MATRIX_200_REAL,artifacts/phases/P32_MANAGEMENT_MATRIX_200_REAL/phase_summary.json,phase_summary,$.missing_metrics[94],MISSING,No read outage was observed during controlled primary handoff.,copied_from_source_missing_encoding
P32_MANAGEMENT_MATRIX_200_REAL.analysis.phase_summary,P32_MANAGEMENT_MATRIX_200_REAL,artifacts/phases/P32_MANAGEMENT_MATRIX_200_REAL/phase_summary.json,phase_summary,$.missing_metrics[95],MISSING,No write outage was observed during controlled primary handoff.,copied_from_source_missing_encoding
P32_MANAGEMENT_MATRIX_200_REAL.analysis.phase_summary,P32_MANAGEMENT_MATRIX_200_REAL,artifacts/phases/P32_MANAGEMENT_MATRIX_200_REAL/phase_summary.json,phase_summary,$.missing_metrics[96],MISSING,No read outage was observed during controlled primary handoff.,copied_from_source_missing_encoding
P32_MANAGEMENT_MATRIX_200_REAL.analysis.phase_summary,P32_MANAGEMENT_MATRIX_200_REAL,artifacts/phases/P32_MANAGEMENT_MATRIX_200_REAL/phase_summary.json,phase_summary,$.missing_metrics[97],MISSING,No write outage was observed during controlled primary handoff.,copied_from_source_missing_encoding
P32_MANAGEMENT_MATRIX_200_REAL.analysis.phase_summary,P32_MANAGEMENT_MATRIX_200_REAL,artifacts/phases/P32_MANAGEMENT_MATRIX_200_REAL/phase_summary.json,phase_summary,$.missing_metrics[98],MISSING,No read outage was observed during controlled primary handoff.,copied_from_source_missing_encoding
P32_MANAGEMENT_MATRIX_200_REAL.analysis.phase_summary,P32_MANAGEMENT_MATRIX_200_REAL,artifacts/phases/P32_MANAGEMENT_MATRIX_200_REAL/phase_summary.json,phase_summary,$.missing_metrics[99],MISSING,No write outage was observed during controlled primary handoff.,copied_from_source_missing_encoding
P32_MANAGEMENT_MATRIX_200_REAL.analysis.phase_summary,P32_MANAGEMENT_MATRIX_200_REAL,artifacts/phases/P32_MANAGEMENT_MATRIX_200_REAL/phase_summary.json,phase_summary,$.missing_metrics[9],MISSING,No write outage was observed during controlled primary handoff.,copied_from_source_missing_encoding
50.fault.cleanup_verify,P33_FAULT_FAILOVER_MATRIX_50_REAL,artifacts/phases/P33_FAULT_FAILOVER_MATRIX_50_REAL/cleanup_report.json,cleanup_verify,$.cleanup_actions[2],SKIPPED_WITH_REASON,Some Valkey pids were still observable or verification timed out before owned container removal.,copied_from_source_missing_encoding
50.fault.cleanup_verify,P33_FAULT_FAILOVER_MATRIX_50_REAL,artifacts/phases/P33_FAULT_FAILOVER_MATRIX_50_REAL/cleanup_report.json,cleanup_verify,$.cleanup_actions[3],SKIPPED_WITH_REASON,Some Valkey pids were still observable or verification timed out before owned container removal.,copied_from_source_missing_encoding
50.fault.primary_stop_failover,P33_FAULT_FAILOVER_MATRIX_50_REAL,artifacts/phases/P33_FAULT_FAILOVER_MATRIX_50_REAL/failover_latency_curve.json,promotion_latency_ms,delta_from_previous_scale_ms,SKIPPED_WITH_REASON,No previous real scale exists for the first failover curve point.,copied_from_source_missing_encoding
50.fault.primary_stop_failover,P33_FAULT_FAILOVER_MATRIX_50_REAL,artifacts/phases/P33_FAULT_FAILOVER_MATRIX_50_REAL/failover_latency_curve.json,cluster_recovery_latency_ms,delta_from_previous_scale_ms,SKIPPED_WITH_REASON,No previous real scale exists for the first failover curve point.,copied_from_source_missing_encoding
50.fault.resource_preflight,P33_FAULT_FAILOVER_MATRIX_50_REAL,artifacts/phases/P33_FAULT_FAILOVER_MATRIX_50_REAL/resource_preflight.json,resource_preflight,projected_node_memory_mb,SKIPPED_WITH_REASON,Projection-only memory is not a real-runtime metric for exact-scale source stages.,copied_from_source_missing_encoding
100.fault.cleanup_verify,P34_FAULT_FAILOVER_MATRIX_100_REAL,artifacts/phases/P34_FAULT_FAILOVER_MATRIX_100_REAL/cleanup_report.json,cleanup_verify,$.cleanup_actions[2],SKIPPED_WITH_REASON,Some Valkey pids were still observable or verification timed out before owned container removal.,copied_from_source_missing_encoding
100.fault.cleanup_verify,P34_FAULT_FAILOVER_MATRIX_100_REAL,artifacts/phases/P34_FAULT_FAILOVER_MATRIX_100_REAL/cleanup_report.json,cleanup_verify,$.cleanup_actions[3],SKIPPED_WITH_REASON,Some Valkey pids were still observable or verification timed out before owned container removal.,copied_from_source_missing_encoding
100.fault.resource_preflight,P34_FAULT_FAILOVER_MATRIX_100_REAL,artifacts/phases/P34_FAULT_FAILOVER_MATRIX_100_REAL/resource_preflight.json,resource_preflight,projected_node_memory_mb,SKIPPED_WITH_REASON,Projection-only memory is not a real-runtime metric for exact-scale source stages.,copied_from_source_missing_encoding
200.fault.cleanup_verify,P35_FAULT_FAILOVER_MATRIX_200_REAL,artifacts/phases/P35_FAULT_FAILOVER_MATRIX_200_REAL/cleanup_report.json,cleanup_verify,$.cleanup_actions[2],SKIPPED_WITH_REASON,Some Valkey pids were still observable or verification timed out before owned container removal.,copied_from_source_missing_encoding
200.fault.cleanup_verify,P35_FAULT_FAILOVER_MATRIX_200_REAL,artifacts/phases/P35_FAULT_FAILOVER_MATRIX_200_REAL/cleanup_report.json,cleanup_verify,$.cleanup_actions[3],SKIPPED_WITH_REASON,Some Valkey pids were still observable or verification timed out before owned container removal.,copied_from_source_missing_encoding
200.fault.cleanup_verify,P35_FAULT_FAILOVER_MATRIX_200_REAL,artifacts/phases/P35_FAULT_FAILOVER_MATRIX_200_REAL/cleanup_report.json,cleanup_verify,$.cleanup_actions[8],SKIPPED_WITH_REASON,Container stop timed out or failed before force removal.,copied_from_source_missing_encoding
200.fault.resource_preflight,P35_FAULT_FAILOVER_MATRIX_200_REAL,artifacts/phases/P35_FAULT_FAILOVER_MATRIX_200_REAL/resource_preflight.json,resource_preflight,projected_node_memory_mb,SKIPPED_WITH_REASON,Projection-only memory is not a real-runtime metric for exact-scale source stages.,copied_from_source_missing_encoding
100.lifecycle.cleanup_verify,P36_FULL_FLOW_E2E_50_100_200_REAL,artifacts/phases/P36_FULL_FLOW_E2E_50_100_200_REAL/full_flow_100/cleanup_report.json,cleanup_verify,$.cleanup_actions[2],SKIPPED_WITH_REASON,Some Valkey pids were still observable or verification timed out before owned container removal.,copied_from_source_missing_encoding
100.lifecycle.cleanup_verify,P36_FULL_FLOW_E2E_50_100_200_REAL,artifacts/phases/P36_FULL_FLOW_E2E_50_100_200_REAL/full_flow_100/cleanup_report.json,cleanup_verify,$.cleanup_actions[3],SKIPPED_WITH_REASON,Some Valkey pids were still observable or verification timed out before owned container removal.,copied_from_source_missing_encoding
100.lifecycle.resource_preflight,P36_FULL_FLOW_E2E_50_100_200_REAL,artifacts/phases/P36_FULL_FLOW_E2E_50_100_200_REAL/full_flow_100/resource_preflight.json,resource_preflight,projected_node_memory_mb,SKIPPED_WITH_REASON,Projection-only memory is not a real-runtime metric for exact-scale full-flow source stages.,copied_from_source_missing_encoding
200.lifecycle.cleanup_verify,P36_FULL_FLOW_E2E_50_100_200_REAL,artifacts/phases/P36_FULL_FLOW_E2E_50_100_200_REAL/full_flow_200/cleanup_report.json,cleanup_verify,$.cleanup_actions[2],SKIPPED_WITH_REASON,Some Valkey pids were still observable or verification timed out before owned container removal.,copied_from_source_missing_encoding
200.lifecycle.cleanup_verify,P36_FULL_FLOW_E2E_50_100_200_REAL,artifacts/phases/P36_FULL_FLOW_E2E_50_100_200_REAL/full_flow_200/cleanup_report.json,cleanup_verify,$.cleanup_actions[3],SKIPPED_WITH_REASON,Some Valkey pids were still observable or verification timed out before owned container removal.,copied_from_source_missing_encoding
200.lifecycle.cleanup_verify,P36_FULL_FLOW_E2E_50_100_200_REAL,artifacts/phases/P36_FULL_FLOW_E2E_50_100_200_REAL/full_flow_200/cleanup_report.json,cleanup_verify,$.cleanup_actions[8],SKIPPED_WITH_REASON,Container stop timed out or failed before force removal.,copied_from_source_missing_encoding
200.lifecycle.resource_preflight,P36_FULL_FLOW_E2E_50_100_200_REAL,artifacts/phases/P36_FULL_FLOW_E2E_50_100_200_REAL/full_flow_200/resource_preflight.json,resource_preflight,projected_node_memory_mb,SKIPPED_WITH_REASON,Projection-only memory is not a real-runtime metric for exact-scale full-flow source stages.,copied_from_source_missing_encoding
50.lifecycle.cleanup_verify,P36_FULL_FLOW_E2E_50_100_200_REAL,artifacts/phases/P36_FULL_FLOW_E2E_50_100_200_REAL/full_flow_50/cleanup_report.json,cleanup_verify,$.cleanup_actions[2],SKIPPED_WITH_REASON,Some Valkey pids were still observable or verification timed out before owned container removal.,copied_from_source_missing_encoding
50.lifecycle.cleanup_verify,P36_FULL_FLOW_E2E_50_100_200_REAL,artifacts/phases/P36_FULL_FLOW_E2E_50_100_200_REAL/full_flow_50/cleanup_report.json,cleanup_verify,$.cleanup_actions[3],SKIPPED_WITH_REASON,Some Valkey pids were still observable or verification timed out before owned container removal.,copied_from_source_missing_encoding
50.lifecycle.resource_preflight,P36_FULL_FLOW_E2E_50_100_200_REAL,artifacts/phases/P36_FULL_FLOW_E2E_50_100_200_REAL/full_flow_50/resource_preflight.json,resource_preflight,projected_node_memory_mb,SKIPPED_WITH_REASON,Projection-only memory is not a real-runtime metric for exact-scale full-flow source stages.,copied_from_source_missing_encoding
1000.dry_run.resource_preflight_dry_run,P37_200_PLUS_DRY_RUN_SUPPORT,artifacts/phases/P37_200_PLUS_DRY_RUN_SUPPORT/resource_estimate_1000.json,resource_preflight_dry_run,memory_per_node_mb,SKIPPED_WITH_REASON,P37 above-200 rows are dry-run-only projections and do not have real runtime resource measurements.,copied_from_source_missing_encoding
1000.dry_run.resource_preflight_dry_run,P37_200_PLUS_DRY_RUN_SUPPORT,artifacts/phases/P37_200_PLUS_DRY_RUN_SUPPORT/resource_estimate_1000.json,resource_preflight_dry_run,required_disk_free_mb,SKIPPED_WITH_REASON,P37 above-200 rows are dry-run-only projections and do not have real runtime resource measurements.,copied_from_source_missing_encoding
1000.dry_run.resource_preflight_dry_run,P37_200_PLUS_DRY_RUN_SUPPORT,artifacts/phases/P37_200_PLUS_DRY_RUN_SUPPORT/resource_estimate_1000.json,resource_preflight_dry_run,required_memory_mb,SKIPPED_WITH_REASON,P37 above-200 rows are dry-run-only projections and do not have real runtime resource measurements.,copied_from_source_missing_encoding
201.dry_run.resource_preflight_dry_run,P37_200_PLUS_DRY_RUN_SUPPORT,artifacts/phases/P37_200_PLUS_DRY_RUN_SUPPORT/resource_estimate_201.json,resource_preflight_dry_run,memory_per_node_mb,SKIPPED_WITH_REASON,P37 above-200 rows are dry-run-only projections and do not have real runtime resource measurements.,copied_from_source_missing_encoding
201.dry_run.resource_preflight_dry_run,P37_200_PLUS_DRY_RUN_SUPPORT,artifacts/phases/P37_200_PLUS_DRY_RUN_SUPPORT/resource_estimate_201.json,resource_preflight_dry_run,required_disk_free_mb,SKIPPED_WITH_REASON,P37 above-200 rows are dry-run-only projections and do not have real runtime resource measurements.,copied_from_source_missing_encoding
201.dry_run.resource_preflight_dry_run,P37_200_PLUS_DRY_RUN_SUPPORT,artifacts/phases/P37_200_PLUS_DRY_RUN_SUPPORT/resource_estimate_201.json,resource_preflight_dry_run,required_memory_mb,SKIPPED_WITH_REASON,P37 above-200 rows are dry-run-only projections and do not have real runtime resource measurements.,copied_from_source_missing_encoding
250.dry_run.resource_preflight_dry_run,P37_200_PLUS_DRY_RUN_SUPPORT,artifacts/phases/P37_200_PLUS_DRY_RUN_SUPPORT/resource_estimate_250.json,resource_preflight_dry_run,memory_per_node_mb,SKIPPED_WITH_REASON,P37 above-200 rows are dry-run-only projections and do not have real runtime resource measurements.,copied_from_source_missing_encoding
250.dry_run.resource_preflight_dry_run,P37_200_PLUS_DRY_RUN_SUPPORT,artifacts/phases/P37_200_PLUS_DRY_RUN_SUPPORT/resource_estimate_250.json,resource_preflight_dry_run,required_disk_free_mb,SKIPPED_WITH_REASON,P37 above-200 rows are dry-run-only projections and do not have real runtime resource measurements.,copied_from_source_missing_encoding
250.dry_run.resource_preflight_dry_run,P37_200_PLUS_DRY_RUN_SUPPORT,artifacts/phases/P37_200_PLUS_DRY_RUN_SUPPORT/resource_estimate_250.json,resource_preflight_dry_run,required_memory_mb,SKIPPED_WITH_REASON,P37 above-200 rows are dry-run-only projections and do not have real runtime resource measurements.,copied_from_source_missing_encoding
300.dry_run.resource_preflight_dry_run,P37_200_PLUS_DRY_RUN_SUPPORT,artifacts/phases/P37_200_PLUS_DRY_RUN_SUPPORT/resource_estimate_300.json,resource_preflight_dry_run,memory_per_node_mb,SKIPPED_WITH_REASON,P37 above-200 rows are dry-run-only projections and do not have real runtime resource measurements.,copied_from_source_missing_encoding
300.dry_run.resource_preflight_dry_run,P37_200_PLUS_DRY_RUN_SUPPORT,artifacts/phases/P37_200_PLUS_DRY_RUN_SUPPORT/resource_estimate_300.json,resource_preflight_dry_run,required_disk_free_mb,SKIPPED_WITH_REASON,P37 above-200 rows are dry-run-only projections and do not have real runtime resource measurements.,copied_from_source_missing_encoding
300.dry_run.resource_preflight_dry_run,P37_200_PLUS_DRY_RUN_SUPPORT,artifacts/phases/P37_200_PLUS_DRY_RUN_SUPPORT/resource_estimate_300.json,resource_preflight_dry_run,required_memory_mb,SKIPPED_WITH_REASON,P37 above-200 rows are dry-run-only projections and do not have real runtime resource measurements.,copied_from_source_missing_encoding
500.dry_run.resource_preflight_dry_run,P37_200_PLUS_DRY_RUN_SUPPORT,artifacts/phases/P37_200_PLUS_DRY_RUN_SUPPORT/resource_estimate_500.json,resource_preflight_dry_run,memory_per_node_mb,SKIPPED_WITH_REASON,P37 above-200 rows are dry-run-only projections and do not have real runtime resource measurements.,copied_from_source_missing_encoding
500.dry_run.resource_preflight_dry_run,P37_200_PLUS_DRY_RUN_SUPPORT,artifacts/phases/P37_200_PLUS_DRY_RUN_SUPPORT/resource_estimate_500.json,resource_preflight_dry_run,required_disk_free_mb,SKIPPED_WITH_REASON,P37 above-200 rows are dry-run-only projections and do not have real runtime resource measurements.,copied_from_source_missing_encoding
500.dry_run.resource_preflight_dry_run,P37_200_PLUS_DRY_RUN_SUPPORT,artifacts/phases/P37_200_PLUS_DRY_RUN_SUPPORT/resource_estimate_500.json,resource_preflight_dry_run,required_memory_mb,SKIPPED_WITH_REASON,P37 above-200 rows are dry-run-only projections and do not have real runtime resource measurements.,copied_from_source_missing_encoding
P37_200_PLUS_DRY_RUN_SUPPORT.analysis.phase_summary,P37_200_PLUS_DRY_RUN_SUPPORT,artifacts/phases/P37_200_PLUS_DRY_RUN_SUPPORT/phase_summary.json,phase_summary,$.missing_metrics[0],SKIPPED_WITH_REASON,P37 is dry-run-only above 200 nodes and must not create or probe a live Valkey cluster.,copied_from_source_missing_encoding
