coverage_id,scale,node_count,category,row_name,stage_owner,required,execution_mode,status,status_reason,source_artifacts,validation_artifacts,metric_refs,cleanup_ref,review_ref,commit_sha
50.lifecycle.add_replica,50,50,lifecycle,add_replica,P36_FULL_FLOW_E2E_50_100_200_REAL,True,real,PASS,P36 exact-50 lifecycle step add_replica executed through the full-flow scenario and verified by scoped evidence.,artifacts/phases/P36_FULL_FLOW_E2E_50_100_200_REAL/full_flow_50/full_flow_result.json;artifacts/phases/P36_FULL_FLOW_E2E_50_100_200_REAL/full_flow_50/valkey_e2e_evidence.json,artifacts/phases/P36_FULL_FLOW_E2E_50_100_200_REAL/full_flow_matrix.json;artifacts/phases/P36_FULL_FLOW_E2E_50_100_200_REAL/full_flow_results.jsonl;artifacts/phases/P36_FULL_FLOW_E2E_50_100_200_REAL/full_flow_50/analysis_summary.json;artifacts/phases/P36_FULL_FLOW_E2E_50_100_200_REAL/full_flow_50/report_index.json,artifacts/phases/P36_FULL_FLOW_E2E_50_100_200_REAL/metrics_timeseries.jsonl,artifacts/phases/P36_FULL_FLOW_E2E_50_100_200_REAL/full_flow_50/cleanup_report.json,artifacts/goal_loop_strict/P36_FULL_FLOW_E2E_50_100_200_REAL/REVIEW.md,PENDING_REVIEW_AND_COMMIT
50.lifecycle.analysis_build,50,50,lifecycle,analysis_build,P36_FULL_FLOW_E2E_50_100_200_REAL,True,real,PASS,P36 exact-50 lifecycle step analysis_build executed through the full-flow scenario and verified by scoped evidence.,artifacts/phases/P36_FULL_FLOW_E2E_50_100_200_REAL/full_flow_50/full_flow_result.json;artifacts/phases/P36_FULL_FLOW_E2E_50_100_200_REAL/full_flow_50/valkey_e2e_evidence.json,artifacts/phases/P36_FULL_FLOW_E2E_50_100_200_REAL/full_flow_matrix.json;artifacts/phases/P36_FULL_FLOW_E2E_50_100_200_REAL/full_flow_results.jsonl;artifacts/phases/P36_FULL_FLOW_E2E_50_100_200_REAL/full_flow_50/analysis_summary.json;artifacts/phases/P36_FULL_FLOW_E2E_50_100_200_REAL/full_flow_50/report_index.json,artifacts/phases/P36_FULL_FLOW_E2E_50_100_200_REAL/metrics_timeseries.jsonl,artifacts/phases/P36_FULL_FLOW_E2E_50_100_200_REAL/full_flow_50/cleanup_report.json,artifacts/goal_loop_strict/P36_FULL_FLOW_E2E_50_100_200_REAL/REVIEW.md,PENDING_REVIEW_AND_COMMIT
50.lifecycle.assign_slots,50,50,lifecycle,assign_slots,P36_FULL_FLOW_E2E_50_100_200_REAL,True,real,PASS,P36 exact-50 lifecycle step assign_slots executed through the full-flow scenario and verified by scoped evidence.,artifacts/phases/P36_FULL_FLOW_E2E_50_100_200_REAL/full_flow_50/full_flow_result.json;artifacts/phases/P36_FULL_FLOW_E2E_50_100_200_REAL/full_flow_50/valkey_e2e_evidence.json,artifacts/phases/P36_FULL_FLOW_E2E_50_100_200_REAL/full_flow_matrix.json;artifacts/phases/P36_FULL_FLOW_E2E_50_100_200_REAL/full_flow_results.jsonl;artifacts/phases/P36_FULL_FLOW_E2E_50_100_200_REAL/full_flow_50/analysis_summary.json;artifacts/phases/P36_FULL_FLOW_E2E_50_100_200_REAL/full_flow_50/report_index.json,artifacts/phases/P36_FULL_FLOW_E2E_50_100_200_REAL/metrics_timeseries.jsonl,artifacts/phases/P36_FULL_FLOW_E2E_50_100_200_REAL/full_flow_50/cleanup_report.json,artifacts/goal_loop_strict/P36_FULL_FLOW_E2E_50_100_200_REAL/REVIEW.md,PENDING_REVIEW_AND_COMMIT
50.lifecycle.baseline_workload,50,50,lifecycle,baseline_workload,P36_FULL_FLOW_E2E_50_100_200_REAL,True,real,PASS,P36 exact-50 lifecycle step baseline_workload executed through the full-flow scenario and verified by scoped evidence.,artifacts/phases/P36_FULL_FLOW_E2E_50_100_200_REAL/full_flow_50/full_flow_result.json;artifacts/phases/P36_FULL_FLOW_E2E_50_100_200_REAL/full_flow_50/valkey_e2e_evidence.json,artifacts/phases/P36_FULL_FLOW_E2E_50_100_200_REAL/full_flow_matrix.json;artifacts/phases/P36_FULL_FLOW_E2E_50_100_200_REAL/full_flow_results.jsonl;artifacts/phases/P36_FULL_FLOW_E2E_50_100_200_REAL/full_flow_50/analysis_summary.json;artifacts/phases/P36_FULL_FLOW_E2E_50_100_200_REAL/full_flow_50/report_index.json,artifacts/phases/P36_FULL_FLOW_E2E_50_100_200_REAL/metrics_timeseries.jsonl,artifacts/phases/P36_FULL_FLOW_E2E_50_100_200_REAL/full_flow_50/cleanup_report.json,artifacts/goal_loop_strict/P36_FULL_FLOW_E2E_50_100_200_REAL/REVIEW.md,PENDING_REVIEW_AND_COMMIT
50.lifecycle.cleanup_verify,50,50,lifecycle,cleanup_verify,P36_FULL_FLOW_E2E_50_100_200_REAL,True,real,PASS,P36 exact-50 lifecycle step cleanup_verify executed through the full-flow scenario and verified by scoped evidence.,artifacts/phases/P36_FULL_FLOW_E2E_50_100_200_REAL/full_flow_50/full_flow_result.json;artifacts/phases/P36_FULL_FLOW_E2E_50_100_200_REAL/full_flow_50/valkey_e2e_evidence.json,artifacts/phases/P36_FULL_FLOW_E2E_50_100_200_REAL/full_flow_matrix.json;artifacts/phases/P36_FULL_FLOW_E2E_50_100_200_REAL/full_flow_results.jsonl;artifacts/phases/P36_FULL_FLOW_E2E_50_100_200_REAL/full_flow_50/analysis_summary.json;artifacts/phases/P36_FULL_FLOW_E2E_50_100_200_REAL/full_flow_50/report_index.json,artifacts/phases/P36_FULL_FLOW_E2E_50_100_200_REAL/metrics_timeseries.jsonl,artifacts/phases/P36_FULL_FLOW_E2E_50_100_200_REAL/full_flow_50/cleanup_report.json,artifacts/goal_loop_strict/P36_FULL_FLOW_E2E_50_100_200_REAL/REVIEW.md,PENDING_REVIEW_AND_COMMIT
50.lifecycle.config_validate,50,50,lifecycle,config_validate,P36_FULL_FLOW_E2E_50_100_200_REAL,True,real,PASS,P36 exact-50 lifecycle step config_validate executed through the full-flow scenario and verified by scoped evidence.,artifacts/phases/P36_FULL_FLOW_E2E_50_100_200_REAL/full_flow_50/full_flow_result.json;artifacts/phases/P36_FULL_FLOW_E2E_50_100_200_REAL/full_flow_50/valkey_e2e_evidence.json,artifacts/phases/P36_FULL_FLOW_E2E_50_100_200_REAL/full_flow_matrix.json;artifacts/phases/P36_FULL_FLOW_E2E_50_100_200_REAL/full_flow_results.jsonl;artifacts/phases/P36_FULL_FLOW_E2E_50_100_200_REAL/full_flow_50/analysis_summary.json;artifacts/phases/P36_FULL_FLOW_E2E_50_100_200_REAL/full_flow_50/report_index.json,artifacts/phases/P36_FULL_FLOW_E2E_50_100_200_REAL/metrics_timeseries.jsonl,artifacts/phases/P36_FULL_FLOW_E2E_50_100_200_REAL/full_flow_50/cleanup_report.json,artifacts/goal_loop_strict/P36_FULL_FLOW_E2E_50_100_200_REAL/REVIEW.md,PENDING_REVIEW_AND_COMMIT
50.lifecycle.create_cluster,50,50,lifecycle,create_cluster,P36_FULL_FLOW_E2E_50_100_200_REAL,True,real,PASS,P36 exact-50 lifecycle step create_cluster executed through the full-flow scenario and verified by scoped evidence.,artifacts/phases/P36_FULL_FLOW_E2E_50_100_200_REAL/full_flow_50/full_flow_result.json;artifacts/phases/P36_FULL_FLOW_E2E_50_100_200_REAL/full_flow_50/valkey_e2e_evidence.json,artifacts/phases/P36_FULL_FLOW_E2E_50_100_200_REAL/full_flow_matrix.json;artifacts/phases/P36_FULL_FLOW_E2E_50_100_200_REAL/full_flow_results.jsonl;artifacts/phases/P36_FULL_FLOW_E2E_50_100_200_REAL/full_flow_50/analysis_summary.json;artifacts/phases/P36_FULL_FLOW_E2E_50_100_200_REAL/full_flow_50/report_index.json,artifacts/phases/P36_FULL_FLOW_E2E_50_100_200_REAL/metrics_timeseries.jsonl,artifacts/phases/P36_FULL_FLOW_E2E_50_100_200_REAL/full_flow_50/cleanup_report.json,artifacts/goal_loop_strict/P36_FULL_FLOW_E2E_50_100_200_REAL/REVIEW.md,PENDING_REVIEW_AND_COMMIT
50.lifecycle.meet_nodes,50,50,lifecycle,meet_nodes,P36_FULL_FLOW_E2E_50_100_200_REAL,True,real,PASS,P36 exact-50 lifecycle step meet_nodes executed through the full-flow scenario and verified by scoped evidence.,artifacts/phases/P36_FULL_FLOW_E2E_50_100_200_REAL/full_flow_50/full_flow_result.json;artifacts/phases/P36_FULL_FLOW_E2E_50_100_200_REAL/full_flow_50/valkey_e2e_evidence.json,artifacts/phases/P36_FULL_FLOW_E2E_50_100_200_REAL/full_flow_matrix.json;artifacts/phases/P36_FULL_FLOW_E2E_50_100_200_REAL/full_flow_results.jsonl;artifacts/phases/P36_FULL_FLOW_E2E_50_100_200_REAL/full_flow_50/analysis_summary.json;artifacts/phases/P36_FULL_FLOW_E2E_50_100_200_REAL/full_flow_50/report_index.json,artifacts/phases/P36_FULL_FLOW_E2E_50_100_200_REAL/metrics_timeseries.jsonl,artifacts/phases/P36_FULL_FLOW_E2E_50_100_200_REAL/full_flow_50/cleanup_report.json,artifacts/goal_loop_strict/P36_FULL_FLOW_E2E_50_100_200_REAL/REVIEW.md,PENDING_REVIEW_AND_COMMIT
50.lifecycle.plan_cluster,50,50,lifecycle,plan_cluster,P36_FULL_FLOW_E2E_50_100_200_REAL,True,real,PASS,P36 exact-50 lifecycle step plan_cluster executed through the full-flow scenario and verified by scoped evidence.,artifacts/phases/P36_FULL_FLOW_E2E_50_100_200_REAL/full_flow_50/full_flow_result.json;artifacts/phases/P36_FULL_FLOW_E2E_50_100_200_REAL/full_flow_50/valkey_e2e_evidence.json,artifacts/phases/P36_FULL_FLOW_E2E_50_100_200_REAL/full_flow_matrix.json;artifacts/phases/P36_FULL_FLOW_E2E_50_100_200_REAL/full_flow_results.jsonl;artifacts/phases/P36_FULL_FLOW_E2E_50_100_200_REAL/full_flow_50/analysis_summary.json;artifacts/phases/P36_FULL_FLOW_E2E_50_100_200_REAL/full_flow_50/report_index.json,artifacts/phases/P36_FULL_FLOW_E2E_50_100_200_REAL/metrics_timeseries.jsonl,artifacts/phases/P36_FULL_FLOW_E2E_50_100_200_REAL/full_flow_50/cleanup_report.json,artifacts/goal_loop_strict/P36_FULL_FLOW_E2E_50_100_200_REAL/REVIEW.md,PENDING_REVIEW_AND_COMMIT
50.lifecycle.report_render,50,50,lifecycle,report_render,P36_FULL_FLOW_E2E_50_100_200_REAL,True,real,PASS,P36 exact-50 lifecycle step report_render executed through the full-flow scenario and verified by scoped evidence.,artifacts/phases/P36_FULL_FLOW_E2E_50_100_200_REAL/full_flow_50/full_flow_result.json;artifacts/phases/P36_FULL_FLOW_E2E_50_100_200_REAL/full_flow_50/valkey_e2e_evidence.json,artifacts/phases/P36_FULL_FLOW_E2E_50_100_200_REAL/full_flow_matrix.json;artifacts/phases/P36_FULL_FLOW_E2E_50_100_200_REAL/full_flow_results.jsonl;artifacts/phases/P36_FULL_FLOW_E2E_50_100_200_REAL/full_flow_50/analysis_summary.json;artifacts/phases/P36_FULL_FLOW_E2E_50_100_200_REAL/full_flow_50/report_index.json,artifacts/phases/P36_FULL_FLOW_E2E_50_100_200_REAL/metrics_timeseries.jsonl,artifacts/phases/P36_FULL_FLOW_E2E_50_100_200_REAL/full_flow_50/cleanup_report.json,artifacts/goal_loop_strict/P36_FULL_FLOW_E2E_50_100_200_REAL/REVIEW.md,PENDING_REVIEW_AND_COMMIT
50.lifecycle.resource_preflight,50,50,lifecycle,resource_preflight,P36_FULL_FLOW_E2E_50_100_200_REAL,True,real,PASS,P36 exact-50 lifecycle step resource_preflight executed through the full-flow scenario and verified by scoped evidence.,artifacts/phases/P36_FULL_FLOW_E2E_50_100_200_REAL/full_flow_50/full_flow_result.json;artifacts/phases/P36_FULL_FLOW_E2E_50_100_200_REAL/full_flow_50/valkey_e2e_evidence.json,artifacts/phases/P36_FULL_FLOW_E2E_50_100_200_REAL/full_flow_matrix.json;artifacts/phases/P36_FULL_FLOW_E2E_50_100_200_REAL/full_flow_results.jsonl;artifacts/phases/P36_FULL_FLOW_E2E_50_100_200_REAL/full_flow_50/analysis_summary.json;artifacts/phases/P36_FULL_FLOW_E2E_50_100_200_REAL/full_flow_50/report_index.json,artifacts/phases/P36_FULL_FLOW_E2E_50_100_200_REAL/metrics_timeseries.jsonl,artifacts/phases/P36_FULL_FLOW_E2E_50_100_200_REAL/full_flow_50/cleanup_report.json,artifacts/goal_loop_strict/P36_FULL_FLOW_E2E_50_100_200_REAL/REVIEW.md,PENDING_REVIEW_AND_COMMIT
50.lifecycle.telemetry_collect,50,50,lifecycle,telemetry_collect,P36_FULL_FLOW_E2E_50_100_200_REAL,True,real,PASS,P36 exact-50 lifecycle step telemetry_collect executed through the full-flow scenario and verified by scoped evidence.,artifacts/phases/P36_FULL_FLOW_E2E_50_100_200_REAL/full_flow_50/full_flow_result.json;artifacts/phases/P36_FULL_FLOW_E2E_50_100_200_REAL/full_flow_50/valkey_e2e_evidence.json,artifacts/phases/P36_FULL_FLOW_E2E_50_100_200_REAL/full_flow_matrix.json;artifacts/phases/P36_FULL_FLOW_E2E_50_100_200_REAL/full_flow_results.jsonl;artifacts/phases/P36_FULL_FLOW_E2E_50_100_200_REAL/full_flow_50/analysis_summary.json;artifacts/phases/P36_FULL_FLOW_E2E_50_100_200_REAL/full_flow_50/report_index.json,artifacts/phases/P36_FULL_FLOW_E2E_50_100_200_REAL/metrics_timeseries.jsonl,artifacts/phases/P36_FULL_FLOW_E2E_50_100_200_REAL/full_flow_50/cleanup_report.json,artifacts/goal_loop_strict/P36_FULL_FLOW_E2E_50_100_200_REAL/REVIEW.md,PENDING_REVIEW_AND_COMMIT
50.management.add_replica,50,50,management,add_replica,P30_MANAGEMENT_MATRIX_50_REAL,True,real,PASS,Real exact-50 management operation executed and verified.,artifacts/phases/P30_MANAGEMENT_MATRIX_50_REAL/management_operation_results.jsonl;artifacts/phases/P30_MANAGEMENT_MATRIX_50_REAL/management_command_log.jsonl;artifacts/phases/P30_MANAGEMENT_MATRIX_50_REAL/management_topology_snapshots.jsonl;artifacts/phases/P30_MANAGEMENT_MATRIX_50_REAL/workload_windows.json,artifacts/phases/P30_MANAGEMENT_MATRIX_50_REAL/management_ops_matrix.json;artifacts/phases/P30_MANAGEMENT_MATRIX_50_REAL/management_operation_results.jsonl;artifacts/phases/P30_MANAGEMENT_MATRIX_50_REAL/management_workload_impact.json,artifacts/phases/P30_MANAGEMENT_MATRIX_50_REAL/metrics_timeseries.jsonl,artifacts/phases/P30_MANAGEMENT_MATRIX_50_REAL/cleanup_report.json,artifacts/goal_loop_strict/P30_MANAGEMENT_MATRIX_50_REAL/REVIEW.md,PENDING_REVIEW_AND_COMMIT
50.management.create_cluster,50,50,management,create_cluster,P30_MANAGEMENT_MATRIX_50_REAL,True,real,PASS,Real exact-50 management operation executed and verified.,artifacts/phases/P30_MANAGEMENT_MATRIX_50_REAL/management_operation_results.jsonl;artifacts/phases/P30_MANAGEMENT_MATRIX_50_REAL/management_command_log.jsonl;artifacts/phases/P30_MANAGEMENT_MATRIX_50_REAL/management_topology_snapshots.jsonl;artifacts/phases/P30_MANAGEMENT_MATRIX_50_REAL/workload_windows.json,artifacts/phases/P30_MANAGEMENT_MATRIX_50_REAL/management_ops_matrix.json;artifacts/phases/P30_MANAGEMENT_MATRIX_50_REAL/management_operation_results.jsonl;artifacts/phases/P30_MANAGEMENT_MATRIX_50_REAL/management_workload_impact.json,artifacts/phases/P30_MANAGEMENT_MATRIX_50_REAL/metrics_timeseries.jsonl,artifacts/phases/P30_MANAGEMENT_MATRIX_50_REAL/cleanup_report.json,artifacts/goal_loop_strict/P30_MANAGEMENT_MATRIX_50_REAL/REVIEW.md,PENDING_REVIEW_AND_COMMIT
50.management.meet_nodes,50,50,management,meet_nodes,P30_MANAGEMENT_MATRIX_50_REAL,True,real,PASS,Real exact-50 management operation executed and verified.,artifacts/phases/P30_MANAGEMENT_MATRIX_50_REAL/management_operation_results.jsonl;artifacts/phases/P30_MANAGEMENT_MATRIX_50_REAL/management_command_log.jsonl;artifacts/phases/P30_MANAGEMENT_MATRIX_50_REAL/management_topology_snapshots.jsonl;artifacts/phases/P30_MANAGEMENT_MATRIX_50_REAL/workload_windows.json,artifacts/phases/P30_MANAGEMENT_MATRIX_50_REAL/management_ops_matrix.json;artifacts/phases/P30_MANAGEMENT_MATRIX_50_REAL/management_operation_results.jsonl;artifacts/phases/P30_MANAGEMENT_MATRIX_50_REAL/management_workload_impact.json,artifacts/phases/P30_MANAGEMENT_MATRIX_50_REAL/metrics_timeseries.jsonl,artifacts/phases/P30_MANAGEMENT_MATRIX_50_REAL/cleanup_report.json,artifacts/goal_loop_strict/P30_MANAGEMENT_MATRIX_50_REAL/REVIEW.md,PENDING_REVIEW_AND_COMMIT
50.management.rebalance_after_imbalance,50,50,management,rebalance_after_imbalance,P30_MANAGEMENT_MATRIX_50_REAL,True,real,PASS,Real exact-50 management operation executed and verified.,artifacts/phases/P30_MANAGEMENT_MATRIX_50_REAL/management_operation_results.jsonl;artifacts/phases/P30_MANAGEMENT_MATRIX_50_REAL/management_command_log.jsonl;artifacts/phases/P30_MANAGEMENT_MATRIX_50_REAL/management_topology_snapshots.jsonl;artifacts/phases/P30_MANAGEMENT_MATRIX_50_REAL/workload_windows.json,artifacts/phases/P30_MANAGEMENT_MATRIX_50_REAL/management_ops_matrix.json;artifacts/phases/P30_MANAGEMENT_MATRIX_50_REAL/management_operation_results.jsonl;artifacts/phases/P30_MANAGEMENT_MATRIX_50_REAL/management_workload_impact.json,artifacts/phases/P30_MANAGEMENT_MATRIX_50_REAL/metrics_timeseries.jsonl,artifacts/phases/P30_MANAGEMENT_MATRIX_50_REAL/cleanup_report.json,artifacts/goal_loop_strict/P30_MANAGEMENT_MATRIX_50_REAL/REVIEW.md,PENDING_REVIEW_AND_COMMIT
50.management.remove_failed_node,50,50,management,remove_failed_node,P30_MANAGEMENT_MATRIX_50_REAL,True,real,PASS,Real exact-50 management operation executed and verified.,artifacts/phases/P30_MANAGEMENT_MATRIX_50_REAL/management_operation_results.jsonl;artifacts/phases/P30_MANAGEMENT_MATRIX_50_REAL/management_command_log.jsonl;artifacts/phases/P30_MANAGEMENT_MATRIX_50_REAL/management_topology_snapshots.jsonl;artifacts/phases/P30_MANAGEMENT_MATRIX_50_REAL/workload_windows.json,artifacts/phases/P30_MANAGEMENT_MATRIX_50_REAL/management_ops_matrix.json;artifacts/phases/P30_MANAGEMENT_MATRIX_50_REAL/management_operation_results.jsonl;artifacts/phases/P30_MANAGEMENT_MATRIX_50_REAL/management_workload_impact.json,artifacts/phases/P30_MANAGEMENT_MATRIX_50_REAL/metrics_timeseries.jsonl,artifacts/phases/P30_MANAGEMENT_MATRIX_50_REAL/cleanup_report.json,artifacts/goal_loop_strict/P30_MANAGEMENT_MATRIX_50_REAL/REVIEW.md,PENDING_REVIEW_AND_COMMIT
50.management.remove_primary_drained_or_safe_replaced,50,50,management,remove_primary_drained_or_safe_replaced,P30_MANAGEMENT_MATRIX_50_REAL,True,real,PASS,Real exact-50 management operation executed and verified.,artifacts/phases/P30_MANAGEMENT_MATRIX_50_REAL/management_operation_results.jsonl;artifacts/phases/P30_MANAGEMENT_MATRIX_50_REAL/management_command_log.jsonl;artifacts/phases/P30_MANAGEMENT_MATRIX_50_REAL/management_topology_snapshots.jsonl;artifacts/phases/P30_MANAGEMENT_MATRIX_50_REAL/workload_windows.json,artifacts/phases/P30_MANAGEMENT_MATRIX_50_REAL/management_ops_matrix.json;artifacts/phases/P30_MANAGEMENT_MATRIX_50_REAL/management_operation_results.jsonl;artifacts/phases/P30_MANAGEMENT_MATRIX_50_REAL/management_workload_impact.json,artifacts/phases/P30_MANAGEMENT_MATRIX_50_REAL/metrics_timeseries.jsonl,artifacts/phases/P30_MANAGEMENT_MATRIX_50_REAL/cleanup_report.json,artifacts/goal_loop_strict/P30_MANAGEMENT_MATRIX_50_REAL/REVIEW.md,PENDING_REVIEW_AND_COMMIT
50.management.remove_replica,50,50,management,remove_replica,P30_MANAGEMENT_MATRIX_50_REAL,True,real,PASS,Real exact-50 management operation executed and verified.,artifacts/phases/P30_MANAGEMENT_MATRIX_50_REAL/management_operation_results.jsonl;artifacts/phases/P30_MANAGEMENT_MATRIX_50_REAL/management_command_log.jsonl;artifacts/phases/P30_MANAGEMENT_MATRIX_50_REAL/management_topology_snapshots.jsonl;artifacts/phases/P30_MANAGEMENT_MATRIX_50_REAL/workload_windows.json,artifacts/phases/P30_MANAGEMENT_MATRIX_50_REAL/management_ops_matrix.json;artifacts/phases/P30_MANAGEMENT_MATRIX_50_REAL/management_operation_results.jsonl;artifacts/phases/P30_MANAGEMENT_MATRIX_50_REAL/management_workload_impact.json,artifacts/phases/P30_MANAGEMENT_MATRIX_50_REAL/metrics_timeseries.jsonl,artifacts/phases/P30_MANAGEMENT_MATRIX_50_REAL/cleanup_report.json,artifacts/goal_loop_strict/P30_MANAGEMENT_MATRIX_50_REAL/REVIEW.md,PENDING_REVIEW_AND_COMMIT
50.management.reshard_slot_range,50,50,management,reshard_slot_range,P30_MANAGEMENT_MATRIX_50_REAL,True,real,PASS,Real exact-50 management operation executed and verified.,artifacts/phases/P30_MANAGEMENT_MATRIX_50_REAL/management_operation_results.jsonl;artifacts/phases/P30_MANAGEMENT_MATRIX_50_REAL/management_command_log.jsonl;artifacts/phases/P30_MANAGEMENT_MATRIX_50_REAL/management_topology_snapshots.jsonl;artifacts/phases/P30_MANAGEMENT_MATRIX_50_REAL/workload_windows.json,artifacts/phases/P30_MANAGEMENT_MATRIX_50_REAL/management_ops_matrix.json;artifacts/phases/P30_MANAGEMENT_MATRIX_50_REAL/management_operation_results.jsonl;artifacts/phases/P30_MANAGEMENT_MATRIX_50_REAL/management_workload_impact.json,artifacts/phases/P30_MANAGEMENT_MATRIX_50_REAL/metrics_timeseries.jsonl,artifacts/phases/P30_MANAGEMENT_MATRIX_50_REAL/cleanup_report.json,artifacts/goal_loop_strict/P30_MANAGEMENT_MATRIX_50_REAL/REVIEW.md,PENDING_REVIEW_AND_COMMIT
50.management.reshard_with_keys,50,50,management,reshard_with_keys,P30_MANAGEMENT_MATRIX_50_REAL,True,real,PASS,Real exact-50 management operation executed and verified.,artifacts/phases/P30_MANAGEMENT_MATRIX_50_REAL/management_operation_results.jsonl;artifacts/phases/P30_MANAGEMENT_MATRIX_50_REAL/management_command_log.jsonl;artifacts/phases/P30_MANAGEMENT_MATRIX_50_REAL/management_topology_snapshots.jsonl;artifacts/phases/P30_MANAGEMENT_MATRIX_50_REAL/workload_windows.json,artifacts/phases/P30_MANAGEMENT_MATRIX_50_REAL/management_ops_matrix.json;artifacts/phases/P30_MANAGEMENT_MATRIX_50_REAL/management_operation_results.jsonl;artifacts/phases/P30_MANAGEMENT_MATRIX_50_REAL/management_workload_impact.json,artifacts/phases/P30_MANAGEMENT_MATRIX_50_REAL/metrics_timeseries.jsonl,artifacts/phases/P30_MANAGEMENT_MATRIX_50_REAL/cleanup_report.json,artifacts/goal_loop_strict/P30_MANAGEMENT_MATRIX_50_REAL/REVIEW.md,PENDING_REVIEW_AND_COMMIT
50.management.rolling_restart_primary_safe,50,50,management,rolling_restart_primary_safe,P30_MANAGEMENT_MATRIX_50_REAL,True,real,PASS,Real exact-50 management operation executed and verified.,artifacts/phases/P30_MANAGEMENT_MATRIX_50_REAL/management_operation_results.jsonl;artifacts/phases/P30_MANAGEMENT_MATRIX_50_REAL/management_command_log.jsonl;artifacts/phases/P30_MANAGEMENT_MATRIX_50_REAL/management_topology_snapshots.jsonl;artifacts/phases/P30_MANAGEMENT_MATRIX_50_REAL/workload_windows.json,artifacts/phases/P30_MANAGEMENT_MATRIX_50_REAL/management_ops_matrix.json;artifacts/phases/P30_MANAGEMENT_MATRIX_50_REAL/management_operation_results.jsonl;artifacts/phases/P30_MANAGEMENT_MATRIX_50_REAL/management_workload_impact.json,artifacts/phases/P30_MANAGEMENT_MATRIX_50_REAL/metrics_timeseries.jsonl,artifacts/phases/P30_MANAGEMENT_MATRIX_50_REAL/cleanup_report.json,artifacts/goal_loop_strict/P30_MANAGEMENT_MATRIX_50_REAL/REVIEW.md,PENDING_REVIEW_AND_COMMIT
50.management.rolling_restart_replica_first,50,50,management,rolling_restart_replica_first,P30_MANAGEMENT_MATRIX_50_REAL,True,real,PASS,Real exact-50 management operation executed and verified.,artifacts/phases/P30_MANAGEMENT_MATRIX_50_REAL/management_operation_results.jsonl;artifacts/phases/P30_MANAGEMENT_MATRIX_50_REAL/management_command_log.jsonl;artifacts/phases/P30_MANAGEMENT_MATRIX_50_REAL/management_topology_snapshots.jsonl;artifacts/phases/P30_MANAGEMENT_MATRIX_50_REAL/workload_windows.json,artifacts/phases/P30_MANAGEMENT_MATRIX_50_REAL/management_ops_matrix.json;artifacts/phases/P30_MANAGEMENT_MATRIX_50_REAL/management_operation_results.jsonl;artifacts/phases/P30_MANAGEMENT_MATRIX_50_REAL/management_workload_impact.json,artifacts/phases/P30_MANAGEMENT_MATRIX_50_REAL/metrics_timeseries.jsonl,artifacts/phases/P30_MANAGEMENT_MATRIX_50_REAL/cleanup_report.json,artifacts/goal_loop_strict/P30_MANAGEMENT_MATRIX_50_REAL/REVIEW.md,PENDING_REVIEW_AND_COMMIT
50.fault.az_stop,50,50,fault,az_stop,P33_FAULT_FAILOVER_MATRIX_50_REAL,True,real,PASS,Real exact-50 fault/failover row executed and verified.,artifacts/phases/P33_FAULT_FAILOVER_MATRIX_50_REAL/fault_operation_results.jsonl,artifacts/phases/P33_FAULT_FAILOVER_MATRIX_50_REAL/fault_matrix_report.json;artifacts/phases/P33_FAULT_FAILOVER_MATRIX_50_REAL/fault_operation_results.jsonl;artifacts/phases/P33_FAULT_FAILOVER_MATRIX_50_REAL/failover_latency_curve.json;artifacts/phases/P33_FAULT_FAILOVER_MATRIX_50_REAL/split_brain_report.json;artifacts/phases/P33_FAULT_FAILOVER_MATRIX_50_REAL/fault_workload_impact.json,artifacts/phases/P33_FAULT_FAILOVER_MATRIX_50_REAL/metrics_timeseries.jsonl,artifacts/phases/P33_FAULT_FAILOVER_MATRIX_50_REAL/cleanup_report.json,artifacts/goal_loop_strict/P33_FAULT_FAILOVER_MATRIX_50_REAL/REVIEW.md,PENDING_REVIEW_AND_COMMIT
50.fault.fault_period_workload_impact,50,50,fault,fault_period_workload_impact,P33_FAULT_FAILOVER_MATRIX_50_REAL,True,real,PASS,Real exact-50 fault/failover row executed and verified.,artifacts/phases/P33_FAULT_FAILOVER_MATRIX_50_REAL/fault_operation_results.jsonl,artifacts/phases/P33_FAULT_FAILOVER_MATRIX_50_REAL/fault_matrix_report.json;artifacts/phases/P33_FAULT_FAILOVER_MATRIX_50_REAL/fault_operation_results.jsonl;artifacts/phases/P33_FAULT_FAILOVER_MATRIX_50_REAL/failover_latency_curve.json;artifacts/phases/P33_FAULT_FAILOVER_MATRIX_50_REAL/split_brain_report.json;artifacts/phases/P33_FAULT_FAILOVER_MATRIX_50_REAL/fault_workload_impact.json,artifacts/phases/P33_FAULT_FAILOVER_MATRIX_50_REAL/metrics_timeseries.jsonl,artifacts/phases/P33_FAULT_FAILOVER_MATRIX_50_REAL/cleanup_report.json,artifacts/goal_loop_strict/P33_FAULT_FAILOVER_MATRIX_50_REAL/REVIEW.md,PENDING_REVIEW_AND_COMMIT
50.fault.majority_partition,50,50,fault,majority_partition,P33_FAULT_FAILOVER_MATRIX_50_REAL,True,real,PASS,Real exact-50 fault/failover row executed and verified.,artifacts/phases/P33_FAULT_FAILOVER_MATRIX_50_REAL/fault_operation_results.jsonl,artifacts/phases/P33_FAULT_FAILOVER_MATRIX_50_REAL/fault_matrix_report.json;artifacts/phases/P33_FAULT_FAILOVER_MATRIX_50_REAL/fault_operation_results.jsonl;artifacts/phases/P33_FAULT_FAILOVER_MATRIX_50_REAL/failover_latency_curve.json;artifacts/phases/P33_FAULT_FAILOVER_MATRIX_50_REAL/split_brain_report.json;artifacts/phases/P33_FAULT_FAILOVER_MATRIX_50_REAL/fault_workload_impact.json,artifacts/phases/P33_FAULT_FAILOVER_MATRIX_50_REAL/metrics_timeseries.jsonl,artifacts/phases/P33_FAULT_FAILOVER_MATRIX_50_REAL/cleanup_report.json,artifacts/goal_loop_strict/P33_FAULT_FAILOVER_MATRIX_50_REAL/REVIEW.md,PENDING_REVIEW_AND_COMMIT
50.fault.minority_partition,50,50,fault,minority_partition,P33_FAULT_FAILOVER_MATRIX_50_REAL,True,real,PASS,Real exact-50 fault/failover row executed and verified.,artifacts/phases/P33_FAULT_FAILOVER_MATRIX_50_REAL/fault_operation_results.jsonl,artifacts/phases/P33_FAULT_FAILOVER_MATRIX_50_REAL/fault_matrix_report.json;artifacts/phases/P33_FAULT_FAILOVER_MATRIX_50_REAL/fault_operation_results.jsonl;artifacts/phases/P33_FAULT_FAILOVER_MATRIX_50_REAL/failover_latency_curve.json;artifacts/phases/P33_FAULT_FAILOVER_MATRIX_50_REAL/split_brain_report.json;artifacts/phases/P33_FAULT_FAILOVER_MATRIX_50_REAL/fault_workload_impact.json,artifacts/phases/P33_FAULT_FAILOVER_MATRIX_50_REAL/metrics_timeseries.jsonl,artifacts/phases/P33_FAULT_FAILOVER_MATRIX_50_REAL/cleanup_report.json,artifacts/goal_loop_strict/P33_FAULT_FAILOVER_MATRIX_50_REAL/REVIEW.md,PENDING_REVIEW_AND_COMMIT
50.fault.network_delay,50,50,fault,network_delay,P33_FAULT_FAILOVER_MATRIX_50_REAL,True,real,PASS,Real exact-50 fault/failover row executed and verified.,artifacts/phases/P33_FAULT_FAILOVER_MATRIX_50_REAL/fault_operation_results.jsonl,artifacts/phases/P33_FAULT_FAILOVER_MATRIX_50_REAL/fault_matrix_report.json;artifacts/phases/P33_FAULT_FAILOVER_MATRIX_50_REAL/fault_operation_results.jsonl;artifacts/phases/P33_FAULT_FAILOVER_MATRIX_50_REAL/failover_latency_curve.json;artifacts/phases/P33_FAULT_FAILOVER_MATRIX_50_REAL/split_brain_report.json;artifacts/phases/P33_FAULT_FAILOVER_MATRIX_50_REAL/fault_workload_impact.json,artifacts/phases/P33_FAULT_FAILOVER_MATRIX_50_REAL/metrics_timeseries.jsonl,artifacts/phases/P33_FAULT_FAILOVER_MATRIX_50_REAL/cleanup_report.json,artifacts/goal_loop_strict/P33_FAULT_FAILOVER_MATRIX_50_REAL/REVIEW.md,PENDING_REVIEW_AND_COMMIT
50.fault.network_flap,50,50,fault,network_flap,P33_FAULT_FAILOVER_MATRIX_50_REAL,True,real,PASS,Real exact-50 fault/failover row executed and verified.,artifacts/phases/P33_FAULT_FAILOVER_MATRIX_50_REAL/fault_operation_results.jsonl,artifacts/phases/P33_FAULT_FAILOVER_MATRIX_50_REAL/fault_matrix_report.json;artifacts/phases/P33_FAULT_FAILOVER_MATRIX_50_REAL/fault_operation_results.jsonl;artifacts/phases/P33_FAULT_FAILOVER_MATRIX_50_REAL/failover_latency_curve.json;artifacts/phases/P33_FAULT_FAILOVER_MATRIX_50_REAL/split_brain_report.json;artifacts/phases/P33_FAULT_FAILOVER_MATRIX_50_REAL/fault_workload_impact.json,artifacts/phases/P33_FAULT_FAILOVER_MATRIX_50_REAL/metrics_timeseries.jsonl,artifacts/phases/P33_FAULT_FAILOVER_MATRIX_50_REAL/cleanup_report.json,artifacts/goal_loop_strict/P33_FAULT_FAILOVER_MATRIX_50_REAL/REVIEW.md,PENDING_REVIEW_AND_COMMIT
50.fault.network_loss,50,50,fault,network_loss,P33_FAULT_FAILOVER_MATRIX_50_REAL,True,real,PASS,Real exact-50 fault/failover row executed and verified.,artifacts/phases/P33_FAULT_FAILOVER_MATRIX_50_REAL/fault_operation_results.jsonl,artifacts/phases/P33_FAULT_FAILOVER_MATRIX_50_REAL/fault_matrix_report.json;artifacts/phases/P33_FAULT_FAILOVER_MATRIX_50_REAL/fault_operation_results.jsonl;artifacts/phases/P33_FAULT_FAILOVER_MATRIX_50_REAL/failover_latency_curve.json;artifacts/phases/P33_FAULT_FAILOVER_MATRIX_50_REAL/split_brain_report.json;artifacts/phases/P33_FAULT_FAILOVER_MATRIX_50_REAL/fault_workload_impact.json,artifacts/phases/P33_FAULT_FAILOVER_MATRIX_50_REAL/metrics_timeseries.jsonl,artifacts/phases/P33_FAULT_FAILOVER_MATRIX_50_REAL/cleanup_report.json,artifacts/goal_loop_strict/P33_FAULT_FAILOVER_MATRIX_50_REAL/REVIEW.md,PENDING_REVIEW_AND_COMMIT
50.fault.network_partition,50,50,fault,network_partition,P33_FAULT_FAILOVER_MATRIX_50_REAL,True,real,PASS,Real exact-50 fault/failover row executed and verified.,artifacts/phases/P33_FAULT_FAILOVER_MATRIX_50_REAL/fault_operation_results.jsonl,artifacts/phases/P33_FAULT_FAILOVER_MATRIX_50_REAL/fault_matrix_report.json;artifacts/phases/P33_FAULT_FAILOVER_MATRIX_50_REAL/fault_operation_results.jsonl;artifacts/phases/P33_FAULT_FAILOVER_MATRIX_50_REAL/failover_latency_curve.json;artifacts/phases/P33_FAULT_FAILOVER_MATRIX_50_REAL/split_brain_report.json;artifacts/phases/P33_FAULT_FAILOVER_MATRIX_50_REAL/fault_workload_impact.json,artifacts/phases/P33_FAULT_FAILOVER_MATRIX_50_REAL/metrics_timeseries.jsonl,artifacts/phases/P33_FAULT_FAILOVER_MATRIX_50_REAL/cleanup_report.json,artifacts/goal_loop_strict/P33_FAULT_FAILOVER_MATRIX_50_REAL/REVIEW.md,PENDING_REVIEW_AND_COMMIT
50.fault.node_host_stop,50,50,fault,node_host_stop,P33_FAULT_FAILOVER_MATRIX_50_REAL,True,real,PASS,Real exact-50 fault/failover row executed and verified.,artifacts/phases/P33_FAULT_FAILOVER_MATRIX_50_REAL/fault_operation_results.jsonl,artifacts/phases/P33_FAULT_FAILOVER_MATRIX_50_REAL/fault_matrix_report.json;artifacts/phases/P33_FAULT_FAILOVER_MATRIX_50_REAL/fault_operation_results.jsonl;artifacts/phases/P33_FAULT_FAILOVER_MATRIX_50_REAL/failover_latency_curve.json;artifacts/phases/P33_FAULT_FAILOVER_MATRIX_50_REAL/split_brain_report.json;artifacts/phases/P33_FAULT_FAILOVER_MATRIX_50_REAL/fault_workload_impact.json,artifacts/phases/P33_FAULT_FAILOVER_MATRIX_50_REAL/metrics_timeseries.jsonl,artifacts/phases/P33_FAULT_FAILOVER_MATRIX_50_REAL/cleanup_report.json,artifacts/goal_loop_strict/P33_FAULT_FAILOVER_MATRIX_50_REAL/REVIEW.md,PENDING_REVIEW_AND_COMMIT
50.fault.primary_stop_failover,50,50,fault,primary_stop_failover,P33_FAULT_FAILOVER_MATRIX_50_REAL,True,real,PASS,Real exact-50 fault/failover row executed and verified.,artifacts/phases/P33_FAULT_FAILOVER_MATRIX_50_REAL/failover_samples.jsonl;artifacts/phases/P33_FAULT_FAILOVER_MATRIX_50_REAL/failover_latency_curve.json,artifacts/phases/P33_FAULT_FAILOVER_MATRIX_50_REAL/fault_matrix_report.json;artifacts/phases/P33_FAULT_FAILOVER_MATRIX_50_REAL/fault_operation_results.jsonl;artifacts/phases/P33_FAULT_FAILOVER_MATRIX_50_REAL/failover_latency_curve.json;artifacts/phases/P33_FAULT_FAILOVER_MATRIX_50_REAL/split_brain_report.json;artifacts/phases/P33_FAULT_FAILOVER_MATRIX_50_REAL/fault_workload_impact.json,artifacts/phases/P33_FAULT_FAILOVER_MATRIX_50_REAL/metrics_timeseries.jsonl,artifacts/phases/P33_FAULT_FAILOVER_MATRIX_50_REAL/cleanup_report.json,artifacts/goal_loop_strict/P33_FAULT_FAILOVER_MATRIX_50_REAL/REVIEW.md,PENDING_REVIEW_AND_COMMIT
50.fault.replica_stop,50,50,fault,replica_stop,P33_FAULT_FAILOVER_MATRIX_50_REAL,True,real,PASS,Real exact-50 fault/failover row executed and verified.,artifacts/phases/P33_FAULT_FAILOVER_MATRIX_50_REAL/fault_operation_results.jsonl,artifacts/phases/P33_FAULT_FAILOVER_MATRIX_50_REAL/fault_matrix_report.json;artifacts/phases/P33_FAULT_FAILOVER_MATRIX_50_REAL/fault_operation_results.jsonl;artifacts/phases/P33_FAULT_FAILOVER_MATRIX_50_REAL/failover_latency_curve.json;artifacts/phases/P33_FAULT_FAILOVER_MATRIX_50_REAL/split_brain_report.json;artifacts/phases/P33_FAULT_FAILOVER_MATRIX_50_REAL/fault_workload_impact.json,artifacts/phases/P33_FAULT_FAILOVER_MATRIX_50_REAL/metrics_timeseries.jsonl,artifacts/phases/P33_FAULT_FAILOVER_MATRIX_50_REAL/cleanup_report.json,artifacts/goal_loop_strict/P33_FAULT_FAILOVER_MATRIX_50_REAL/REVIEW.md,PENDING_REVIEW_AND_COMMIT
50.fault.split_brain_window_detection,50,50,fault,split_brain_window_detection,P33_FAULT_FAILOVER_MATRIX_50_REAL,True,real,PASS,Real exact-50 fault/failover row executed and verified.,artifacts/phases/P33_FAULT_FAILOVER_MATRIX_50_REAL/fault_operation_results.jsonl,artifacts/phases/P33_FAULT_FAILOVER_MATRIX_50_REAL/fault_matrix_report.json;artifacts/phases/P33_FAULT_FAILOVER_MATRIX_50_REAL/fault_operation_results.jsonl;artifacts/phases/P33_FAULT_FAILOVER_MATRIX_50_REAL/failover_latency_curve.json;artifacts/phases/P33_FAULT_FAILOVER_MATRIX_50_REAL/split_brain_report.json;artifacts/phases/P33_FAULT_FAILOVER_MATRIX_50_REAL/fault_workload_impact.json,artifacts/phases/P33_FAULT_FAILOVER_MATRIX_50_REAL/metrics_timeseries.jsonl,artifacts/phases/P33_FAULT_FAILOVER_MATRIX_50_REAL/cleanup_report.json,artifacts/goal_loop_strict/P33_FAULT_FAILOVER_MATRIX_50_REAL/REVIEW.md,PENDING_REVIEW_AND_COMMIT
100.lifecycle.add_replica,100,100,lifecycle,add_replica,P36_FULL_FLOW_E2E_50_100_200_REAL,True,real,PASS,P36 exact-100 lifecycle step add_replica executed through the full-flow scenario and verified by scoped evidence.,artifacts/phases/P36_FULL_FLOW_E2E_50_100_200_REAL/full_flow_100/full_flow_result.json;artifacts/phases/P36_FULL_FLOW_E2E_50_100_200_REAL/full_flow_100/valkey_e2e_evidence.json,artifacts/phases/P36_FULL_FLOW_E2E_50_100_200_REAL/full_flow_matrix.json;artifacts/phases/P36_FULL_FLOW_E2E_50_100_200_REAL/full_flow_results.jsonl;artifacts/phases/P36_FULL_FLOW_E2E_50_100_200_REAL/full_flow_100/analysis_summary.json;artifacts/phases/P36_FULL_FLOW_E2E_50_100_200_REAL/full_flow_100/report_index.json,artifacts/phases/P36_FULL_FLOW_E2E_50_100_200_REAL/metrics_timeseries.jsonl,artifacts/phases/P36_FULL_FLOW_E2E_50_100_200_REAL/full_flow_100/cleanup_report.json,artifacts/goal_loop_strict/P36_FULL_FLOW_E2E_50_100_200_REAL/REVIEW.md,PENDING_REVIEW_AND_COMMIT
100.lifecycle.analysis_build,100,100,lifecycle,analysis_build,P36_FULL_FLOW_E2E_50_100_200_REAL,True,real,PASS,P36 exact-100 lifecycle step analysis_build executed through the full-flow scenario and verified by scoped evidence.,artifacts/phases/P36_FULL_FLOW_E2E_50_100_200_REAL/full_flow_100/full_flow_result.json;artifacts/phases/P36_FULL_FLOW_E2E_50_100_200_REAL/full_flow_100/valkey_e2e_evidence.json,artifacts/phases/P36_FULL_FLOW_E2E_50_100_200_REAL/full_flow_matrix.json;artifacts/phases/P36_FULL_FLOW_E2E_50_100_200_REAL/full_flow_results.jsonl;artifacts/phases/P36_FULL_FLOW_E2E_50_100_200_REAL/full_flow_100/analysis_summary.json;artifacts/phases/P36_FULL_FLOW_E2E_50_100_200_REAL/full_flow_100/report_index.json,artifacts/phases/P36_FULL_FLOW_E2E_50_100_200_REAL/metrics_timeseries.jsonl,artifacts/phases/P36_FULL_FLOW_E2E_50_100_200_REAL/full_flow_100/cleanup_report.json,artifacts/goal_loop_strict/P36_FULL_FLOW_E2E_50_100_200_REAL/REVIEW.md,PENDING_REVIEW_AND_COMMIT
100.lifecycle.assign_slots,100,100,lifecycle,assign_slots,P36_FULL_FLOW_E2E_50_100_200_REAL,True,real,PASS,P36 exact-100 lifecycle step assign_slots executed through the full-flow scenario and verified by scoped evidence.,artifacts/phases/P36_FULL_FLOW_E2E_50_100_200_REAL/full_flow_100/full_flow_result.json;artifacts/phases/P36_FULL_FLOW_E2E_50_100_200_REAL/full_flow_100/valkey_e2e_evidence.json,artifacts/phases/P36_FULL_FLOW_E2E_50_100_200_REAL/full_flow_matrix.json;artifacts/phases/P36_FULL_FLOW_E2E_50_100_200_REAL/full_flow_results.jsonl;artifacts/phases/P36_FULL_FLOW_E2E_50_100_200_REAL/full_flow_100/analysis_summary.json;artifacts/phases/P36_FULL_FLOW_E2E_50_100_200_REAL/full_flow_100/report_index.json,artifacts/phases/P36_FULL_FLOW_E2E_50_100_200_REAL/metrics_timeseries.jsonl,artifacts/phases/P36_FULL_FLOW_E2E_50_100_200_REAL/full_flow_100/cleanup_report.json,artifacts/goal_loop_strict/P36_FULL_FLOW_E2E_50_100_200_REAL/REVIEW.md,PENDING_REVIEW_AND_COMMIT
100.lifecycle.baseline_workload,100,100,lifecycle,baseline_workload,P36_FULL_FLOW_E2E_50_100_200_REAL,True,real,PASS,P36 exact-100 lifecycle step baseline_workload executed through the full-flow scenario and verified by scoped evidence.,artifacts/phases/P36_FULL_FLOW_E2E_50_100_200_REAL/full_flow_100/full_flow_result.json;artifacts/phases/P36_FULL_FLOW_E2E_50_100_200_REAL/full_flow_100/valkey_e2e_evidence.json,artifacts/phases/P36_FULL_FLOW_E2E_50_100_200_REAL/full_flow_matrix.json;artifacts/phases/P36_FULL_FLOW_E2E_50_100_200_REAL/full_flow_results.jsonl;artifacts/phases/P36_FULL_FLOW_E2E_50_100_200_REAL/full_flow_100/analysis_summary.json;artifacts/phases/P36_FULL_FLOW_E2E_50_100_200_REAL/full_flow_100/report_index.json,artifacts/phases/P36_FULL_FLOW_E2E_50_100_200_REAL/metrics_timeseries.jsonl,artifacts/phases/P36_FULL_FLOW_E2E_50_100_200_REAL/full_flow_100/cleanup_report.json,artifacts/goal_loop_strict/P36_FULL_FLOW_E2E_50_100_200_REAL/REVIEW.md,PENDING_REVIEW_AND_COMMIT
100.lifecycle.cleanup_verify,100,100,lifecycle,cleanup_verify,P36_FULL_FLOW_E2E_50_100_200_REAL,True,real,PASS,P36 exact-100 lifecycle step cleanup_verify executed through the full-flow scenario and verified by scoped evidence.,artifacts/phases/P36_FULL_FLOW_E2E_50_100_200_REAL/full_flow_100/full_flow_result.json;artifacts/phases/P36_FULL_FLOW_E2E_50_100_200_REAL/full_flow_100/valkey_e2e_evidence.json,artifacts/phases/P36_FULL_FLOW_E2E_50_100_200_REAL/full_flow_matrix.json;artifacts/phases/P36_FULL_FLOW_E2E_50_100_200_REAL/full_flow_results.jsonl;artifacts/phases/P36_FULL_FLOW_E2E_50_100_200_REAL/full_flow_100/analysis_summary.json;artifacts/phases/P36_FULL_FLOW_E2E_50_100_200_REAL/full_flow_100/report_index.json,artifacts/phases/P36_FULL_FLOW_E2E_50_100_200_REAL/metrics_timeseries.jsonl,artifacts/phases/P36_FULL_FLOW_E2E_50_100_200_REAL/full_flow_100/cleanup_report.json,artifacts/goal_loop_strict/P36_FULL_FLOW_E2E_50_100_200_REAL/REVIEW.md,PENDING_REVIEW_AND_COMMIT
100.lifecycle.config_validate,100,100,lifecycle,config_validate,P36_FULL_FLOW_E2E_50_100_200_REAL,True,real,PASS,P36 exact-100 lifecycle step config_validate executed through the full-flow scenario and verified by scoped evidence.,artifacts/phases/P36_FULL_FLOW_E2E_50_100_200_REAL/full_flow_100/full_flow_result.json;artifacts/phases/P36_FULL_FLOW_E2E_50_100_200_REAL/full_flow_100/valkey_e2e_evidence.json,artifacts/phases/P36_FULL_FLOW_E2E_50_100_200_REAL/full_flow_matrix.json;artifacts/phases/P36_FULL_FLOW_E2E_50_100_200_REAL/full_flow_results.jsonl;artifacts/phases/P36_FULL_FLOW_E2E_50_100_200_REAL/full_flow_100/analysis_summary.json;artifacts/phases/P36_FULL_FLOW_E2E_50_100_200_REAL/full_flow_100/report_index.json,artifacts/phases/P36_FULL_FLOW_E2E_50_100_200_REAL/metrics_timeseries.jsonl,artifacts/phases/P36_FULL_FLOW_E2E_50_100_200_REAL/full_flow_100/cleanup_report.json,artifacts/goal_loop_strict/P36_FULL_FLOW_E2E_50_100_200_REAL/REVIEW.md,PENDING_REVIEW_AND_COMMIT
100.lifecycle.create_cluster,100,100,lifecycle,create_cluster,P36_FULL_FLOW_E2E_50_100_200_REAL,True,real,PASS,P36 exact-100 lifecycle step create_cluster executed through the full-flow scenario and verified by scoped evidence.,artifacts/phases/P36_FULL_FLOW_E2E_50_100_200_REAL/full_flow_100/full_flow_result.json;artifacts/phases/P36_FULL_FLOW_E2E_50_100_200_REAL/full_flow_100/valkey_e2e_evidence.json,artifacts/phases/P36_FULL_FLOW_E2E_50_100_200_REAL/full_flow_matrix.json;artifacts/phases/P36_FULL_FLOW_E2E_50_100_200_REAL/full_flow_results.jsonl;artifacts/phases/P36_FULL_FLOW_E2E_50_100_200_REAL/full_flow_100/analysis_summary.json;artifacts/phases/P36_FULL_FLOW_E2E_50_100_200_REAL/full_flow_100/report_index.json,artifacts/phases/P36_FULL_FLOW_E2E_50_100_200_REAL/metrics_timeseries.jsonl,artifacts/phases/P36_FULL_FLOW_E2E_50_100_200_REAL/full_flow_100/cleanup_report.json,artifacts/goal_loop_strict/P36_FULL_FLOW_E2E_50_100_200_REAL/REVIEW.md,PENDING_REVIEW_AND_COMMIT
100.lifecycle.meet_nodes,100,100,lifecycle,meet_nodes,P36_FULL_FLOW_E2E_50_100_200_REAL,True,real,PASS,P36 exact-100 lifecycle step meet_nodes executed through the full-flow scenario and verified by scoped evidence.,artifacts/phases/P36_FULL_FLOW_E2E_50_100_200_REAL/full_flow_100/full_flow_result.json;artifacts/phases/P36_FULL_FLOW_E2E_50_100_200_REAL/full_flow_100/valkey_e2e_evidence.json,artifacts/phases/P36_FULL_FLOW_E2E_50_100_200_REAL/full_flow_matrix.json;artifacts/phases/P36_FULL_FLOW_E2E_50_100_200_REAL/full_flow_results.jsonl;artifacts/phases/P36_FULL_FLOW_E2E_50_100_200_REAL/full_flow_100/analysis_summary.json;artifacts/phases/P36_FULL_FLOW_E2E_50_100_200_REAL/full_flow_100/report_index.json,artifacts/phases/P36_FULL_FLOW_E2E_50_100_200_REAL/metrics_timeseries.jsonl,artifacts/phases/P36_FULL_FLOW_E2E_50_100_200_REAL/full_flow_100/cleanup_report.json,artifacts/goal_loop_strict/P36_FULL_FLOW_E2E_50_100_200_REAL/REVIEW.md,PENDING_REVIEW_AND_COMMIT
100.lifecycle.plan_cluster,100,100,lifecycle,plan_cluster,P36_FULL_FLOW_E2E_50_100_200_REAL,True,real,PASS,P36 exact-100 lifecycle step plan_cluster executed through the full-flow scenario and verified by scoped evidence.,artifacts/phases/P36_FULL_FLOW_E2E_50_100_200_REAL/full_flow_100/full_flow_result.json;artifacts/phases/P36_FULL_FLOW_E2E_50_100_200_REAL/full_flow_100/valkey_e2e_evidence.json,artifacts/phases/P36_FULL_FLOW_E2E_50_100_200_REAL/full_flow_matrix.json;artifacts/phases/P36_FULL_FLOW_E2E_50_100_200_REAL/full_flow_results.jsonl;artifacts/phases/P36_FULL_FLOW_E2E_50_100_200_REAL/full_flow_100/analysis_summary.json;artifacts/phases/P36_FULL_FLOW_E2E_50_100_200_REAL/full_flow_100/report_index.json,artifacts/phases/P36_FULL_FLOW_E2E_50_100_200_REAL/metrics_timeseries.jsonl,artifacts/phases/P36_FULL_FLOW_E2E_50_100_200_REAL/full_flow_100/cleanup_report.json,artifacts/goal_loop_strict/P36_FULL_FLOW_E2E_50_100_200_REAL/REVIEW.md,PENDING_REVIEW_AND_COMMIT
100.lifecycle.report_render,100,100,lifecycle,report_render,P36_FULL_FLOW_E2E_50_100_200_REAL,True,real,PASS,P36 exact-100 lifecycle step report_render executed through the full-flow scenario and verified by scoped evidence.,artifacts/phases/P36_FULL_FLOW_E2E_50_100_200_REAL/full_flow_100/full_flow_result.json;artifacts/phases/P36_FULL_FLOW_E2E_50_100_200_REAL/full_flow_100/valkey_e2e_evidence.json,artifacts/phases/P36_FULL_FLOW_E2E_50_100_200_REAL/full_flow_matrix.json;artifacts/phases/P36_FULL_FLOW_E2E_50_100_200_REAL/full_flow_results.jsonl;artifacts/phases/P36_FULL_FLOW_E2E_50_100_200_REAL/full_flow_100/analysis_summary.json;artifacts/phases/P36_FULL_FLOW_E2E_50_100_200_REAL/full_flow_100/report_index.json,artifacts/phases/P36_FULL_FLOW_E2E_50_100_200_REAL/metrics_timeseries.jsonl,artifacts/phases/P36_FULL_FLOW_E2E_50_100_200_REAL/full_flow_100/cleanup_report.json,artifacts/goal_loop_strict/P36_FULL_FLOW_E2E_50_100_200_REAL/REVIEW.md,PENDING_REVIEW_AND_COMMIT
100.lifecycle.resource_preflight,100,100,lifecycle,resource_preflight,P36_FULL_FLOW_E2E_50_100_200_REAL,True,real,PASS,P36 exact-100 lifecycle step resource_preflight executed through the full-flow scenario and verified by scoped evidence.,artifacts/phases/P36_FULL_FLOW_E2E_50_100_200_REAL/full_flow_100/full_flow_result.json;artifacts/phases/P36_FULL_FLOW_E2E_50_100_200_REAL/full_flow_100/valkey_e2e_evidence.json,artifacts/phases/P36_FULL_FLOW_E2E_50_100_200_REAL/full_flow_matrix.json;artifacts/phases/P36_FULL_FLOW_E2E_50_100_200_REAL/full_flow_results.jsonl;artifacts/phases/P36_FULL_FLOW_E2E_50_100_200_REAL/full_flow_100/analysis_summary.json;artifacts/phases/P36_FULL_FLOW_E2E_50_100_200_REAL/full_flow_100/report_index.json,artifacts/phases/P36_FULL_FLOW_E2E_50_100_200_REAL/metrics_timeseries.jsonl,artifacts/phases/P36_FULL_FLOW_E2E_50_100_200_REAL/full_flow_100/cleanup_report.json,artifacts/goal_loop_strict/P36_FULL_FLOW_E2E_50_100_200_REAL/REVIEW.md,PENDING_REVIEW_AND_COMMIT
100.lifecycle.telemetry_collect,100,100,lifecycle,telemetry_collect,P36_FULL_FLOW_E2E_50_100_200_REAL,True,real,PASS,P36 exact-100 lifecycle step telemetry_collect executed through the full-flow scenario and verified by scoped evidence.,artifacts/phases/P36_FULL_FLOW_E2E_50_100_200_REAL/full_flow_100/full_flow_result.json;artifacts/phases/P36_FULL_FLOW_E2E_50_100_200_REAL/full_flow_100/valkey_e2e_evidence.json,artifacts/phases/P36_FULL_FLOW_E2E_50_100_200_REAL/full_flow_matrix.json;artifacts/phases/P36_FULL_FLOW_E2E_50_100_200_REAL/full_flow_results.jsonl;artifacts/phases/P36_FULL_FLOW_E2E_50_100_200_REAL/full_flow_100/analysis_summary.json;artifacts/phases/P36_FULL_FLOW_E2E_50_100_200_REAL/full_flow_100/report_index.json,artifacts/phases/P36_FULL_FLOW_E2E_50_100_200_REAL/metrics_timeseries.jsonl,artifacts/phases/P36_FULL_FLOW_E2E_50_100_200_REAL/full_flow_100/cleanup_report.json,artifacts/goal_loop_strict/P36_FULL_FLOW_E2E_50_100_200_REAL/REVIEW.md,PENDING_REVIEW_AND_COMMIT
100.management.add_replica,100,100,management,add_replica,P31_MANAGEMENT_MATRIX_100_REAL,True,real,PASS,Real exact-100 management operation executed and verified.,artifacts/phases/P31_MANAGEMENT_MATRIX_100_REAL/management_operation_results.jsonl;artifacts/phases/P31_MANAGEMENT_MATRIX_100_REAL/management_command_log.jsonl;artifacts/phases/P31_MANAGEMENT_MATRIX_100_REAL/management_topology_snapshots.jsonl;artifacts/phases/P31_MANAGEMENT_MATRIX_100_REAL/workload_windows.json,artifacts/phases/P31_MANAGEMENT_MATRIX_100_REAL/management_ops_matrix.json;artifacts/phases/P31_MANAGEMENT_MATRIX_100_REAL/management_operation_results.jsonl;artifacts/phases/P31_MANAGEMENT_MATRIX_100_REAL/management_workload_impact.json,artifacts/phases/P31_MANAGEMENT_MATRIX_100_REAL/metrics_timeseries.jsonl,artifacts/phases/P31_MANAGEMENT_MATRIX_100_REAL/cleanup_report.json,artifacts/goal_loop_strict/P31_MANAGEMENT_MATRIX_100_REAL/REVIEW.md,PENDING_REVIEW_AND_COMMIT
100.management.create_cluster,100,100,management,create_cluster,P31_MANAGEMENT_MATRIX_100_REAL,True,real,PASS,Real exact-100 management operation executed and verified.,artifacts/phases/P31_MANAGEMENT_MATRIX_100_REAL/management_operation_results.jsonl;artifacts/phases/P31_MANAGEMENT_MATRIX_100_REAL/management_command_log.jsonl;artifacts/phases/P31_MANAGEMENT_MATRIX_100_REAL/management_topology_snapshots.jsonl;artifacts/phases/P31_MANAGEMENT_MATRIX_100_REAL/workload_windows.json,artifacts/phases/P31_MANAGEMENT_MATRIX_100_REAL/management_ops_matrix.json;artifacts/phases/P31_MANAGEMENT_MATRIX_100_REAL/management_operation_results.jsonl;artifacts/phases/P31_MANAGEMENT_MATRIX_100_REAL/management_workload_impact.json,artifacts/phases/P31_MANAGEMENT_MATRIX_100_REAL/metrics_timeseries.jsonl,artifacts/phases/P31_MANAGEMENT_MATRIX_100_REAL/cleanup_report.json,artifacts/goal_loop_strict/P31_MANAGEMENT_MATRIX_100_REAL/REVIEW.md,PENDING_REVIEW_AND_COMMIT
100.management.meet_nodes,100,100,management,meet_nodes,P31_MANAGEMENT_MATRIX_100_REAL,True,real,PASS,Real exact-100 management operation executed and verified.,artifacts/phases/P31_MANAGEMENT_MATRIX_100_REAL/management_operation_results.jsonl;artifacts/phases/P31_MANAGEMENT_MATRIX_100_REAL/management_command_log.jsonl;artifacts/phases/P31_MANAGEMENT_MATRIX_100_REAL/management_topology_snapshots.jsonl;artifacts/phases/P31_MANAGEMENT_MATRIX_100_REAL/workload_windows.json,artifacts/phases/P31_MANAGEMENT_MATRIX_100_REAL/management_ops_matrix.json;artifacts/phases/P31_MANAGEMENT_MATRIX_100_REAL/management_operation_results.jsonl;artifacts/phases/P31_MANAGEMENT_MATRIX_100_REAL/management_workload_impact.json,artifacts/phases/P31_MANAGEMENT_MATRIX_100_REAL/metrics_timeseries.jsonl,artifacts/phases/P31_MANAGEMENT_MATRIX_100_REAL/cleanup_report.json,artifacts/goal_loop_strict/P31_MANAGEMENT_MATRIX_100_REAL/REVIEW.md,PENDING_REVIEW_AND_COMMIT
100.management.rebalance_after_imbalance,100,100,management,rebalance_after_imbalance,P31_MANAGEMENT_MATRIX_100_REAL,True,real,PASS,Real exact-100 management operation executed and verified.,artifacts/phases/P31_MANAGEMENT_MATRIX_100_REAL/management_operation_results.jsonl;artifacts/phases/P31_MANAGEMENT_MATRIX_100_REAL/management_command_log.jsonl;artifacts/phases/P31_MANAGEMENT_MATRIX_100_REAL/management_topology_snapshots.jsonl;artifacts/phases/P31_MANAGEMENT_MATRIX_100_REAL/workload_windows.json,artifacts/phases/P31_MANAGEMENT_MATRIX_100_REAL/management_ops_matrix.json;artifacts/phases/P31_MANAGEMENT_MATRIX_100_REAL/management_operation_results.jsonl;artifacts/phases/P31_MANAGEMENT_MATRIX_100_REAL/management_workload_impact.json,artifacts/phases/P31_MANAGEMENT_MATRIX_100_REAL/metrics_timeseries.jsonl,artifacts/phases/P31_MANAGEMENT_MATRIX_100_REAL/cleanup_report.json,artifacts/goal_loop_strict/P31_MANAGEMENT_MATRIX_100_REAL/REVIEW.md,PENDING_REVIEW_AND_COMMIT
100.management.remove_failed_node,100,100,management,remove_failed_node,P31_MANAGEMENT_MATRIX_100_REAL,True,real,PASS,Real exact-100 management operation executed and verified.,artifacts/phases/P31_MANAGEMENT_MATRIX_100_REAL/management_operation_results.jsonl;artifacts/phases/P31_MANAGEMENT_MATRIX_100_REAL/management_command_log.jsonl;artifacts/phases/P31_MANAGEMENT_MATRIX_100_REAL/management_topology_snapshots.jsonl;artifacts/phases/P31_MANAGEMENT_MATRIX_100_REAL/workload_windows.json,artifacts/phases/P31_MANAGEMENT_MATRIX_100_REAL/management_ops_matrix.json;artifacts/phases/P31_MANAGEMENT_MATRIX_100_REAL/management_operation_results.jsonl;artifacts/phases/P31_MANAGEMENT_MATRIX_100_REAL/management_workload_impact.json,artifacts/phases/P31_MANAGEMENT_MATRIX_100_REAL/metrics_timeseries.jsonl,artifacts/phases/P31_MANAGEMENT_MATRIX_100_REAL/cleanup_report.json,artifacts/goal_loop_strict/P31_MANAGEMENT_MATRIX_100_REAL/REVIEW.md,PENDING_REVIEW_AND_COMMIT
100.management.remove_primary_drained_or_safe_replaced,100,100,management,remove_primary_drained_or_safe_replaced,P31_MANAGEMENT_MATRIX_100_REAL,True,real,PASS,Real exact-100 management operation executed and verified.,artifacts/phases/P31_MANAGEMENT_MATRIX_100_REAL/management_operation_results.jsonl;artifacts/phases/P31_MANAGEMENT_MATRIX_100_REAL/management_command_log.jsonl;artifacts/phases/P31_MANAGEMENT_MATRIX_100_REAL/management_topology_snapshots.jsonl;artifacts/phases/P31_MANAGEMENT_MATRIX_100_REAL/workload_windows.json,artifacts/phases/P31_MANAGEMENT_MATRIX_100_REAL/management_ops_matrix.json;artifacts/phases/P31_MANAGEMENT_MATRIX_100_REAL/management_operation_results.jsonl;artifacts/phases/P31_MANAGEMENT_MATRIX_100_REAL/management_workload_impact.json,artifacts/phases/P31_MANAGEMENT_MATRIX_100_REAL/metrics_timeseries.jsonl,artifacts/phases/P31_MANAGEMENT_MATRIX_100_REAL/cleanup_report.json,artifacts/goal_loop_strict/P31_MANAGEMENT_MATRIX_100_REAL/REVIEW.md,PENDING_REVIEW_AND_COMMIT
100.management.remove_replica,100,100,management,remove_replica,P31_MANAGEMENT_MATRIX_100_REAL,True,real,PASS,Real exact-100 management operation executed and verified.,artifacts/phases/P31_MANAGEMENT_MATRIX_100_REAL/management_operation_results.jsonl;artifacts/phases/P31_MANAGEMENT_MATRIX_100_REAL/management_command_log.jsonl;artifacts/phases/P31_MANAGEMENT_MATRIX_100_REAL/management_topology_snapshots.jsonl;artifacts/phases/P31_MANAGEMENT_MATRIX_100_REAL/workload_windows.json,artifacts/phases/P31_MANAGEMENT_MATRIX_100_REAL/management_ops_matrix.json;artifacts/phases/P31_MANAGEMENT_MATRIX_100_REAL/management_operation_results.jsonl;artifacts/phases/P31_MANAGEMENT_MATRIX_100_REAL/management_workload_impact.json,artifacts/phases/P31_MANAGEMENT_MATRIX_100_REAL/metrics_timeseries.jsonl,artifacts/phases/P31_MANAGEMENT_MATRIX_100_REAL/cleanup_report.json,artifacts/goal_loop_strict/P31_MANAGEMENT_MATRIX_100_REAL/REVIEW.md,PENDING_REVIEW_AND_COMMIT
100.management.reshard_slot_range,100,100,management,reshard_slot_range,P31_MANAGEMENT_MATRIX_100_REAL,True,real,PASS,Real exact-100 management operation executed and verified.,artifacts/phases/P31_MANAGEMENT_MATRIX_100_REAL/management_operation_results.jsonl;artifacts/phases/P31_MANAGEMENT_MATRIX_100_REAL/management_command_log.jsonl;artifacts/phases/P31_MANAGEMENT_MATRIX_100_REAL/management_topology_snapshots.jsonl;artifacts/phases/P31_MANAGEMENT_MATRIX_100_REAL/workload_windows.json,artifacts/phases/P31_MANAGEMENT_MATRIX_100_REAL/management_ops_matrix.json;artifacts/phases/P31_MANAGEMENT_MATRIX_100_REAL/management_operation_results.jsonl;artifacts/phases/P31_MANAGEMENT_MATRIX_100_REAL/management_workload_impact.json,artifacts/phases/P31_MANAGEMENT_MATRIX_100_REAL/metrics_timeseries.jsonl,artifacts/phases/P31_MANAGEMENT_MATRIX_100_REAL/cleanup_report.json,artifacts/goal_loop_strict/P31_MANAGEMENT_MATRIX_100_REAL/REVIEW.md,PENDING_REVIEW_AND_COMMIT
100.management.reshard_with_keys,100,100,management,reshard_with_keys,P31_MANAGEMENT_MATRIX_100_REAL,True,real,PASS,Real exact-100 management operation executed and verified.,artifacts/phases/P31_MANAGEMENT_MATRIX_100_REAL/management_operation_results.jsonl;artifacts/phases/P31_MANAGEMENT_MATRIX_100_REAL/management_command_log.jsonl;artifacts/phases/P31_MANAGEMENT_MATRIX_100_REAL/management_topology_snapshots.jsonl;artifacts/phases/P31_MANAGEMENT_MATRIX_100_REAL/workload_windows.json,artifacts/phases/P31_MANAGEMENT_MATRIX_100_REAL/management_ops_matrix.json;artifacts/phases/P31_MANAGEMENT_MATRIX_100_REAL/management_operation_results.jsonl;artifacts/phases/P31_MANAGEMENT_MATRIX_100_REAL/management_workload_impact.json,artifacts/phases/P31_MANAGEMENT_MATRIX_100_REAL/metrics_timeseries.jsonl,artifacts/phases/P31_MANAGEMENT_MATRIX_100_REAL/cleanup_report.json,artifacts/goal_loop_strict/P31_MANAGEMENT_MATRIX_100_REAL/REVIEW.md,PENDING_REVIEW_AND_COMMIT
100.management.rolling_restart_primary_safe,100,100,management,rolling_restart_primary_safe,P31_MANAGEMENT_MATRIX_100_REAL,True,real,PASS,Real exact-100 management operation executed and verified.,artifacts/phases/P31_MANAGEMENT_MATRIX_100_REAL/management_operation_results.jsonl;artifacts/phases/P31_MANAGEMENT_MATRIX_100_REAL/management_command_log.jsonl;artifacts/phases/P31_MANAGEMENT_MATRIX_100_REAL/management_topology_snapshots.jsonl;artifacts/phases/P31_MANAGEMENT_MATRIX_100_REAL/workload_windows.json,artifacts/phases/P31_MANAGEMENT_MATRIX_100_REAL/management_ops_matrix.json;artifacts/phases/P31_MANAGEMENT_MATRIX_100_REAL/management_operation_results.jsonl;artifacts/phases/P31_MANAGEMENT_MATRIX_100_REAL/management_workload_impact.json,artifacts/phases/P31_MANAGEMENT_MATRIX_100_REAL/metrics_timeseries.jsonl,artifacts/phases/P31_MANAGEMENT_MATRIX_100_REAL/cleanup_report.json,artifacts/goal_loop_strict/P31_MANAGEMENT_MATRIX_100_REAL/REVIEW.md,PENDING_REVIEW_AND_COMMIT
100.management.rolling_restart_replica_first,100,100,management,rolling_restart_replica_first,P31_MANAGEMENT_MATRIX_100_REAL,True,real,PASS,Real exact-100 management operation executed and verified.,artifacts/phases/P31_MANAGEMENT_MATRIX_100_REAL/management_operation_results.jsonl;artifacts/phases/P31_MANAGEMENT_MATRIX_100_REAL/management_command_log.jsonl;artifacts/phases/P31_MANAGEMENT_MATRIX_100_REAL/management_topology_snapshots.jsonl;artifacts/phases/P31_MANAGEMENT_MATRIX_100_REAL/workload_windows.json,artifacts/phases/P31_MANAGEMENT_MATRIX_100_REAL/management_ops_matrix.json;artifacts/phases/P31_MANAGEMENT_MATRIX_100_REAL/management_operation_results.jsonl;artifacts/phases/P31_MANAGEMENT_MATRIX_100_REAL/management_workload_impact.json,artifacts/phases/P31_MANAGEMENT_MATRIX_100_REAL/metrics_timeseries.jsonl,artifacts/phases/P31_MANAGEMENT_MATRIX_100_REAL/cleanup_report.json,artifacts/goal_loop_strict/P31_MANAGEMENT_MATRIX_100_REAL/REVIEW.md,PENDING_REVIEW_AND_COMMIT
100.fault.az_stop,100,100,fault,az_stop,P34_FAULT_FAILOVER_MATRIX_100_REAL,True,real,PASS,Real exact-100 fault/failover row executed and verified.,artifacts/phases/P34_FAULT_FAILOVER_MATRIX_100_REAL/fault_operation_results.jsonl,artifacts/phases/P34_FAULT_FAILOVER_MATRIX_100_REAL/fault_matrix_report.json;artifacts/phases/P34_FAULT_FAILOVER_MATRIX_100_REAL/fault_operation_results.jsonl;artifacts/phases/P34_FAULT_FAILOVER_MATRIX_100_REAL/failover_latency_curve.json;artifacts/phases/P34_FAULT_FAILOVER_MATRIX_100_REAL/split_brain_report.json;artifacts/phases/P34_FAULT_FAILOVER_MATRIX_100_REAL/fault_workload_impact.json,artifacts/phases/P34_FAULT_FAILOVER_MATRIX_100_REAL/metrics_timeseries.jsonl,artifacts/phases/P34_FAULT_FAILOVER_MATRIX_100_REAL/cleanup_report.json,artifacts/goal_loop_strict/P34_FAULT_FAILOVER_MATRIX_100_REAL/REVIEW.md,PENDING_REVIEW_AND_COMMIT
100.fault.fault_period_workload_impact,100,100,fault,fault_period_workload_impact,P34_FAULT_FAILOVER_MATRIX_100_REAL,True,real,PASS,Real exact-100 fault/failover row executed and verified.,artifacts/phases/P34_FAULT_FAILOVER_MATRIX_100_REAL/fault_operation_results.jsonl,artifacts/phases/P34_FAULT_FAILOVER_MATRIX_100_REAL/fault_matrix_report.json;artifacts/phases/P34_FAULT_FAILOVER_MATRIX_100_REAL/fault_operation_results.jsonl;artifacts/phases/P34_FAULT_FAILOVER_MATRIX_100_REAL/failover_latency_curve.json;artifacts/phases/P34_FAULT_FAILOVER_MATRIX_100_REAL/split_brain_report.json;artifacts/phases/P34_FAULT_FAILOVER_MATRIX_100_REAL/fault_workload_impact.json,artifacts/phases/P34_FAULT_FAILOVER_MATRIX_100_REAL/metrics_timeseries.jsonl,artifacts/phases/P34_FAULT_FAILOVER_MATRIX_100_REAL/cleanup_report.json,artifacts/goal_loop_strict/P34_FAULT_FAILOVER_MATRIX_100_REAL/REVIEW.md,PENDING_REVIEW_AND_COMMIT
100.fault.majority_partition,100,100,fault,majority_partition,P34_FAULT_FAILOVER_MATRIX_100_REAL,True,real,PASS,Real exact-100 fault/failover row executed and verified.,artifacts/phases/P34_FAULT_FAILOVER_MATRIX_100_REAL/fault_operation_results.jsonl,artifacts/phases/P34_FAULT_FAILOVER_MATRIX_100_REAL/fault_matrix_report.json;artifacts/phases/P34_FAULT_FAILOVER_MATRIX_100_REAL/fault_operation_results.jsonl;artifacts/phases/P34_FAULT_FAILOVER_MATRIX_100_REAL/failover_latency_curve.json;artifacts/phases/P34_FAULT_FAILOVER_MATRIX_100_REAL/split_brain_report.json;artifacts/phases/P34_FAULT_FAILOVER_MATRIX_100_REAL/fault_workload_impact.json,artifacts/phases/P34_FAULT_FAILOVER_MATRIX_100_REAL/metrics_timeseries.jsonl,artifacts/phases/P34_FAULT_FAILOVER_MATRIX_100_REAL/cleanup_report.json,artifacts/goal_loop_strict/P34_FAULT_FAILOVER_MATRIX_100_REAL/REVIEW.md,PENDING_REVIEW_AND_COMMIT
100.fault.minority_partition,100,100,fault,minority_partition,P34_FAULT_FAILOVER_MATRIX_100_REAL,True,real,PASS,Real exact-100 fault/failover row executed and verified.,artifacts/phases/P34_FAULT_FAILOVER_MATRIX_100_REAL/fault_operation_results.jsonl,artifacts/phases/P34_FAULT_FAILOVER_MATRIX_100_REAL/fault_matrix_report.json;artifacts/phases/P34_FAULT_FAILOVER_MATRIX_100_REAL/fault_operation_results.jsonl;artifacts/phases/P34_FAULT_FAILOVER_MATRIX_100_REAL/failover_latency_curve.json;artifacts/phases/P34_FAULT_FAILOVER_MATRIX_100_REAL/split_brain_report.json;artifacts/phases/P34_FAULT_FAILOVER_MATRIX_100_REAL/fault_workload_impact.json,artifacts/phases/P34_FAULT_FAILOVER_MATRIX_100_REAL/metrics_timeseries.jsonl,artifacts/phases/P34_FAULT_FAILOVER_MATRIX_100_REAL/cleanup_report.json,artifacts/goal_loop_strict/P34_FAULT_FAILOVER_MATRIX_100_REAL/REVIEW.md,PENDING_REVIEW_AND_COMMIT
100.fault.network_delay,100,100,fault,network_delay,P34_FAULT_FAILOVER_MATRIX_100_REAL,True,real,PASS,Real exact-100 fault/failover row executed and verified.,artifacts/phases/P34_FAULT_FAILOVER_MATRIX_100_REAL/fault_operation_results.jsonl,artifacts/phases/P34_FAULT_FAILOVER_MATRIX_100_REAL/fault_matrix_report.json;artifacts/phases/P34_FAULT_FAILOVER_MATRIX_100_REAL/fault_operation_results.jsonl;artifacts/phases/P34_FAULT_FAILOVER_MATRIX_100_REAL/failover_latency_curve.json;artifacts/phases/P34_FAULT_FAILOVER_MATRIX_100_REAL/split_brain_report.json;artifacts/phases/P34_FAULT_FAILOVER_MATRIX_100_REAL/fault_workload_impact.json,artifacts/phases/P34_FAULT_FAILOVER_MATRIX_100_REAL/metrics_timeseries.jsonl,artifacts/phases/P34_FAULT_FAILOVER_MATRIX_100_REAL/cleanup_report.json,artifacts/goal_loop_strict/P34_FAULT_FAILOVER_MATRIX_100_REAL/REVIEW.md,PENDING_REVIEW_AND_COMMIT
100.fault.network_flap,100,100,fault,network_flap,P34_FAULT_FAILOVER_MATRIX_100_REAL,True,real,PASS,Real exact-100 fault/failover row executed and verified.,artifacts/phases/P34_FAULT_FAILOVER_MATRIX_100_REAL/fault_operation_results.jsonl,artifacts/phases/P34_FAULT_FAILOVER_MATRIX_100_REAL/fault_matrix_report.json;artifacts/phases/P34_FAULT_FAILOVER_MATRIX_100_REAL/fault_operation_results.jsonl;artifacts/phases/P34_FAULT_FAILOVER_MATRIX_100_REAL/failover_latency_curve.json;artifacts/phases/P34_FAULT_FAILOVER_MATRIX_100_REAL/split_brain_report.json;artifacts/phases/P34_FAULT_FAILOVER_MATRIX_100_REAL/fault_workload_impact.json,artifacts/phases/P34_FAULT_FAILOVER_MATRIX_100_REAL/metrics_timeseries.jsonl,artifacts/phases/P34_FAULT_FAILOVER_MATRIX_100_REAL/cleanup_report.json,artifacts/goal_loop_strict/P34_FAULT_FAILOVER_MATRIX_100_REAL/REVIEW.md,PENDING_REVIEW_AND_COMMIT
100.fault.network_loss,100,100,fault,network_loss,P34_FAULT_FAILOVER_MATRIX_100_REAL,True,real,PASS,Real exact-100 fault/failover row executed and verified.,artifacts/phases/P34_FAULT_FAILOVER_MATRIX_100_REAL/fault_operation_results.jsonl,artifacts/phases/P34_FAULT_FAILOVER_MATRIX_100_REAL/fault_matrix_report.json;artifacts/phases/P34_FAULT_FAILOVER_MATRIX_100_REAL/fault_operation_results.jsonl;artifacts/phases/P34_FAULT_FAILOVER_MATRIX_100_REAL/failover_latency_curve.json;artifacts/phases/P34_FAULT_FAILOVER_MATRIX_100_REAL/split_brain_report.json;artifacts/phases/P34_FAULT_FAILOVER_MATRIX_100_REAL/fault_workload_impact.json,artifacts/phases/P34_FAULT_FAILOVER_MATRIX_100_REAL/metrics_timeseries.jsonl,artifacts/phases/P34_FAULT_FAILOVER_MATRIX_100_REAL/cleanup_report.json,artifacts/goal_loop_strict/P34_FAULT_FAILOVER_MATRIX_100_REAL/REVIEW.md,PENDING_REVIEW_AND_COMMIT
100.fault.network_partition,100,100,fault,network_partition,P34_FAULT_FAILOVER_MATRIX_100_REAL,True,real,PASS,Real exact-100 fault/failover row executed and verified.,artifacts/phases/P34_FAULT_FAILOVER_MATRIX_100_REAL/fault_operation_results.jsonl,artifacts/phases/P34_FAULT_FAILOVER_MATRIX_100_REAL/fault_matrix_report.json;artifacts/phases/P34_FAULT_FAILOVER_MATRIX_100_REAL/fault_operation_results.jsonl;artifacts/phases/P34_FAULT_FAILOVER_MATRIX_100_REAL/failover_latency_curve.json;artifacts/phases/P34_FAULT_FAILOVER_MATRIX_100_REAL/split_brain_report.json;artifacts/phases/P34_FAULT_FAILOVER_MATRIX_100_REAL/fault_workload_impact.json,artifacts/phases/P34_FAULT_FAILOVER_MATRIX_100_REAL/metrics_timeseries.jsonl,artifacts/phases/P34_FAULT_FAILOVER_MATRIX_100_REAL/cleanup_report.json,artifacts/goal_loop_strict/P34_FAULT_FAILOVER_MATRIX_100_REAL/REVIEW.md,PENDING_REVIEW_AND_COMMIT
100.fault.node_host_stop,100,100,fault,node_host_stop,P34_FAULT_FAILOVER_MATRIX_100_REAL,True,real,PASS,Real exact-100 fault/failover row executed and verified.,artifacts/phases/P34_FAULT_FAILOVER_MATRIX_100_REAL/fault_operation_results.jsonl,artifacts/phases/P34_FAULT_FAILOVER_MATRIX_100_REAL/fault_matrix_report.json;artifacts/phases/P34_FAULT_FAILOVER_MATRIX_100_REAL/fault_operation_results.jsonl;artifacts/phases/P34_FAULT_FAILOVER_MATRIX_100_REAL/failover_latency_curve.json;artifacts/phases/P34_FAULT_FAILOVER_MATRIX_100_REAL/split_brain_report.json;artifacts/phases/P34_FAULT_FAILOVER_MATRIX_100_REAL/fault_workload_impact.json,artifacts/phases/P34_FAULT_FAILOVER_MATRIX_100_REAL/metrics_timeseries.jsonl,artifacts/phases/P34_FAULT_FAILOVER_MATRIX_100_REAL/cleanup_report.json,artifacts/goal_loop_strict/P34_FAULT_FAILOVER_MATRIX_100_REAL/REVIEW.md,PENDING_REVIEW_AND_COMMIT
100.fault.primary_stop_failover,100,100,fault,primary_stop_failover,P34_FAULT_FAILOVER_MATRIX_100_REAL,True,real,PASS,Real exact-100 fault/failover row executed and verified.,artifacts/phases/P34_FAULT_FAILOVER_MATRIX_100_REAL/failover_samples.jsonl;artifacts/phases/P34_FAULT_FAILOVER_MATRIX_100_REAL/failover_latency_curve.json,artifacts/phases/P34_FAULT_FAILOVER_MATRIX_100_REAL/fault_matrix_report.json;artifacts/phases/P34_FAULT_FAILOVER_MATRIX_100_REAL/fault_operation_results.jsonl;artifacts/phases/P34_FAULT_FAILOVER_MATRIX_100_REAL/failover_latency_curve.json;artifacts/phases/P34_FAULT_FAILOVER_MATRIX_100_REAL/split_brain_report.json;artifacts/phases/P34_FAULT_FAILOVER_MATRIX_100_REAL/fault_workload_impact.json,artifacts/phases/P34_FAULT_FAILOVER_MATRIX_100_REAL/metrics_timeseries.jsonl,artifacts/phases/P34_FAULT_FAILOVER_MATRIX_100_REAL/cleanup_report.json,artifacts/goal_loop_strict/P34_FAULT_FAILOVER_MATRIX_100_REAL/REVIEW.md,PENDING_REVIEW_AND_COMMIT
100.fault.replica_stop,100,100,fault,replica_stop,P34_FAULT_FAILOVER_MATRIX_100_REAL,True,real,PASS,Real exact-100 fault/failover row executed and verified.,artifacts/phases/P34_FAULT_FAILOVER_MATRIX_100_REAL/fault_operation_results.jsonl,artifacts/phases/P34_FAULT_FAILOVER_MATRIX_100_REAL/fault_matrix_report.json;artifacts/phases/P34_FAULT_FAILOVER_MATRIX_100_REAL/fault_operation_results.jsonl;artifacts/phases/P34_FAULT_FAILOVER_MATRIX_100_REAL/failover_latency_curve.json;artifacts/phases/P34_FAULT_FAILOVER_MATRIX_100_REAL/split_brain_report.json;artifacts/phases/P34_FAULT_FAILOVER_MATRIX_100_REAL/fault_workload_impact.json,artifacts/phases/P34_FAULT_FAILOVER_MATRIX_100_REAL/metrics_timeseries.jsonl,artifacts/phases/P34_FAULT_FAILOVER_MATRIX_100_REAL/cleanup_report.json,artifacts/goal_loop_strict/P34_FAULT_FAILOVER_MATRIX_100_REAL/REVIEW.md,PENDING_REVIEW_AND_COMMIT
100.fault.split_brain_window_detection,100,100,fault,split_brain_window_detection,P34_FAULT_FAILOVER_MATRIX_100_REAL,True,real,PASS,Real exact-100 fault/failover row executed and verified.,artifacts/phases/P34_FAULT_FAILOVER_MATRIX_100_REAL/fault_operation_results.jsonl,artifacts/phases/P34_FAULT_FAILOVER_MATRIX_100_REAL/fault_matrix_report.json;artifacts/phases/P34_FAULT_FAILOVER_MATRIX_100_REAL/fault_operation_results.jsonl;artifacts/phases/P34_FAULT_FAILOVER_MATRIX_100_REAL/failover_latency_curve.json;artifacts/phases/P34_FAULT_FAILOVER_MATRIX_100_REAL/split_brain_report.json;artifacts/phases/P34_FAULT_FAILOVER_MATRIX_100_REAL/fault_workload_impact.json,artifacts/phases/P34_FAULT_FAILOVER_MATRIX_100_REAL/metrics_timeseries.jsonl,artifacts/phases/P34_FAULT_FAILOVER_MATRIX_100_REAL/cleanup_report.json,artifacts/goal_loop_strict/P34_FAULT_FAILOVER_MATRIX_100_REAL/REVIEW.md,PENDING_REVIEW_AND_COMMIT
200.lifecycle.add_replica,200,200,lifecycle,add_replica,P36_FULL_FLOW_E2E_50_100_200_REAL,True,real,PASS,P36 exact-200 lifecycle step add_replica executed through the full-flow scenario and verified by scoped evidence.,artifacts/phases/P36_FULL_FLOW_E2E_50_100_200_REAL/full_flow_200/full_flow_result.json;artifacts/phases/P36_FULL_FLOW_E2E_50_100_200_REAL/full_flow_200/valkey_e2e_evidence.json,artifacts/phases/P36_FULL_FLOW_E2E_50_100_200_REAL/full_flow_matrix.json;artifacts/phases/P36_FULL_FLOW_E2E_50_100_200_REAL/full_flow_results.jsonl;artifacts/phases/P36_FULL_FLOW_E2E_50_100_200_REAL/full_flow_200/analysis_summary.json;artifacts/phases/P36_FULL_FLOW_E2E_50_100_200_REAL/full_flow_200/report_index.json,artifacts/phases/P36_FULL_FLOW_E2E_50_100_200_REAL/metrics_timeseries.jsonl,artifacts/phases/P36_FULL_FLOW_E2E_50_100_200_REAL/full_flow_200/cleanup_report.json,artifacts/goal_loop_strict/P36_FULL_FLOW_E2E_50_100_200_REAL/REVIEW.md,PENDING_REVIEW_AND_COMMIT
200.lifecycle.analysis_build,200,200,lifecycle,analysis_build,P36_FULL_FLOW_E2E_50_100_200_REAL,True,real,PASS,P36 exact-200 lifecycle step analysis_build executed through the full-flow scenario and verified by scoped evidence.,artifacts/phases/P36_FULL_FLOW_E2E_50_100_200_REAL/full_flow_200/full_flow_result.json;artifacts/phases/P36_FULL_FLOW_E2E_50_100_200_REAL/full_flow_200/valkey_e2e_evidence.json,artifacts/phases/P36_FULL_FLOW_E2E_50_100_200_REAL/full_flow_matrix.json;artifacts/phases/P36_FULL_FLOW_E2E_50_100_200_REAL/full_flow_results.jsonl;artifacts/phases/P36_FULL_FLOW_E2E_50_100_200_REAL/full_flow_200/analysis_summary.json;artifacts/phases/P36_FULL_FLOW_E2E_50_100_200_REAL/full_flow_200/report_index.json,artifacts/phases/P36_FULL_FLOW_E2E_50_100_200_REAL/metrics_timeseries.jsonl,artifacts/phases/P36_FULL_FLOW_E2E_50_100_200_REAL/full_flow_200/cleanup_report.json,artifacts/goal_loop_strict/P36_FULL_FLOW_E2E_50_100_200_REAL/REVIEW.md,PENDING_REVIEW_AND_COMMIT
200.lifecycle.assign_slots,200,200,lifecycle,assign_slots,P36_FULL_FLOW_E2E_50_100_200_REAL,True,real,PASS,P36 exact-200 lifecycle step assign_slots executed through the full-flow scenario and verified by scoped evidence.,artifacts/phases/P36_FULL_FLOW_E2E_50_100_200_REAL/full_flow_200/full_flow_result.json;artifacts/phases/P36_FULL_FLOW_E2E_50_100_200_REAL/full_flow_200/valkey_e2e_evidence.json,artifacts/phases/P36_FULL_FLOW_E2E_50_100_200_REAL/full_flow_matrix.json;artifacts/phases/P36_FULL_FLOW_E2E_50_100_200_REAL/full_flow_results.jsonl;artifacts/phases/P36_FULL_FLOW_E2E_50_100_200_REAL/full_flow_200/analysis_summary.json;artifacts/phases/P36_FULL_FLOW_E2E_50_100_200_REAL/full_flow_200/report_index.json,artifacts/phases/P36_FULL_FLOW_E2E_50_100_200_REAL/metrics_timeseries.jsonl,artifacts/phases/P36_FULL_FLOW_E2E_50_100_200_REAL/full_flow_200/cleanup_report.json,artifacts/goal_loop_strict/P36_FULL_FLOW_E2E_50_100_200_REAL/REVIEW.md,PENDING_REVIEW_AND_COMMIT
200.lifecycle.baseline_workload,200,200,lifecycle,baseline_workload,P36_FULL_FLOW_E2E_50_100_200_REAL,True,real,PASS,P36 exact-200 lifecycle step baseline_workload executed through the full-flow scenario and verified by scoped evidence.,artifacts/phases/P36_FULL_FLOW_E2E_50_100_200_REAL/full_flow_200/full_flow_result.json;artifacts/phases/P36_FULL_FLOW_E2E_50_100_200_REAL/full_flow_200/valkey_e2e_evidence.json,artifacts/phases/P36_FULL_FLOW_E2E_50_100_200_REAL/full_flow_matrix.json;artifacts/phases/P36_FULL_FLOW_E2E_50_100_200_REAL/full_flow_results.jsonl;artifacts/phases/P36_FULL_FLOW_E2E_50_100_200_REAL/full_flow_200/analysis_summary.json;artifacts/phases/P36_FULL_FLOW_E2E_50_100_200_REAL/full_flow_200/report_index.json,artifacts/phases/P36_FULL_FLOW_E2E_50_100_200_REAL/metrics_timeseries.jsonl,artifacts/phases/P36_FULL_FLOW_E2E_50_100_200_REAL/full_flow_200/cleanup_report.json,artifacts/goal_loop_strict/P36_FULL_FLOW_E2E_50_100_200_REAL/REVIEW.md,PENDING_REVIEW_AND_COMMIT
200.lifecycle.cleanup_verify,200,200,lifecycle,cleanup_verify,P36_FULL_FLOW_E2E_50_100_200_REAL,True,real,PASS,P36 exact-200 lifecycle step cleanup_verify executed through the full-flow scenario and verified by scoped evidence.,artifacts/phases/P36_FULL_FLOW_E2E_50_100_200_REAL/full_flow_200/full_flow_result.json;artifacts/phases/P36_FULL_FLOW_E2E_50_100_200_REAL/full_flow_200/valkey_e2e_evidence.json,artifacts/phases/P36_FULL_FLOW_E2E_50_100_200_REAL/full_flow_matrix.json;artifacts/phases/P36_FULL_FLOW_E2E_50_100_200_REAL/full_flow_results.jsonl;artifacts/phases/P36_FULL_FLOW_E2E_50_100_200_REAL/full_flow_200/analysis_summary.json;artifacts/phases/P36_FULL_FLOW_E2E_50_100_200_REAL/full_flow_200/report_index.json,artifacts/phases/P36_FULL_FLOW_E2E_50_100_200_REAL/metrics_timeseries.jsonl,artifacts/phases/P36_FULL_FLOW_E2E_50_100_200_REAL/full_flow_200/cleanup_report.json,artifacts/goal_loop_strict/P36_FULL_FLOW_E2E_50_100_200_REAL/REVIEW.md,PENDING_REVIEW_AND_COMMIT
200.lifecycle.config_validate,200,200,lifecycle,config_validate,P36_FULL_FLOW_E2E_50_100_200_REAL,True,real,PASS,P36 exact-200 lifecycle step config_validate executed through the full-flow scenario and verified by scoped evidence.,artifacts/phases/P36_FULL_FLOW_E2E_50_100_200_REAL/full_flow_200/full_flow_result.json;artifacts/phases/P36_FULL_FLOW_E2E_50_100_200_REAL/full_flow_200/valkey_e2e_evidence.json,artifacts/phases/P36_FULL_FLOW_E2E_50_100_200_REAL/full_flow_matrix.json;artifacts/phases/P36_FULL_FLOW_E2E_50_100_200_REAL/full_flow_results.jsonl;artifacts/phases/P36_FULL_FLOW_E2E_50_100_200_REAL/full_flow_200/analysis_summary.json;artifacts/phases/P36_FULL_FLOW_E2E_50_100_200_REAL/full_flow_200/report_index.json,artifacts/phases/P36_FULL_FLOW_E2E_50_100_200_REAL/metrics_timeseries.jsonl,artifacts/phases/P36_FULL_FLOW_E2E_50_100_200_REAL/full_flow_200/cleanup_report.json,artifacts/goal_loop_strict/P36_FULL_FLOW_E2E_50_100_200_REAL/REVIEW.md,PENDING_REVIEW_AND_COMMIT
200.lifecycle.create_cluster,200,200,lifecycle,create_cluster,P36_FULL_FLOW_E2E_50_100_200_REAL,True,real,PASS,P36 exact-200 lifecycle step create_cluster executed through the full-flow scenario and verified by scoped evidence.,artifacts/phases/P36_FULL_FLOW_E2E_50_100_200_REAL/full_flow_200/full_flow_result.json;artifacts/phases/P36_FULL_FLOW_E2E_50_100_200_REAL/full_flow_200/valkey_e2e_evidence.json,artifacts/phases/P36_FULL_FLOW_E2E_50_100_200_REAL/full_flow_matrix.json;artifacts/phases/P36_FULL_FLOW_E2E_50_100_200_REAL/full_flow_results.jsonl;artifacts/phases/P36_FULL_FLOW_E2E_50_100_200_REAL/full_flow_200/analysis_summary.json;artifacts/phases/P36_FULL_FLOW_E2E_50_100_200_REAL/full_flow_200/report_index.json,artifacts/phases/P36_FULL_FLOW_E2E_50_100_200_REAL/metrics_timeseries.jsonl,artifacts/phases/P36_FULL_FLOW_E2E_50_100_200_REAL/full_flow_200/cleanup_report.json,artifacts/goal_loop_strict/P36_FULL_FLOW_E2E_50_100_200_REAL/REVIEW.md,PENDING_REVIEW_AND_COMMIT
200.lifecycle.meet_nodes,200,200,lifecycle,meet_nodes,P36_FULL_FLOW_E2E_50_100_200_REAL,True,real,PASS,P36 exact-200 lifecycle step meet_nodes executed through the full-flow scenario and verified by scoped evidence.,artifacts/phases/P36_FULL_FLOW_E2E_50_100_200_REAL/full_flow_200/full_flow_result.json;artifacts/phases/P36_FULL_FLOW_E2E_50_100_200_REAL/full_flow_200/valkey_e2e_evidence.json,artifacts/phases/P36_FULL_FLOW_E2E_50_100_200_REAL/full_flow_matrix.json;artifacts/phases/P36_FULL_FLOW_E2E_50_100_200_REAL/full_flow_results.jsonl;artifacts/phases/P36_FULL_FLOW_E2E_50_100_200_REAL/full_flow_200/analysis_summary.json;artifacts/phases/P36_FULL_FLOW_E2E_50_100_200_REAL/full_flow_200/report_index.json,artifacts/phases/P36_FULL_FLOW_E2E_50_100_200_REAL/metrics_timeseries.jsonl,artifacts/phases/P36_FULL_FLOW_E2E_50_100_200_REAL/full_flow_200/cleanup_report.json,artifacts/goal_loop_strict/P36_FULL_FLOW_E2E_50_100_200_REAL/REVIEW.md,PENDING_REVIEW_AND_COMMIT
200.lifecycle.plan_cluster,200,200,lifecycle,plan_cluster,P36_FULL_FLOW_E2E_50_100_200_REAL,True,real,PASS,P36 exact-200 lifecycle step plan_cluster executed through the full-flow scenario and verified by scoped evidence.,artifacts/phases/P36_FULL_FLOW_E2E_50_100_200_REAL/full_flow_200/full_flow_result.json;artifacts/phases/P36_FULL_FLOW_E2E_50_100_200_REAL/full_flow_200/valkey_e2e_evidence.json,artifacts/phases/P36_FULL_FLOW_E2E_50_100_200_REAL/full_flow_matrix.json;artifacts/phases/P36_FULL_FLOW_E2E_50_100_200_REAL/full_flow_results.jsonl;artifacts/phases/P36_FULL_FLOW_E2E_50_100_200_REAL/full_flow_200/analysis_summary.json;artifacts/phases/P36_FULL_FLOW_E2E_50_100_200_REAL/full_flow_200/report_index.json,artifacts/phases/P36_FULL_FLOW_E2E_50_100_200_REAL/metrics_timeseries.jsonl,artifacts/phases/P36_FULL_FLOW_E2E_50_100_200_REAL/full_flow_200/cleanup_report.json,artifacts/goal_loop_strict/P36_FULL_FLOW_E2E_50_100_200_REAL/REVIEW.md,PENDING_REVIEW_AND_COMMIT
200.lifecycle.report_render,200,200,lifecycle,report_render,P36_FULL_FLOW_E2E_50_100_200_REAL,True,real,PASS,P36 exact-200 lifecycle step report_render executed through the full-flow scenario and verified by scoped evidence.,artifacts/phases/P36_FULL_FLOW_E2E_50_100_200_REAL/full_flow_200/full_flow_result.json;artifacts/phases/P36_FULL_FLOW_E2E_50_100_200_REAL/full_flow_200/valkey_e2e_evidence.json,artifacts/phases/P36_FULL_FLOW_E2E_50_100_200_REAL/full_flow_matrix.json;artifacts/phases/P36_FULL_FLOW_E2E_50_100_200_REAL/full_flow_results.jsonl;artifacts/phases/P36_FULL_FLOW_E2E_50_100_200_REAL/full_flow_200/analysis_summary.json;artifacts/phases/P36_FULL_FLOW_E2E_50_100_200_REAL/full_flow_200/report_index.json,artifacts/phases/P36_FULL_FLOW_E2E_50_100_200_REAL/metrics_timeseries.jsonl,artifacts/phases/P36_FULL_FLOW_E2E_50_100_200_REAL/full_flow_200/cleanup_report.json,artifacts/goal_loop_strict/P36_FULL_FLOW_E2E_50_100_200_REAL/REVIEW.md,PENDING_REVIEW_AND_COMMIT
200.lifecycle.resource_preflight,200,200,lifecycle,resource_preflight,P36_FULL_FLOW_E2E_50_100_200_REAL,True,real,PASS,P36 exact-200 lifecycle step resource_preflight executed through the full-flow scenario and verified by scoped evidence.,artifacts/phases/P36_FULL_FLOW_E2E_50_100_200_REAL/full_flow_200/full_flow_result.json;artifacts/phases/P36_FULL_FLOW_E2E_50_100_200_REAL/full_flow_200/valkey_e2e_evidence.json,artifacts/phases/P36_FULL_FLOW_E2E_50_100_200_REAL/full_flow_matrix.json;artifacts/phases/P36_FULL_FLOW_E2E_50_100_200_REAL/full_flow_results.jsonl;artifacts/phases/P36_FULL_FLOW_E2E_50_100_200_REAL/full_flow_200/analysis_summary.json;artifacts/phases/P36_FULL_FLOW_E2E_50_100_200_REAL/full_flow_200/report_index.json,artifacts/phases/P36_FULL_FLOW_E2E_50_100_200_REAL/metrics_timeseries.jsonl,artifacts/phases/P36_FULL_FLOW_E2E_50_100_200_REAL/full_flow_200/cleanup_report.json,artifacts/goal_loop_strict/P36_FULL_FLOW_E2E_50_100_200_REAL/REVIEW.md,PENDING_REVIEW_AND_COMMIT
200.lifecycle.telemetry_collect,200,200,lifecycle,telemetry_collect,P36_FULL_FLOW_E2E_50_100_200_REAL,True,real,PASS,P36 exact-200 lifecycle step telemetry_collect executed through the full-flow scenario and verified by scoped evidence.,artifacts/phases/P36_FULL_FLOW_E2E_50_100_200_REAL/full_flow_200/full_flow_result.json;artifacts/phases/P36_FULL_FLOW_E2E_50_100_200_REAL/full_flow_200/valkey_e2e_evidence.json,artifacts/phases/P36_FULL_FLOW_E2E_50_100_200_REAL/full_flow_matrix.json;artifacts/phases/P36_FULL_FLOW_E2E_50_100_200_REAL/full_flow_results.jsonl;artifacts/phases/P36_FULL_FLOW_E2E_50_100_200_REAL/full_flow_200/analysis_summary.json;artifacts/phases/P36_FULL_FLOW_E2E_50_100_200_REAL/full_flow_200/report_index.json,artifacts/phases/P36_FULL_FLOW_E2E_50_100_200_REAL/metrics_timeseries.jsonl,artifacts/phases/P36_FULL_FLOW_E2E_50_100_200_REAL/full_flow_200/cleanup_report.json,artifacts/goal_loop_strict/P36_FULL_FLOW_E2E_50_100_200_REAL/REVIEW.md,PENDING_REVIEW_AND_COMMIT
200.management.add_replica,200,200,management,add_replica,P32_MANAGEMENT_MATRIX_200_REAL,True,real,PASS,Real exact-200 management operation executed and verified.,artifacts/phases/P32_MANAGEMENT_MATRIX_200_REAL/management_operation_results.jsonl;artifacts/phases/P32_MANAGEMENT_MATRIX_200_REAL/management_command_log.jsonl;artifacts/phases/P32_MANAGEMENT_MATRIX_200_REAL/management_topology_snapshots.jsonl;artifacts/phases/P32_MANAGEMENT_MATRIX_200_REAL/workload_windows.json,artifacts/phases/P32_MANAGEMENT_MATRIX_200_REAL/management_ops_matrix.json;artifacts/phases/P32_MANAGEMENT_MATRIX_200_REAL/management_operation_results.jsonl;artifacts/phases/P32_MANAGEMENT_MATRIX_200_REAL/management_workload_impact.json,artifacts/phases/P32_MANAGEMENT_MATRIX_200_REAL/metrics_timeseries.jsonl,artifacts/phases/P32_MANAGEMENT_MATRIX_200_REAL/cleanup_report.json,artifacts/goal_loop_strict/P32_MANAGEMENT_MATRIX_200_REAL/REVIEW.md,PENDING_REVIEW_AND_COMMIT
200.management.create_cluster,200,200,management,create_cluster,P32_MANAGEMENT_MATRIX_200_REAL,True,real,PASS,Real exact-200 management operation executed and verified.,artifacts/phases/P32_MANAGEMENT_MATRIX_200_REAL/management_operation_results.jsonl;artifacts/phases/P32_MANAGEMENT_MATRIX_200_REAL/management_command_log.jsonl;artifacts/phases/P32_MANAGEMENT_MATRIX_200_REAL/management_topology_snapshots.jsonl;artifacts/phases/P32_MANAGEMENT_MATRIX_200_REAL/workload_windows.json,artifacts/phases/P32_MANAGEMENT_MATRIX_200_REAL/management_ops_matrix.json;artifacts/phases/P32_MANAGEMENT_MATRIX_200_REAL/management_operation_results.jsonl;artifacts/phases/P32_MANAGEMENT_MATRIX_200_REAL/management_workload_impact.json,artifacts/phases/P32_MANAGEMENT_MATRIX_200_REAL/metrics_timeseries.jsonl,artifacts/phases/P32_MANAGEMENT_MATRIX_200_REAL/cleanup_report.json,artifacts/goal_loop_strict/P32_MANAGEMENT_MATRIX_200_REAL/REVIEW.md,PENDING_REVIEW_AND_COMMIT
200.management.meet_nodes,200,200,management,meet_nodes,P32_MANAGEMENT_MATRIX_200_REAL,True,real,PASS,Real exact-200 management operation executed and verified.,artifacts/phases/P32_MANAGEMENT_MATRIX_200_REAL/management_operation_results.jsonl;artifacts/phases/P32_MANAGEMENT_MATRIX_200_REAL/management_command_log.jsonl;artifacts/phases/P32_MANAGEMENT_MATRIX_200_REAL/management_topology_snapshots.jsonl;artifacts/phases/P32_MANAGEMENT_MATRIX_200_REAL/workload_windows.json,artifacts/phases/P32_MANAGEMENT_MATRIX_200_REAL/management_ops_matrix.json;artifacts/phases/P32_MANAGEMENT_MATRIX_200_REAL/management_operation_results.jsonl;artifacts/phases/P32_MANAGEMENT_MATRIX_200_REAL/management_workload_impact.json,artifacts/phases/P32_MANAGEMENT_MATRIX_200_REAL/metrics_timeseries.jsonl,artifacts/phases/P32_MANAGEMENT_MATRIX_200_REAL/cleanup_report.json,artifacts/goal_loop_strict/P32_MANAGEMENT_MATRIX_200_REAL/REVIEW.md,PENDING_REVIEW_AND_COMMIT
200.management.rebalance_after_imbalance,200,200,management,rebalance_after_imbalance,P32_MANAGEMENT_MATRIX_200_REAL,True,real,PASS,Real exact-200 management operation executed and verified.,artifacts/phases/P32_MANAGEMENT_MATRIX_200_REAL/management_operation_results.jsonl;artifacts/phases/P32_MANAGEMENT_MATRIX_200_REAL/management_command_log.jsonl;artifacts/phases/P32_MANAGEMENT_MATRIX_200_REAL/management_topology_snapshots.jsonl;artifacts/phases/P32_MANAGEMENT_MATRIX_200_REAL/workload_windows.json,artifacts/phases/P32_MANAGEMENT_MATRIX_200_REAL/management_ops_matrix.json;artifacts/phases/P32_MANAGEMENT_MATRIX_200_REAL/management_operation_results.jsonl;artifacts/phases/P32_MANAGEMENT_MATRIX_200_REAL/management_workload_impact.json,artifacts/phases/P32_MANAGEMENT_MATRIX_200_REAL/metrics_timeseries.jsonl,artifacts/phases/P32_MANAGEMENT_MATRIX_200_REAL/cleanup_report.json,artifacts/goal_loop_strict/P32_MANAGEMENT_MATRIX_200_REAL/REVIEW.md,PENDING_REVIEW_AND_COMMIT
200.management.remove_failed_node,200,200,management,remove_failed_node,P32_MANAGEMENT_MATRIX_200_REAL,True,real,PASS,Real exact-200 management operation executed and verified.,artifacts/phases/P32_MANAGEMENT_MATRIX_200_REAL/management_operation_results.jsonl;artifacts/phases/P32_MANAGEMENT_MATRIX_200_REAL/management_command_log.jsonl;artifacts/phases/P32_MANAGEMENT_MATRIX_200_REAL/management_topology_snapshots.jsonl;artifacts/phases/P32_MANAGEMENT_MATRIX_200_REAL/workload_windows.json,artifacts/phases/P32_MANAGEMENT_MATRIX_200_REAL/management_ops_matrix.json;artifacts/phases/P32_MANAGEMENT_MATRIX_200_REAL/management_operation_results.jsonl;artifacts/phases/P32_MANAGEMENT_MATRIX_200_REAL/management_workload_impact.json,artifacts/phases/P32_MANAGEMENT_MATRIX_200_REAL/metrics_timeseries.jsonl,artifacts/phases/P32_MANAGEMENT_MATRIX_200_REAL/cleanup_report.json,artifacts/goal_loop_strict/P32_MANAGEMENT_MATRIX_200_REAL/REVIEW.md,PENDING_REVIEW_AND_COMMIT
200.management.remove_primary_drained_or_safe_replaced,200,200,management,remove_primary_drained_or_safe_replaced,P32_MANAGEMENT_MATRIX_200_REAL,True,real,PASS,Real exact-200 management operation executed and verified.,artifacts/phases/P32_MANAGEMENT_MATRIX_200_REAL/management_operation_results.jsonl;artifacts/phases/P32_MANAGEMENT_MATRIX_200_REAL/management_command_log.jsonl;artifacts/phases/P32_MANAGEMENT_MATRIX_200_REAL/management_topology_snapshots.jsonl;artifacts/phases/P32_MANAGEMENT_MATRIX_200_REAL/workload_windows.json,artifacts/phases/P32_MANAGEMENT_MATRIX_200_REAL/management_ops_matrix.json;artifacts/phases/P32_MANAGEMENT_MATRIX_200_REAL/management_operation_results.jsonl;artifacts/phases/P32_MANAGEMENT_MATRIX_200_REAL/management_workload_impact.json,artifacts/phases/P32_MANAGEMENT_MATRIX_200_REAL/metrics_timeseries.jsonl,artifacts/phases/P32_MANAGEMENT_MATRIX_200_REAL/cleanup_report.json,artifacts/goal_loop_strict/P32_MANAGEMENT_MATRIX_200_REAL/REVIEW.md,PENDING_REVIEW_AND_COMMIT
200.management.remove_replica,200,200,management,remove_replica,P32_MANAGEMENT_MATRIX_200_REAL,True,real,PASS,Real exact-200 management operation executed and verified.,artifacts/phases/P32_MANAGEMENT_MATRIX_200_REAL/management_operation_results.jsonl;artifacts/phases/P32_MANAGEMENT_MATRIX_200_REAL/management_command_log.jsonl;artifacts/phases/P32_MANAGEMENT_MATRIX_200_REAL/management_topology_snapshots.jsonl;artifacts/phases/P32_MANAGEMENT_MATRIX_200_REAL/workload_windows.json,artifacts/phases/P32_MANAGEMENT_MATRIX_200_REAL/management_ops_matrix.json;artifacts/phases/P32_MANAGEMENT_MATRIX_200_REAL/management_operation_results.jsonl;artifacts/phases/P32_MANAGEMENT_MATRIX_200_REAL/management_workload_impact.json,artifacts/phases/P32_MANAGEMENT_MATRIX_200_REAL/metrics_timeseries.jsonl,artifacts/phases/P32_MANAGEMENT_MATRIX_200_REAL/cleanup_report.json,artifacts/goal_loop_strict/P32_MANAGEMENT_MATRIX_200_REAL/REVIEW.md,PENDING_REVIEW_AND_COMMIT
200.management.reshard_slot_range,200,200,management,reshard_slot_range,P32_MANAGEMENT_MATRIX_200_REAL,True,real,PASS,Real exact-200 management operation executed and verified.,artifacts/phases/P32_MANAGEMENT_MATRIX_200_REAL/management_operation_results.jsonl;artifacts/phases/P32_MANAGEMENT_MATRIX_200_REAL/management_command_log.jsonl;artifacts/phases/P32_MANAGEMENT_MATRIX_200_REAL/management_topology_snapshots.jsonl;artifacts/phases/P32_MANAGEMENT_MATRIX_200_REAL/workload_windows.json,artifacts/phases/P32_MANAGEMENT_MATRIX_200_REAL/management_ops_matrix.json;artifacts/phases/P32_MANAGEMENT_MATRIX_200_REAL/management_operation_results.jsonl;artifacts/phases/P32_MANAGEMENT_MATRIX_200_REAL/management_workload_impact.json,artifacts/phases/P32_MANAGEMENT_MATRIX_200_REAL/metrics_timeseries.jsonl,artifacts/phases/P32_MANAGEMENT_MATRIX_200_REAL/cleanup_report.json,artifacts/goal_loop_strict/P32_MANAGEMENT_MATRIX_200_REAL/REVIEW.md,PENDING_REVIEW_AND_COMMIT
200.management.reshard_with_keys,200,200,management,reshard_with_keys,P32_MANAGEMENT_MATRIX_200_REAL,True,real,PASS,Real exact-200 management operation executed and verified.,artifacts/phases/P32_MANAGEMENT_MATRIX_200_REAL/management_operation_results.jsonl;artifacts/phases/P32_MANAGEMENT_MATRIX_200_REAL/management_command_log.jsonl;artifacts/phases/P32_MANAGEMENT_MATRIX_200_REAL/management_topology_snapshots.jsonl;artifacts/phases/P32_MANAGEMENT_MATRIX_200_REAL/workload_windows.json,artifacts/phases/P32_MANAGEMENT_MATRIX_200_REAL/management_ops_matrix.json;artifacts/phases/P32_MANAGEMENT_MATRIX_200_REAL/management_operation_results.jsonl;artifacts/phases/P32_MANAGEMENT_MATRIX_200_REAL/management_workload_impact.json,artifacts/phases/P32_MANAGEMENT_MATRIX_200_REAL/metrics_timeseries.jsonl,artifacts/phases/P32_MANAGEMENT_MATRIX_200_REAL/cleanup_report.json,artifacts/goal_loop_strict/P32_MANAGEMENT_MATRIX_200_REAL/REVIEW.md,PENDING_REVIEW_AND_COMMIT
200.management.rolling_restart_primary_safe,200,200,management,rolling_restart_primary_safe,P32_MANAGEMENT_MATRIX_200_REAL,True,real,PASS,Real exact-200 management operation executed and verified.,artifacts/phases/P32_MANAGEMENT_MATRIX_200_REAL/management_operation_results.jsonl;artifacts/phases/P32_MANAGEMENT_MATRIX_200_REAL/management_command_log.jsonl;artifacts/phases/P32_MANAGEMENT_MATRIX_200_REAL/management_topology_snapshots.jsonl;artifacts/phases/P32_MANAGEMENT_MATRIX_200_REAL/workload_windows.json,artifacts/phases/P32_MANAGEMENT_MATRIX_200_REAL/management_ops_matrix.json;artifacts/phases/P32_MANAGEMENT_MATRIX_200_REAL/management_operation_results.jsonl;artifacts/phases/P32_MANAGEMENT_MATRIX_200_REAL/management_workload_impact.json,artifacts/phases/P32_MANAGEMENT_MATRIX_200_REAL/metrics_timeseries.jsonl,artifacts/phases/P32_MANAGEMENT_MATRIX_200_REAL/cleanup_report.json,artifacts/goal_loop_strict/P32_MANAGEMENT_MATRIX_200_REAL/REVIEW.md,PENDING_REVIEW_AND_COMMIT
200.management.rolling_restart_replica_first,200,200,management,rolling_restart_replica_first,P32_MANAGEMENT_MATRIX_200_REAL,True,real,PASS,Real exact-200 management operation executed and verified.,artifacts/phases/P32_MANAGEMENT_MATRIX_200_REAL/management_operation_results.jsonl;artifacts/phases/P32_MANAGEMENT_MATRIX_200_REAL/management_command_log.jsonl;artifacts/phases/P32_MANAGEMENT_MATRIX_200_REAL/management_topology_snapshots.jsonl;artifacts/phases/P32_MANAGEMENT_MATRIX_200_REAL/workload_windows.json,artifacts/phases/P32_MANAGEMENT_MATRIX_200_REAL/management_ops_matrix.json;artifacts/phases/P32_MANAGEMENT_MATRIX_200_REAL/management_operation_results.jsonl;artifacts/phases/P32_MANAGEMENT_MATRIX_200_REAL/management_workload_impact.json,artifacts/phases/P32_MANAGEMENT_MATRIX_200_REAL/metrics_timeseries.jsonl,artifacts/phases/P32_MANAGEMENT_MATRIX_200_REAL/cleanup_report.json,artifacts/goal_loop_strict/P32_MANAGEMENT_MATRIX_200_REAL/REVIEW.md,PENDING_REVIEW_AND_COMMIT
200.fault.az_stop,200,200,fault,az_stop,P35_FAULT_FAILOVER_MATRIX_200_REAL,True,real,PASS,Real exact-200 fault/failover row executed and verified.,artifacts/phases/P35_FAULT_FAILOVER_MATRIX_200_REAL/fault_operation_results.jsonl,artifacts/phases/P35_FAULT_FAILOVER_MATRIX_200_REAL/fault_matrix_report.json;artifacts/phases/P35_FAULT_FAILOVER_MATRIX_200_REAL/fault_operation_results.jsonl;artifacts/phases/P35_FAULT_FAILOVER_MATRIX_200_REAL/failover_latency_curve.json;artifacts/phases/P35_FAULT_FAILOVER_MATRIX_200_REAL/split_brain_report.json;artifacts/phases/P35_FAULT_FAILOVER_MATRIX_200_REAL/fault_workload_impact.json,artifacts/phases/P35_FAULT_FAILOVER_MATRIX_200_REAL/metrics_timeseries.jsonl,artifacts/phases/P35_FAULT_FAILOVER_MATRIX_200_REAL/cleanup_report.json,artifacts/goal_loop_strict/P35_FAULT_FAILOVER_MATRIX_200_REAL/REVIEW.md,PENDING_REVIEW_AND_COMMIT
200.fault.fault_period_workload_impact,200,200,fault,fault_period_workload_impact,P35_FAULT_FAILOVER_MATRIX_200_REAL,True,real,PASS,Real exact-200 fault/failover row executed and verified.,artifacts/phases/P35_FAULT_FAILOVER_MATRIX_200_REAL/fault_operation_results.jsonl,artifacts/phases/P35_FAULT_FAILOVER_MATRIX_200_REAL/fault_matrix_report.json;artifacts/phases/P35_FAULT_FAILOVER_MATRIX_200_REAL/fault_operation_results.jsonl;artifacts/phases/P35_FAULT_FAILOVER_MATRIX_200_REAL/failover_latency_curve.json;artifacts/phases/P35_FAULT_FAILOVER_MATRIX_200_REAL/split_brain_report.json;artifacts/phases/P35_FAULT_FAILOVER_MATRIX_200_REAL/fault_workload_impact.json,artifacts/phases/P35_FAULT_FAILOVER_MATRIX_200_REAL/metrics_timeseries.jsonl,artifacts/phases/P35_FAULT_FAILOVER_MATRIX_200_REAL/cleanup_report.json,artifacts/goal_loop_strict/P35_FAULT_FAILOVER_MATRIX_200_REAL/REVIEW.md,PENDING_REVIEW_AND_COMMIT
200.fault.majority_partition,200,200,fault,majority_partition,P35_FAULT_FAILOVER_MATRIX_200_REAL,True,real,PASS,Real exact-200 fault/failover row executed and verified.,artifacts/phases/P35_FAULT_FAILOVER_MATRIX_200_REAL/fault_operation_results.jsonl,artifacts/phases/P35_FAULT_FAILOVER_MATRIX_200_REAL/fault_matrix_report.json;artifacts/phases/P35_FAULT_FAILOVER_MATRIX_200_REAL/fault_operation_results.jsonl;artifacts/phases/P35_FAULT_FAILOVER_MATRIX_200_REAL/failover_latency_curve.json;artifacts/phases/P35_FAULT_FAILOVER_MATRIX_200_REAL/split_brain_report.json;artifacts/phases/P35_FAULT_FAILOVER_MATRIX_200_REAL/fault_workload_impact.json,artifacts/phases/P35_FAULT_FAILOVER_MATRIX_200_REAL/metrics_timeseries.jsonl,artifacts/phases/P35_FAULT_FAILOVER_MATRIX_200_REAL/cleanup_report.json,artifacts/goal_loop_strict/P35_FAULT_FAILOVER_MATRIX_200_REAL/REVIEW.md,PENDING_REVIEW_AND_COMMIT
200.fault.minority_partition,200,200,fault,minority_partition,P35_FAULT_FAILOVER_MATRIX_200_REAL,True,real,PASS,Real exact-200 fault/failover row executed and verified.,artifacts/phases/P35_FAULT_FAILOVER_MATRIX_200_REAL/fault_operation_results.jsonl,artifacts/phases/P35_FAULT_FAILOVER_MATRIX_200_REAL/fault_matrix_report.json;artifacts/phases/P35_FAULT_FAILOVER_MATRIX_200_REAL/fault_operation_results.jsonl;artifacts/phases/P35_FAULT_FAILOVER_MATRIX_200_REAL/failover_latency_curve.json;artifacts/phases/P35_FAULT_FAILOVER_MATRIX_200_REAL/split_brain_report.json;artifacts/phases/P35_FAULT_FAILOVER_MATRIX_200_REAL/fault_workload_impact.json,artifacts/phases/P35_FAULT_FAILOVER_MATRIX_200_REAL/metrics_timeseries.jsonl,artifacts/phases/P35_FAULT_FAILOVER_MATRIX_200_REAL/cleanup_report.json,artifacts/goal_loop_strict/P35_FAULT_FAILOVER_MATRIX_200_REAL/REVIEW.md,PENDING_REVIEW_AND_COMMIT
200.fault.network_delay,200,200,fault,network_delay,P35_FAULT_FAILOVER_MATRIX_200_REAL,True,real,PASS,Real exact-200 fault/failover row executed and verified.,artifacts/phases/P35_FAULT_FAILOVER_MATRIX_200_REAL/fault_operation_results.jsonl,artifacts/phases/P35_FAULT_FAILOVER_MATRIX_200_REAL/fault_matrix_report.json;artifacts/phases/P35_FAULT_FAILOVER_MATRIX_200_REAL/fault_operation_results.jsonl;artifacts/phases/P35_FAULT_FAILOVER_MATRIX_200_REAL/failover_latency_curve.json;artifacts/phases/P35_FAULT_FAILOVER_MATRIX_200_REAL/split_brain_report.json;artifacts/phases/P35_FAULT_FAILOVER_MATRIX_200_REAL/fault_workload_impact.json,artifacts/phases/P35_FAULT_FAILOVER_MATRIX_200_REAL/metrics_timeseries.jsonl,artifacts/phases/P35_FAULT_FAILOVER_MATRIX_200_REAL/cleanup_report.json,artifacts/goal_loop_strict/P35_FAULT_FAILOVER_MATRIX_200_REAL/REVIEW.md,PENDING_REVIEW_AND_COMMIT
200.fault.network_flap,200,200,fault,network_flap,P35_FAULT_FAILOVER_MATRIX_200_REAL,True,real,PASS,Real exact-200 fault/failover row executed and verified.,artifacts/phases/P35_FAULT_FAILOVER_MATRIX_200_REAL/fault_operation_results.jsonl,artifacts/phases/P35_FAULT_FAILOVER_MATRIX_200_REAL/fault_matrix_report.json;artifacts/phases/P35_FAULT_FAILOVER_MATRIX_200_REAL/fault_operation_results.jsonl;artifacts/phases/P35_FAULT_FAILOVER_MATRIX_200_REAL/failover_latency_curve.json;artifacts/phases/P35_FAULT_FAILOVER_MATRIX_200_REAL/split_brain_report.json;artifacts/phases/P35_FAULT_FAILOVER_MATRIX_200_REAL/fault_workload_impact.json,artifacts/phases/P35_FAULT_FAILOVER_MATRIX_200_REAL/metrics_timeseries.jsonl,artifacts/phases/P35_FAULT_FAILOVER_MATRIX_200_REAL/cleanup_report.json,artifacts/goal_loop_strict/P35_FAULT_FAILOVER_MATRIX_200_REAL/REVIEW.md,PENDING_REVIEW_AND_COMMIT
200.fault.network_loss,200,200,fault,network_loss,P35_FAULT_FAILOVER_MATRIX_200_REAL,True,real,PASS,Real exact-200 fault/failover row executed and verified.,artifacts/phases/P35_FAULT_FAILOVER_MATRIX_200_REAL/fault_operation_results.jsonl,artifacts/phases/P35_FAULT_FAILOVER_MATRIX_200_REAL/fault_matrix_report.json;artifacts/phases/P35_FAULT_FAILOVER_MATRIX_200_REAL/fault_operation_results.jsonl;artifacts/phases/P35_FAULT_FAILOVER_MATRIX_200_REAL/failover_latency_curve.json;artifacts/phases/P35_FAULT_FAILOVER_MATRIX_200_REAL/split_brain_report.json;artifacts/phases/P35_FAULT_FAILOVER_MATRIX_200_REAL/fault_workload_impact.json,artifacts/phases/P35_FAULT_FAILOVER_MATRIX_200_REAL/metrics_timeseries.jsonl,artifacts/phases/P35_FAULT_FAILOVER_MATRIX_200_REAL/cleanup_report.json,artifacts/goal_loop_strict/P35_FAULT_FAILOVER_MATRIX_200_REAL/REVIEW.md,PENDING_REVIEW_AND_COMMIT
200.fault.network_partition,200,200,fault,network_partition,P35_FAULT_FAILOVER_MATRIX_200_REAL,True,real,PASS,Real exact-200 fault/failover row executed and verified.,artifacts/phases/P35_FAULT_FAILOVER_MATRIX_200_REAL/fault_operation_results.jsonl,artifacts/phases/P35_FAULT_FAILOVER_MATRIX_200_REAL/fault_matrix_report.json;artifacts/phases/P35_FAULT_FAILOVER_MATRIX_200_REAL/fault_operation_results.jsonl;artifacts/phases/P35_FAULT_FAILOVER_MATRIX_200_REAL/failover_latency_curve.json;artifacts/phases/P35_FAULT_FAILOVER_MATRIX_200_REAL/split_brain_report.json;artifacts/phases/P35_FAULT_FAILOVER_MATRIX_200_REAL/fault_workload_impact.json,artifacts/phases/P35_FAULT_FAILOVER_MATRIX_200_REAL/metrics_timeseries.jsonl,artifacts/phases/P35_FAULT_FAILOVER_MATRIX_200_REAL/cleanup_report.json,artifacts/goal_loop_strict/P35_FAULT_FAILOVER_MATRIX_200_REAL/REVIEW.md,PENDING_REVIEW_AND_COMMIT
200.fault.node_host_stop,200,200,fault,node_host_stop,P35_FAULT_FAILOVER_MATRIX_200_REAL,True,real,PASS,Real exact-200 fault/failover row executed and verified.,artifacts/phases/P35_FAULT_FAILOVER_MATRIX_200_REAL/fault_operation_results.jsonl,artifacts/phases/P35_FAULT_FAILOVER_MATRIX_200_REAL/fault_matrix_report.json;artifacts/phases/P35_FAULT_FAILOVER_MATRIX_200_REAL/fault_operation_results.jsonl;artifacts/phases/P35_FAULT_FAILOVER_MATRIX_200_REAL/failover_latency_curve.json;artifacts/phases/P35_FAULT_FAILOVER_MATRIX_200_REAL/split_brain_report.json;artifacts/phases/P35_FAULT_FAILOVER_MATRIX_200_REAL/fault_workload_impact.json,artifacts/phases/P35_FAULT_FAILOVER_MATRIX_200_REAL/metrics_timeseries.jsonl,artifacts/phases/P35_FAULT_FAILOVER_MATRIX_200_REAL/cleanup_report.json,artifacts/goal_loop_strict/P35_FAULT_FAILOVER_MATRIX_200_REAL/REVIEW.md,PENDING_REVIEW_AND_COMMIT
200.fault.primary_stop_failover,200,200,fault,primary_stop_failover,P35_FAULT_FAILOVER_MATRIX_200_REAL,True,real,PASS,Real exact-200 fault/failover row executed and verified.,artifacts/phases/P35_FAULT_FAILOVER_MATRIX_200_REAL/failover_samples.jsonl;artifacts/phases/P35_FAULT_FAILOVER_MATRIX_200_REAL/failover_latency_curve.json,artifacts/phases/P35_FAULT_FAILOVER_MATRIX_200_REAL/fault_matrix_report.json;artifacts/phases/P35_FAULT_FAILOVER_MATRIX_200_REAL/fault_operation_results.jsonl;artifacts/phases/P35_FAULT_FAILOVER_MATRIX_200_REAL/failover_latency_curve.json;artifacts/phases/P35_FAULT_FAILOVER_MATRIX_200_REAL/split_brain_report.json;artifacts/phases/P35_FAULT_FAILOVER_MATRIX_200_REAL/fault_workload_impact.json,artifacts/phases/P35_FAULT_FAILOVER_MATRIX_200_REAL/metrics_timeseries.jsonl,artifacts/phases/P35_FAULT_FAILOVER_MATRIX_200_REAL/cleanup_report.json,artifacts/goal_loop_strict/P35_FAULT_FAILOVER_MATRIX_200_REAL/REVIEW.md,PENDING_REVIEW_AND_COMMIT
200.fault.replica_stop,200,200,fault,replica_stop,P35_FAULT_FAILOVER_MATRIX_200_REAL,True,real,PASS,Real exact-200 fault/failover row executed and verified.,artifacts/phases/P35_FAULT_FAILOVER_MATRIX_200_REAL/fault_operation_results.jsonl,artifacts/phases/P35_FAULT_FAILOVER_MATRIX_200_REAL/fault_matrix_report.json;artifacts/phases/P35_FAULT_FAILOVER_MATRIX_200_REAL/fault_operation_results.jsonl;artifacts/phases/P35_FAULT_FAILOVER_MATRIX_200_REAL/failover_latency_curve.json;artifacts/phases/P35_FAULT_FAILOVER_MATRIX_200_REAL/split_brain_report.json;artifacts/phases/P35_FAULT_FAILOVER_MATRIX_200_REAL/fault_workload_impact.json,artifacts/phases/P35_FAULT_FAILOVER_MATRIX_200_REAL/metrics_timeseries.jsonl,artifacts/phases/P35_FAULT_FAILOVER_MATRIX_200_REAL/cleanup_report.json,artifacts/goal_loop_strict/P35_FAULT_FAILOVER_MATRIX_200_REAL/REVIEW.md,PENDING_REVIEW_AND_COMMIT
200.fault.split_brain_window_detection,200,200,fault,split_brain_window_detection,P35_FAULT_FAILOVER_MATRIX_200_REAL,True,real,PASS,Real exact-200 fault/failover row executed and verified.,artifacts/phases/P35_FAULT_FAILOVER_MATRIX_200_REAL/fault_operation_results.jsonl,artifacts/phases/P35_FAULT_FAILOVER_MATRIX_200_REAL/fault_matrix_report.json;artifacts/phases/P35_FAULT_FAILOVER_MATRIX_200_REAL/fault_operation_results.jsonl;artifacts/phases/P35_FAULT_FAILOVER_MATRIX_200_REAL/failover_latency_curve.json;artifacts/phases/P35_FAULT_FAILOVER_MATRIX_200_REAL/split_brain_report.json;artifacts/phases/P35_FAULT_FAILOVER_MATRIX_200_REAL/fault_workload_impact.json,artifacts/phases/P35_FAULT_FAILOVER_MATRIX_200_REAL/metrics_timeseries.jsonl,artifacts/phases/P35_FAULT_FAILOVER_MATRIX_200_REAL/cleanup_report.json,artifacts/goal_loop_strict/P35_FAULT_FAILOVER_MATRIX_200_REAL/REVIEW.md,PENDING_REVIEW_AND_COMMIT
201.dry_run.artifact_schema_projection_dry_run,201,201,dry_run,artifact_schema_projection_dry_run,P37_200_PLUS_DRY_RUN_SUPPORT,True,dry_run,DRY_RUN_PASS,P37 target 201 completed dry-run-only artifact_schema_projection_dry_run with no runtime resources created.,artifacts/phases/P37_200_PLUS_DRY_RUN_SUPPORT/generated_configs/scale_201_dry_run.yaml,artifacts/phases/P37_200_PLUS_DRY_RUN_SUPPORT/no_runtime_created_proof.json;artifacts/phases/P37_200_PLUS_DRY_RUN_SUPPORT/artifact_schema_projection_201.json,artifacts/phases/P37_200_PLUS_DRY_RUN_SUPPORT/quant_summary.json,artifacts/phases/P37_200_PLUS_DRY_RUN_SUPPORT/no_runtime_created_proof.json,artifacts/goal_loop_strict/P37_200_PLUS_DRY_RUN_SUPPORT/REVIEW.md,PENDING_STAGE_COMMIT
201.dry_run.config_validate_dry_run,201,201,dry_run,config_validate_dry_run,P37_200_PLUS_DRY_RUN_SUPPORT,True,dry_run,DRY_RUN_PASS,P37 target 201 completed dry-run-only config_validate_dry_run with no runtime resources created.,artifacts/phases/P37_200_PLUS_DRY_RUN_SUPPORT/generated_configs/scale_201_dry_run.yaml,artifacts/phases/P37_200_PLUS_DRY_RUN_SUPPORT/no_runtime_created_proof.json;artifacts/phases/P37_200_PLUS_DRY_RUN_SUPPORT/config_validation_201.json,artifacts/phases/P37_200_PLUS_DRY_RUN_SUPPORT/quant_summary.json,artifacts/phases/P37_200_PLUS_DRY_RUN_SUPPORT/no_runtime_created_proof.json,artifacts/goal_loop_strict/P37_200_PLUS_DRY_RUN_SUPPORT/REVIEW.md,PENDING_STAGE_COMMIT
201.dry_run.no_runtime_created_proof,201,201,dry_run,no_runtime_created_proof,P37_200_PLUS_DRY_RUN_SUPPORT,True,dry_run,DRY_RUN_PASS,P37 target 201 completed dry-run-only no_runtime_created_proof with no runtime resources created.,artifacts/phases/P37_200_PLUS_DRY_RUN_SUPPORT/generated_configs/scale_201_dry_run.yaml,artifacts/phases/P37_200_PLUS_DRY_RUN_SUPPORT/no_runtime_created_proof.json;artifacts/phases/P37_200_PLUS_DRY_RUN_SUPPORT/no_runtime_created_proof_201.json,artifacts/phases/P37_200_PLUS_DRY_RUN_SUPPORT/quant_summary.json,artifacts/phases/P37_200_PLUS_DRY_RUN_SUPPORT/no_runtime_created_proof.json,artifacts/goal_loop_strict/P37_200_PLUS_DRY_RUN_SUPPORT/REVIEW.md,PENDING_STAGE_COMMIT
201.dry_run.placement_schedule_dry_run,201,201,dry_run,placement_schedule_dry_run,P37_200_PLUS_DRY_RUN_SUPPORT,True,dry_run,DRY_RUN_PASS,P37 target 201 completed dry-run-only placement_schedule_dry_run with no runtime resources created.,artifacts/phases/P37_200_PLUS_DRY_RUN_SUPPORT/generated_configs/scale_201_dry_run.yaml,artifacts/phases/P37_200_PLUS_DRY_RUN_SUPPORT/no_runtime_created_proof.json;artifacts/phases/P37_200_PLUS_DRY_RUN_SUPPORT/placement_schedule_201.json,artifacts/phases/P37_200_PLUS_DRY_RUN_SUPPORT/quant_summary.json,artifacts/phases/P37_200_PLUS_DRY_RUN_SUPPORT/no_runtime_created_proof.json,artifacts/goal_loop_strict/P37_200_PLUS_DRY_RUN_SUPPORT/REVIEW.md,PENDING_STAGE_COMMIT
201.dry_run.plan_cluster_dry_run,201,201,dry_run,plan_cluster_dry_run,P37_200_PLUS_DRY_RUN_SUPPORT,True,dry_run,DRY_RUN_PASS,P37 target 201 completed dry-run-only plan_cluster_dry_run with no runtime resources created.,artifacts/phases/P37_200_PLUS_DRY_RUN_SUPPORT/generated_configs/scale_201_dry_run.yaml,artifacts/phases/P37_200_PLUS_DRY_RUN_SUPPORT/no_runtime_created_proof.json;artifacts/phases/P37_200_PLUS_DRY_RUN_SUPPORT/dry_run_plan_201.json,artifacts/phases/P37_200_PLUS_DRY_RUN_SUPPORT/quant_summary.json,artifacts/phases/P37_200_PLUS_DRY_RUN_SUPPORT/no_runtime_created_proof.json,artifacts/goal_loop_strict/P37_200_PLUS_DRY_RUN_SUPPORT/REVIEW.md,PENDING_STAGE_COMMIT
201.dry_run.port_directory_collision_check_dry_run,201,201,dry_run,port_directory_collision_check_dry_run,P37_200_PLUS_DRY_RUN_SUPPORT,True,dry_run,DRY_RUN_PASS,P37 target 201 completed dry-run-only port_directory_collision_check_dry_run with no runtime resources created.,artifacts/phases/P37_200_PLUS_DRY_RUN_SUPPORT/generated_configs/scale_201_dry_run.yaml,artifacts/phases/P37_200_PLUS_DRY_RUN_SUPPORT/no_runtime_created_proof.json;artifacts/phases/P37_200_PLUS_DRY_RUN_SUPPORT/collision_check_201.json,artifacts/phases/P37_200_PLUS_DRY_RUN_SUPPORT/quant_summary.json,artifacts/phases/P37_200_PLUS_DRY_RUN_SUPPORT/no_runtime_created_proof.json,artifacts/goal_loop_strict/P37_200_PLUS_DRY_RUN_SUPPORT/REVIEW.md,PENDING_STAGE_COMMIT
201.dry_run.report_projection_dry_run,201,201,dry_run,report_projection_dry_run,P37_200_PLUS_DRY_RUN_SUPPORT,True,dry_run,DRY_RUN_PASS,P37 target 201 completed dry-run-only report_projection_dry_run with no runtime resources created.,artifacts/phases/P37_200_PLUS_DRY_RUN_SUPPORT/generated_configs/scale_201_dry_run.yaml,artifacts/phases/P37_200_PLUS_DRY_RUN_SUPPORT/no_runtime_created_proof.json;artifacts/phases/P37_200_PLUS_DRY_RUN_SUPPORT/report_projection_201.json,artifacts/phases/P37_200_PLUS_DRY_RUN_SUPPORT/quant_summary.json,artifacts/phases/P37_200_PLUS_DRY_RUN_SUPPORT/no_runtime_created_proof.json,artifacts/goal_loop_strict/P37_200_PLUS_DRY_RUN_SUPPORT/REVIEW.md,PENDING_STAGE_COMMIT
201.dry_run.resource_preflight_dry_run,201,201,dry_run,resource_preflight_dry_run,P37_200_PLUS_DRY_RUN_SUPPORT,True,dry_run,DRY_RUN_PASS,P37 target 201 completed dry-run-only resource_preflight_dry_run with no runtime resources created.,artifacts/phases/P37_200_PLUS_DRY_RUN_SUPPORT/generated_configs/scale_201_dry_run.yaml,artifacts/phases/P37_200_PLUS_DRY_RUN_SUPPORT/no_runtime_created_proof.json;artifacts/phases/P37_200_PLUS_DRY_RUN_SUPPORT/resource_estimate_201.json,artifacts/phases/P37_200_PLUS_DRY_RUN_SUPPORT/quant_summary.json,artifacts/phases/P37_200_PLUS_DRY_RUN_SUPPORT/no_runtime_created_proof.json,artifacts/goal_loop_strict/P37_200_PLUS_DRY_RUN_SUPPORT/REVIEW.md,PENDING_STAGE_COMMIT
250.dry_run.artifact_schema_projection_dry_run,250,250,dry_run,artifact_schema_projection_dry_run,P37_200_PLUS_DRY_RUN_SUPPORT,True,dry_run,DRY_RUN_PASS,P37 target 250 completed dry-run-only artifact_schema_projection_dry_run with no runtime resources created.,artifacts/phases/P37_200_PLUS_DRY_RUN_SUPPORT/generated_configs/scale_250_dry_run.yaml,artifacts/phases/P37_200_PLUS_DRY_RUN_SUPPORT/no_runtime_created_proof.json;artifacts/phases/P37_200_PLUS_DRY_RUN_SUPPORT/artifact_schema_projection_250.json,artifacts/phases/P37_200_PLUS_DRY_RUN_SUPPORT/quant_summary.json,artifacts/phases/P37_200_PLUS_DRY_RUN_SUPPORT/no_runtime_created_proof.json,artifacts/goal_loop_strict/P37_200_PLUS_DRY_RUN_SUPPORT/REVIEW.md,PENDING_STAGE_COMMIT
250.dry_run.config_validate_dry_run,250,250,dry_run,config_validate_dry_run,P37_200_PLUS_DRY_RUN_SUPPORT,True,dry_run,DRY_RUN_PASS,P37 target 250 completed dry-run-only config_validate_dry_run with no runtime resources created.,artifacts/phases/P37_200_PLUS_DRY_RUN_SUPPORT/generated_configs/scale_250_dry_run.yaml,artifacts/phases/P37_200_PLUS_DRY_RUN_SUPPORT/no_runtime_created_proof.json;artifacts/phases/P37_200_PLUS_DRY_RUN_SUPPORT/config_validation_250.json,artifacts/phases/P37_200_PLUS_DRY_RUN_SUPPORT/quant_summary.json,artifacts/phases/P37_200_PLUS_DRY_RUN_SUPPORT/no_runtime_created_proof.json,artifacts/goal_loop_strict/P37_200_PLUS_DRY_RUN_SUPPORT/REVIEW.md,PENDING_STAGE_COMMIT
250.dry_run.no_runtime_created_proof,250,250,dry_run,no_runtime_created_proof,P37_200_PLUS_DRY_RUN_SUPPORT,True,dry_run,DRY_RUN_PASS,P37 target 250 completed dry-run-only no_runtime_created_proof with no runtime resources created.,artifacts/phases/P37_200_PLUS_DRY_RUN_SUPPORT/generated_configs/scale_250_dry_run.yaml,artifacts/phases/P37_200_PLUS_DRY_RUN_SUPPORT/no_runtime_created_proof.json;artifacts/phases/P37_200_PLUS_DRY_RUN_SUPPORT/no_runtime_created_proof_250.json,artifacts/phases/P37_200_PLUS_DRY_RUN_SUPPORT/quant_summary.json,artifacts/phases/P37_200_PLUS_DRY_RUN_SUPPORT/no_runtime_created_proof.json,artifacts/goal_loop_strict/P37_200_PLUS_DRY_RUN_SUPPORT/REVIEW.md,PENDING_STAGE_COMMIT
250.dry_run.placement_schedule_dry_run,250,250,dry_run,placement_schedule_dry_run,P37_200_PLUS_DRY_RUN_SUPPORT,True,dry_run,DRY_RUN_PASS,P37 target 250 completed dry-run-only placement_schedule_dry_run with no runtime resources created.,artifacts/phases/P37_200_PLUS_DRY_RUN_SUPPORT/generated_configs/scale_250_dry_run.yaml,artifacts/phases/P37_200_PLUS_DRY_RUN_SUPPORT/no_runtime_created_proof.json;artifacts/phases/P37_200_PLUS_DRY_RUN_SUPPORT/placement_schedule_250.json,artifacts/phases/P37_200_PLUS_DRY_RUN_SUPPORT/quant_summary.json,artifacts/phases/P37_200_PLUS_DRY_RUN_SUPPORT/no_runtime_created_proof.json,artifacts/goal_loop_strict/P37_200_PLUS_DRY_RUN_SUPPORT/REVIEW.md,PENDING_STAGE_COMMIT
250.dry_run.plan_cluster_dry_run,250,250,dry_run,plan_cluster_dry_run,P37_200_PLUS_DRY_RUN_SUPPORT,True,dry_run,DRY_RUN_PASS,P37 target 250 completed dry-run-only plan_cluster_dry_run with no runtime resources created.,artifacts/phases/P37_200_PLUS_DRY_RUN_SUPPORT/generated_configs/scale_250_dry_run.yaml,artifacts/phases/P37_200_PLUS_DRY_RUN_SUPPORT/no_runtime_created_proof.json;artifacts/phases/P37_200_PLUS_DRY_RUN_SUPPORT/dry_run_plan_250.json,artifacts/phases/P37_200_PLUS_DRY_RUN_SUPPORT/quant_summary.json,artifacts/phases/P37_200_PLUS_DRY_RUN_SUPPORT/no_runtime_created_proof.json,artifacts/goal_loop_strict/P37_200_PLUS_DRY_RUN_SUPPORT/REVIEW.md,PENDING_STAGE_COMMIT
250.dry_run.port_directory_collision_check_dry_run,250,250,dry_run,port_directory_collision_check_dry_run,P37_200_PLUS_DRY_RUN_SUPPORT,True,dry_run,DRY_RUN_PASS,P37 target 250 completed dry-run-only port_directory_collision_check_dry_run with no runtime resources created.,artifacts/phases/P37_200_PLUS_DRY_RUN_SUPPORT/generated_configs/scale_250_dry_run.yaml,artifacts/phases/P37_200_PLUS_DRY_RUN_SUPPORT/no_runtime_created_proof.json;artifacts/phases/P37_200_PLUS_DRY_RUN_SUPPORT/collision_check_250.json,artifacts/phases/P37_200_PLUS_DRY_RUN_SUPPORT/quant_summary.json,artifacts/phases/P37_200_PLUS_DRY_RUN_SUPPORT/no_runtime_created_proof.json,artifacts/goal_loop_strict/P37_200_PLUS_DRY_RUN_SUPPORT/REVIEW.md,PENDING_STAGE_COMMIT
250.dry_run.report_projection_dry_run,250,250,dry_run,report_projection_dry_run,P37_200_PLUS_DRY_RUN_SUPPORT,True,dry_run,DRY_RUN_PASS,P37 target 250 completed dry-run-only report_projection_dry_run with no runtime resources created.,artifacts/phases/P37_200_PLUS_DRY_RUN_SUPPORT/generated_configs/scale_250_dry_run.yaml,artifacts/phases/P37_200_PLUS_DRY_RUN_SUPPORT/no_runtime_created_proof.json;artifacts/phases/P37_200_PLUS_DRY_RUN_SUPPORT/report_projection_250.json,artifacts/phases/P37_200_PLUS_DRY_RUN_SUPPORT/quant_summary.json,artifacts/phases/P37_200_PLUS_DRY_RUN_SUPPORT/no_runtime_created_proof.json,artifacts/goal_loop_strict/P37_200_PLUS_DRY_RUN_SUPPORT/REVIEW.md,PENDING_STAGE_COMMIT
250.dry_run.resource_preflight_dry_run,250,250,dry_run,resource_preflight_dry_run,P37_200_PLUS_DRY_RUN_SUPPORT,True,dry_run,DRY_RUN_PASS,P37 target 250 completed dry-run-only resource_preflight_dry_run with no runtime resources created.,artifacts/phases/P37_200_PLUS_DRY_RUN_SUPPORT/generated_configs/scale_250_dry_run.yaml,artifacts/phases/P37_200_PLUS_DRY_RUN_SUPPORT/no_runtime_created_proof.json;artifacts/phases/P37_200_PLUS_DRY_RUN_SUPPORT/resource_estimate_250.json,artifacts/phases/P37_200_PLUS_DRY_RUN_SUPPORT/quant_summary.json,artifacts/phases/P37_200_PLUS_DRY_RUN_SUPPORT/no_runtime_created_proof.json,artifacts/goal_loop_strict/P37_200_PLUS_DRY_RUN_SUPPORT/REVIEW.md,PENDING_STAGE_COMMIT
300.dry_run.artifact_schema_projection_dry_run,300,300,dry_run,artifact_schema_projection_dry_run,P37_200_PLUS_DRY_RUN_SUPPORT,True,dry_run,DRY_RUN_PASS,P37 target 300 completed dry-run-only artifact_schema_projection_dry_run with no runtime resources created.,artifacts/phases/P37_200_PLUS_DRY_RUN_SUPPORT/generated_configs/scale_300_dry_run.yaml,artifacts/phases/P37_200_PLUS_DRY_RUN_SUPPORT/no_runtime_created_proof.json;artifacts/phases/P37_200_PLUS_DRY_RUN_SUPPORT/artifact_schema_projection_300.json,artifacts/phases/P37_200_PLUS_DRY_RUN_SUPPORT/quant_summary.json,artifacts/phases/P37_200_PLUS_DRY_RUN_SUPPORT/no_runtime_created_proof.json,artifacts/goal_loop_strict/P37_200_PLUS_DRY_RUN_SUPPORT/REVIEW.md,PENDING_STAGE_COMMIT
300.dry_run.config_validate_dry_run,300,300,dry_run,config_validate_dry_run,P37_200_PLUS_DRY_RUN_SUPPORT,True,dry_run,DRY_RUN_PASS,P37 target 300 completed dry-run-only config_validate_dry_run with no runtime resources created.,artifacts/phases/P37_200_PLUS_DRY_RUN_SUPPORT/generated_configs/scale_300_dry_run.yaml,artifacts/phases/P37_200_PLUS_DRY_RUN_SUPPORT/no_runtime_created_proof.json;artifacts/phases/P37_200_PLUS_DRY_RUN_SUPPORT/config_validation_300.json,artifacts/phases/P37_200_PLUS_DRY_RUN_SUPPORT/quant_summary.json,artifacts/phases/P37_200_PLUS_DRY_RUN_SUPPORT/no_runtime_created_proof.json,artifacts/goal_loop_strict/P37_200_PLUS_DRY_RUN_SUPPORT/REVIEW.md,PENDING_STAGE_COMMIT
300.dry_run.no_runtime_created_proof,300,300,dry_run,no_runtime_created_proof,P37_200_PLUS_DRY_RUN_SUPPORT,True,dry_run,DRY_RUN_PASS,P37 target 300 completed dry-run-only no_runtime_created_proof with no runtime resources created.,artifacts/phases/P37_200_PLUS_DRY_RUN_SUPPORT/generated_configs/scale_300_dry_run.yaml,artifacts/phases/P37_200_PLUS_DRY_RUN_SUPPORT/no_runtime_created_proof.json;artifacts/phases/P37_200_PLUS_DRY_RUN_SUPPORT/no_runtime_created_proof_300.json,artifacts/phases/P37_200_PLUS_DRY_RUN_SUPPORT/quant_summary.json,artifacts/phases/P37_200_PLUS_DRY_RUN_SUPPORT/no_runtime_created_proof.json,artifacts/goal_loop_strict/P37_200_PLUS_DRY_RUN_SUPPORT/REVIEW.md,PENDING_STAGE_COMMIT
300.dry_run.placement_schedule_dry_run,300,300,dry_run,placement_schedule_dry_run,P37_200_PLUS_DRY_RUN_SUPPORT,True,dry_run,DRY_RUN_PASS,P37 target 300 completed dry-run-only placement_schedule_dry_run with no runtime resources created.,artifacts/phases/P37_200_PLUS_DRY_RUN_SUPPORT/generated_configs/scale_300_dry_run.yaml,artifacts/phases/P37_200_PLUS_DRY_RUN_SUPPORT/no_runtime_created_proof.json;artifacts/phases/P37_200_PLUS_DRY_RUN_SUPPORT/placement_schedule_300.json,artifacts/phases/P37_200_PLUS_DRY_RUN_SUPPORT/quant_summary.json,artifacts/phases/P37_200_PLUS_DRY_RUN_SUPPORT/no_runtime_created_proof.json,artifacts/goal_loop_strict/P37_200_PLUS_DRY_RUN_SUPPORT/REVIEW.md,PENDING_STAGE_COMMIT
300.dry_run.plan_cluster_dry_run,300,300,dry_run,plan_cluster_dry_run,P37_200_PLUS_DRY_RUN_SUPPORT,True,dry_run,DRY_RUN_PASS,P37 target 300 completed dry-run-only plan_cluster_dry_run with no runtime resources created.,artifacts/phases/P37_200_PLUS_DRY_RUN_SUPPORT/generated_configs/scale_300_dry_run.yaml,artifacts/phases/P37_200_PLUS_DRY_RUN_SUPPORT/no_runtime_created_proof.json;artifacts/phases/P37_200_PLUS_DRY_RUN_SUPPORT/dry_run_plan_300.json,artifacts/phases/P37_200_PLUS_DRY_RUN_SUPPORT/quant_summary.json,artifacts/phases/P37_200_PLUS_DRY_RUN_SUPPORT/no_runtime_created_proof.json,artifacts/goal_loop_strict/P37_200_PLUS_DRY_RUN_SUPPORT/REVIEW.md,PENDING_STAGE_COMMIT
300.dry_run.port_directory_collision_check_dry_run,300,300,dry_run,port_directory_collision_check_dry_run,P37_200_PLUS_DRY_RUN_SUPPORT,True,dry_run,DRY_RUN_PASS,P37 target 300 completed dry-run-only port_directory_collision_check_dry_run with no runtime resources created.,artifacts/phases/P37_200_PLUS_DRY_RUN_SUPPORT/generated_configs/scale_300_dry_run.yaml,artifacts/phases/P37_200_PLUS_DRY_RUN_SUPPORT/no_runtime_created_proof.json;artifacts/phases/P37_200_PLUS_DRY_RUN_SUPPORT/collision_check_300.json,artifacts/phases/P37_200_PLUS_DRY_RUN_SUPPORT/quant_summary.json,artifacts/phases/P37_200_PLUS_DRY_RUN_SUPPORT/no_runtime_created_proof.json,artifacts/goal_loop_strict/P37_200_PLUS_DRY_RUN_SUPPORT/REVIEW.md,PENDING_STAGE_COMMIT
300.dry_run.report_projection_dry_run,300,300,dry_run,report_projection_dry_run,P37_200_PLUS_DRY_RUN_SUPPORT,True,dry_run,DRY_RUN_PASS,P37 target 300 completed dry-run-only report_projection_dry_run with no runtime resources created.,artifacts/phases/P37_200_PLUS_DRY_RUN_SUPPORT/generated_configs/scale_300_dry_run.yaml,artifacts/phases/P37_200_PLUS_DRY_RUN_SUPPORT/no_runtime_created_proof.json;artifacts/phases/P37_200_PLUS_DRY_RUN_SUPPORT/report_projection_300.json,artifacts/phases/P37_200_PLUS_DRY_RUN_SUPPORT/quant_summary.json,artifacts/phases/P37_200_PLUS_DRY_RUN_SUPPORT/no_runtime_created_proof.json,artifacts/goal_loop_strict/P37_200_PLUS_DRY_RUN_SUPPORT/REVIEW.md,PENDING_STAGE_COMMIT
300.dry_run.resource_preflight_dry_run,300,300,dry_run,resource_preflight_dry_run,P37_200_PLUS_DRY_RUN_SUPPORT,True,dry_run,DRY_RUN_PASS,P37 target 300 completed dry-run-only resource_preflight_dry_run with no runtime resources created.,artifacts/phases/P37_200_PLUS_DRY_RUN_SUPPORT/generated_configs/scale_300_dry_run.yaml,artifacts/phases/P37_200_PLUS_DRY_RUN_SUPPORT/no_runtime_created_proof.json;artifacts/phases/P37_200_PLUS_DRY_RUN_SUPPORT/resource_estimate_300.json,artifacts/phases/P37_200_PLUS_DRY_RUN_SUPPORT/quant_summary.json,artifacts/phases/P37_200_PLUS_DRY_RUN_SUPPORT/no_runtime_created_proof.json,artifacts/goal_loop_strict/P37_200_PLUS_DRY_RUN_SUPPORT/REVIEW.md,PENDING_STAGE_COMMIT
500.dry_run.artifact_schema_projection_dry_run,500,500,dry_run,artifact_schema_projection_dry_run,P37_200_PLUS_DRY_RUN_SUPPORT,True,dry_run,DRY_RUN_PASS,P37 target 500 completed dry-run-only artifact_schema_projection_dry_run with no runtime resources created.,artifacts/phases/P37_200_PLUS_DRY_RUN_SUPPORT/generated_configs/scale_500_dry_run.yaml,artifacts/phases/P37_200_PLUS_DRY_RUN_SUPPORT/no_runtime_created_proof.json;artifacts/phases/P37_200_PLUS_DRY_RUN_SUPPORT/artifact_schema_projection_500.json,artifacts/phases/P37_200_PLUS_DRY_RUN_SUPPORT/quant_summary.json,artifacts/phases/P37_200_PLUS_DRY_RUN_SUPPORT/no_runtime_created_proof.json,artifacts/goal_loop_strict/P37_200_PLUS_DRY_RUN_SUPPORT/REVIEW.md,PENDING_STAGE_COMMIT
500.dry_run.config_validate_dry_run,500,500,dry_run,config_validate_dry_run,P37_200_PLUS_DRY_RUN_SUPPORT,True,dry_run,DRY_RUN_PASS,P37 target 500 completed dry-run-only config_validate_dry_run with no runtime resources created.,artifacts/phases/P37_200_PLUS_DRY_RUN_SUPPORT/generated_configs/scale_500_dry_run.yaml,artifacts/phases/P37_200_PLUS_DRY_RUN_SUPPORT/no_runtime_created_proof.json;artifacts/phases/P37_200_PLUS_DRY_RUN_SUPPORT/config_validation_500.json,artifacts/phases/P37_200_PLUS_DRY_RUN_SUPPORT/quant_summary.json,artifacts/phases/P37_200_PLUS_DRY_RUN_SUPPORT/no_runtime_created_proof.json,artifacts/goal_loop_strict/P37_200_PLUS_DRY_RUN_SUPPORT/REVIEW.md,PENDING_STAGE_COMMIT
500.dry_run.no_runtime_created_proof,500,500,dry_run,no_runtime_created_proof,P37_200_PLUS_DRY_RUN_SUPPORT,True,dry_run,DRY_RUN_PASS,P37 target 500 completed dry-run-only no_runtime_created_proof with no runtime resources created.,artifacts/phases/P37_200_PLUS_DRY_RUN_SUPPORT/generated_configs/scale_500_dry_run.yaml,artifacts/phases/P37_200_PLUS_DRY_RUN_SUPPORT/no_runtime_created_proof.json;artifacts/phases/P37_200_PLUS_DRY_RUN_SUPPORT/no_runtime_created_proof_500.json,artifacts/phases/P37_200_PLUS_DRY_RUN_SUPPORT/quant_summary.json,artifacts/phases/P37_200_PLUS_DRY_RUN_SUPPORT/no_runtime_created_proof.json,artifacts/goal_loop_strict/P37_200_PLUS_DRY_RUN_SUPPORT/REVIEW.md,PENDING_STAGE_COMMIT
500.dry_run.placement_schedule_dry_run,500,500,dry_run,placement_schedule_dry_run,P37_200_PLUS_DRY_RUN_SUPPORT,True,dry_run,DRY_RUN_PASS,P37 target 500 completed dry-run-only placement_schedule_dry_run with no runtime resources created.,artifacts/phases/P37_200_PLUS_DRY_RUN_SUPPORT/generated_configs/scale_500_dry_run.yaml,artifacts/phases/P37_200_PLUS_DRY_RUN_SUPPORT/no_runtime_created_proof.json;artifacts/phases/P37_200_PLUS_DRY_RUN_SUPPORT/placement_schedule_500.json,artifacts/phases/P37_200_PLUS_DRY_RUN_SUPPORT/quant_summary.json,artifacts/phases/P37_200_PLUS_DRY_RUN_SUPPORT/no_runtime_created_proof.json,artifacts/goal_loop_strict/P37_200_PLUS_DRY_RUN_SUPPORT/REVIEW.md,PENDING_STAGE_COMMIT
500.dry_run.plan_cluster_dry_run,500,500,dry_run,plan_cluster_dry_run,P37_200_PLUS_DRY_RUN_SUPPORT,True,dry_run,DRY_RUN_PASS,P37 target 500 completed dry-run-only plan_cluster_dry_run with no runtime resources created.,artifacts/phases/P37_200_PLUS_DRY_RUN_SUPPORT/generated_configs/scale_500_dry_run.yaml,artifacts/phases/P37_200_PLUS_DRY_RUN_SUPPORT/no_runtime_created_proof.json;artifacts/phases/P37_200_PLUS_DRY_RUN_SUPPORT/dry_run_plan_500.json,artifacts/phases/P37_200_PLUS_DRY_RUN_SUPPORT/quant_summary.json,artifacts/phases/P37_200_PLUS_DRY_RUN_SUPPORT/no_runtime_created_proof.json,artifacts/goal_loop_strict/P37_200_PLUS_DRY_RUN_SUPPORT/REVIEW.md,PENDING_STAGE_COMMIT
500.dry_run.port_directory_collision_check_dry_run,500,500,dry_run,port_directory_collision_check_dry_run,P37_200_PLUS_DRY_RUN_SUPPORT,True,dry_run,DRY_RUN_PASS,P37 target 500 completed dry-run-only port_directory_collision_check_dry_run with no runtime resources created.,artifacts/phases/P37_200_PLUS_DRY_RUN_SUPPORT/generated_configs/scale_500_dry_run.yaml,artifacts/phases/P37_200_PLUS_DRY_RUN_SUPPORT/no_runtime_created_proof.json;artifacts/phases/P37_200_PLUS_DRY_RUN_SUPPORT/collision_check_500.json,artifacts/phases/P37_200_PLUS_DRY_RUN_SUPPORT/quant_summary.json,artifacts/phases/P37_200_PLUS_DRY_RUN_SUPPORT/no_runtime_created_proof.json,artifacts/goal_loop_strict/P37_200_PLUS_DRY_RUN_SUPPORT/REVIEW.md,PENDING_STAGE_COMMIT
500.dry_run.report_projection_dry_run,500,500,dry_run,report_projection_dry_run,P37_200_PLUS_DRY_RUN_SUPPORT,True,dry_run,DRY_RUN_PASS,P37 target 500 completed dry-run-only report_projection_dry_run with no runtime resources created.,artifacts/phases/P37_200_PLUS_DRY_RUN_SUPPORT/generated_configs/scale_500_dry_run.yaml,artifacts/phases/P37_200_PLUS_DRY_RUN_SUPPORT/no_runtime_created_proof.json;artifacts/phases/P37_200_PLUS_DRY_RUN_SUPPORT/report_projection_500.json,artifacts/phases/P37_200_PLUS_DRY_RUN_SUPPORT/quant_summary.json,artifacts/phases/P37_200_PLUS_DRY_RUN_SUPPORT/no_runtime_created_proof.json,artifacts/goal_loop_strict/P37_200_PLUS_DRY_RUN_SUPPORT/REVIEW.md,PENDING_STAGE_COMMIT
500.dry_run.resource_preflight_dry_run,500,500,dry_run,resource_preflight_dry_run,P37_200_PLUS_DRY_RUN_SUPPORT,True,dry_run,DRY_RUN_PASS,P37 target 500 completed dry-run-only resource_preflight_dry_run with no runtime resources created.,artifacts/phases/P37_200_PLUS_DRY_RUN_SUPPORT/generated_configs/scale_500_dry_run.yaml,artifacts/phases/P37_200_PLUS_DRY_RUN_SUPPORT/no_runtime_created_proof.json;artifacts/phases/P37_200_PLUS_DRY_RUN_SUPPORT/resource_estimate_500.json,artifacts/phases/P37_200_PLUS_DRY_RUN_SUPPORT/quant_summary.json,artifacts/phases/P37_200_PLUS_DRY_RUN_SUPPORT/no_runtime_created_proof.json,artifacts/goal_loop_strict/P37_200_PLUS_DRY_RUN_SUPPORT/REVIEW.md,PENDING_STAGE_COMMIT
1000.dry_run.artifact_schema_projection_dry_run,1000,1000,dry_run,artifact_schema_projection_dry_run,P37_200_PLUS_DRY_RUN_SUPPORT,True,dry_run,DRY_RUN_PASS,P37 target 1000 completed dry-run-only artifact_schema_projection_dry_run with no runtime resources created.,artifacts/phases/P37_200_PLUS_DRY_RUN_SUPPORT/generated_configs/scale_1000_dry_run.yaml,artifacts/phases/P37_200_PLUS_DRY_RUN_SUPPORT/no_runtime_created_proof.json;artifacts/phases/P37_200_PLUS_DRY_RUN_SUPPORT/artifact_schema_projection_1000.json,artifacts/phases/P37_200_PLUS_DRY_RUN_SUPPORT/quant_summary.json,artifacts/phases/P37_200_PLUS_DRY_RUN_SUPPORT/no_runtime_created_proof.json,artifacts/goal_loop_strict/P37_200_PLUS_DRY_RUN_SUPPORT/REVIEW.md,PENDING_STAGE_COMMIT
1000.dry_run.config_validate_dry_run,1000,1000,dry_run,config_validate_dry_run,P37_200_PLUS_DRY_RUN_SUPPORT,True,dry_run,DRY_RUN_PASS,P37 target 1000 completed dry-run-only config_validate_dry_run with no runtime resources created.,artifacts/phases/P37_200_PLUS_DRY_RUN_SUPPORT/generated_configs/scale_1000_dry_run.yaml,artifacts/phases/P37_200_PLUS_DRY_RUN_SUPPORT/no_runtime_created_proof.json;artifacts/phases/P37_200_PLUS_DRY_RUN_SUPPORT/config_validation_1000.json,artifacts/phases/P37_200_PLUS_DRY_RUN_SUPPORT/quant_summary.json,artifacts/phases/P37_200_PLUS_DRY_RUN_SUPPORT/no_runtime_created_proof.json,artifacts/goal_loop_strict/P37_200_PLUS_DRY_RUN_SUPPORT/REVIEW.md,PENDING_STAGE_COMMIT
1000.dry_run.no_runtime_created_proof,1000,1000,dry_run,no_runtime_created_proof,P37_200_PLUS_DRY_RUN_SUPPORT,True,dry_run,DRY_RUN_PASS,P37 target 1000 completed dry-run-only no_runtime_created_proof with no runtime resources created.,artifacts/phases/P37_200_PLUS_DRY_RUN_SUPPORT/generated_configs/scale_1000_dry_run.yaml,artifacts/phases/P37_200_PLUS_DRY_RUN_SUPPORT/no_runtime_created_proof.json;artifacts/phases/P37_200_PLUS_DRY_RUN_SUPPORT/no_runtime_created_proof_1000.json,artifacts/phases/P37_200_PLUS_DRY_RUN_SUPPORT/quant_summary.json,artifacts/phases/P37_200_PLUS_DRY_RUN_SUPPORT/no_runtime_created_proof.json,artifacts/goal_loop_strict/P37_200_PLUS_DRY_RUN_SUPPORT/REVIEW.md,PENDING_STAGE_COMMIT
1000.dry_run.placement_schedule_dry_run,1000,1000,dry_run,placement_schedule_dry_run,P37_200_PLUS_DRY_RUN_SUPPORT,True,dry_run,DRY_RUN_PASS,P37 target 1000 completed dry-run-only placement_schedule_dry_run with no runtime resources created.,artifacts/phases/P37_200_PLUS_DRY_RUN_SUPPORT/generated_configs/scale_1000_dry_run.yaml,artifacts/phases/P37_200_PLUS_DRY_RUN_SUPPORT/no_runtime_created_proof.json;artifacts/phases/P37_200_PLUS_DRY_RUN_SUPPORT/placement_schedule_1000.json,artifacts/phases/P37_200_PLUS_DRY_RUN_SUPPORT/quant_summary.json,artifacts/phases/P37_200_PLUS_DRY_RUN_SUPPORT/no_runtime_created_proof.json,artifacts/goal_loop_strict/P37_200_PLUS_DRY_RUN_SUPPORT/REVIEW.md,PENDING_STAGE_COMMIT
1000.dry_run.plan_cluster_dry_run,1000,1000,dry_run,plan_cluster_dry_run,P37_200_PLUS_DRY_RUN_SUPPORT,True,dry_run,DRY_RUN_PASS,P37 target 1000 completed dry-run-only plan_cluster_dry_run with no runtime resources created.,artifacts/phases/P37_200_PLUS_DRY_RUN_SUPPORT/generated_configs/scale_1000_dry_run.yaml,artifacts/phases/P37_200_PLUS_DRY_RUN_SUPPORT/no_runtime_created_proof.json;artifacts/phases/P37_200_PLUS_DRY_RUN_SUPPORT/dry_run_plan_1000.json,artifacts/phases/P37_200_PLUS_DRY_RUN_SUPPORT/quant_summary.json,artifacts/phases/P37_200_PLUS_DRY_RUN_SUPPORT/no_runtime_created_proof.json,artifacts/goal_loop_strict/P37_200_PLUS_DRY_RUN_SUPPORT/REVIEW.md,PENDING_STAGE_COMMIT
1000.dry_run.port_directory_collision_check_dry_run,1000,1000,dry_run,port_directory_collision_check_dry_run,P37_200_PLUS_DRY_RUN_SUPPORT,True,dry_run,DRY_RUN_PASS,P37 target 1000 completed dry-run-only port_directory_collision_check_dry_run with no runtime resources created.,artifacts/phases/P37_200_PLUS_DRY_RUN_SUPPORT/generated_configs/scale_1000_dry_run.yaml,artifacts/phases/P37_200_PLUS_DRY_RUN_SUPPORT/no_runtime_created_proof.json;artifacts/phases/P37_200_PLUS_DRY_RUN_SUPPORT/collision_check_1000.json,artifacts/phases/P37_200_PLUS_DRY_RUN_SUPPORT/quant_summary.json,artifacts/phases/P37_200_PLUS_DRY_RUN_SUPPORT/no_runtime_created_proof.json,artifacts/goal_loop_strict/P37_200_PLUS_DRY_RUN_SUPPORT/REVIEW.md,PENDING_STAGE_COMMIT
1000.dry_run.report_projection_dry_run,1000,1000,dry_run,report_projection_dry_run,P37_200_PLUS_DRY_RUN_SUPPORT,True,dry_run,DRY_RUN_PASS,P37 target 1000 completed dry-run-only report_projection_dry_run with no runtime resources created.,artifacts/phases/P37_200_PLUS_DRY_RUN_SUPPORT/generated_configs/scale_1000_dry_run.yaml,artifacts/phases/P37_200_PLUS_DRY_RUN_SUPPORT/no_runtime_created_proof.json;artifacts/phases/P37_200_PLUS_DRY_RUN_SUPPORT/report_projection_1000.json,artifacts/phases/P37_200_PLUS_DRY_RUN_SUPPORT/quant_summary.json,artifacts/phases/P37_200_PLUS_DRY_RUN_SUPPORT/no_runtime_created_proof.json,artifacts/goal_loop_strict/P37_200_PLUS_DRY_RUN_SUPPORT/REVIEW.md,PENDING_STAGE_COMMIT
1000.dry_run.resource_preflight_dry_run,1000,1000,dry_run,resource_preflight_dry_run,P37_200_PLUS_DRY_RUN_SUPPORT,True,dry_run,DRY_RUN_PASS,P37 target 1000 completed dry-run-only resource_preflight_dry_run with no runtime resources created.,artifacts/phases/P37_200_PLUS_DRY_RUN_SUPPORT/generated_configs/scale_1000_dry_run.yaml,artifacts/phases/P37_200_PLUS_DRY_RUN_SUPPORT/no_runtime_created_proof.json;artifacts/phases/P37_200_PLUS_DRY_RUN_SUPPORT/resource_estimate_1000.json,artifacts/phases/P37_200_PLUS_DRY_RUN_SUPPORT/quant_summary.json,artifacts/phases/P37_200_PLUS_DRY_RUN_SUPPORT/no_runtime_created_proof.json,artifacts/goal_loop_strict/P37_200_PLUS_DRY_RUN_SUPPORT/REVIEW.md,PENDING_STAGE_COMMIT
